datetime,temperature
2024-01-01 00:00:00,-6.9511414
2024-01-01 01:00:00,-6.9667664
2024-01-01 02:00:00,-6.91098
2024-01-01 03:00:00,-6.8753967
2024-01-01 04:00:00,-6.835968
2024-01-01 05:00:00,-6.7767944
2024-01-01 06:00:00,-6.7359924
2024-01-01 07:00:00,-6.7708435
2024-01-01 08:00:00,-6.8484497
2024-01-01 09:00:00,-6.896393
2024-01-01 10:00:00,-7.464447
2024-01-01 11:00:00,-7.342041
2024-01-01 12:00:00,-7.1539
2024-01-01 13:00:00,-7.053589
2024-01-01 14:00:00,-7.042389
2024-01-01 15:00:00,-7.110016
2024-01-01 16:00:00,-7.2950134
2024-01-01 17:00:00,-7.566284
2024-01-01 18:00:00,-7.83255
2024-01-01 19:00:00,-8.007416
2024-01-01 20:00:00,-8.145172
2024-01-01 21:00:00,-8.257172
2024-01-01 22:00:00,-8.233734
2024-01-01 23:00:00,-8.455231
2024-01-02 00:00:00,-8.698761
2024-01-02 01:00:00,-8.893951
2024-01-02 02:00:00,-9.074188
2024-01-02 03:00:00,-9.198639
2024-01-02 04:00:00,-9.263519
2024-01-02 05:00:00,-9.254456
2024-01-02 06:00:00,-9.224701
2024-01-02 07:00:00,-9.249664
2024-01-02 08:00:00,-9.306885
2024-01-02 09:00:00,-9.481079
2024-01-02 10:00:00,-10.308746
2024-01-02 11:00:00,-10.141449
2024-01-02 12:00:00,-10.135834
2024-01-02 13:00:00,-10.148529
2024-01-02 14:00:00,-10.114258
2024-01-02 15:00:00,-10.079437
2024-01-02 16:00:00,-10.150238
2024-01-02 17:00:00,-10.250214
2024-01-02 18:00:00,-10.383942
2024-01-02 19:00:00,-10.487518
2024-01-02 20:00:00,-10.523956
2024-01-02 21:00:00,-10.531097
2024-01-02 22:00:00,-10.423737
2024-01-02 23:00:00,-10.402374
2024-01-03 00:00:00,-10.494598
2024-01-03 01:00:00,-10.62442
2024-01-03 02:00:00,-10.706604
2024-01-03 03:00:00,-10.77298
2024-01-03 04:00:00,-10.808075
2024-01-03 05:00:00,-10.805725
2024-01-03 06:00:00,-10.808289
2024-01-03 07:00:00,-10.821045
2024-01-03 08:00:00,-10.856903
2024-01-03 09:00:00,-10.937164
2024-01-03 10:00:00,-11.518951
2024-01-03 11:00:00,-11.3489685
2024-01-03 12:00:00,-11.279144
2024-01-03 13:00:00,-11.2308655
2024-01-03 14:00:00,-11.210907
2024-01-03 15:00:00,-11.117737
2024-01-03 16:00:00,-11.000275
2024-01-03 17:00:00,-10.861908
2024-01-03 18:00:00,-10.71286
2024-01-03 19:00:00,-10.509674
2024-01-03 20:00:00,-10.292938
2024-01-03 21:00:00,-10.079132
2024-01-03 22:00:00,-10.188019
2024-01-03 23:00:00,-10.059479
2024-01-04 00:00:00,-9.962158
2024-01-04 01:00:00,-9.860474
2024-01-04 02:00:00,-9.796356
2024-01-04 03:00:00,-9.735168
2024-01-04 04:00:00,-9.6866455
2024-01-04 05:00:00,-9.643646
2024-01-04 06:00:00,-9.618439
2024-01-04 07:00:00,-9.655853
2024-01-04 08:00:00,-9.751984
2024-01-04 09:00:00,-9.860535
2024-01-04 10:00:00,-10.888763
2024-01-04 11:00:00,-10.741638
2024-01-04 12:00:00,-10.777679
2024-01-04 13:00:00,-10.908173
2024-01-04 14:00:00,-11.016663
2024-01-04 15:00:00,-11.129761
2024-01-04 16:00:00,-11.234161
2024-01-04 17:00:00,-11.307465
2024-01-04 18:00:00,-11.286804
2024-01-04 19:00:00,-11.222626
2024-01-04 20:00:00,-11.161377
2024-01-04 21:00:00,-11.120361
2024-01-04 22:00:00,-10.488892
2024-01-04 23:00:00,-10.532959
2024-01-05 00:00:00,-10.550171
2024-01-05 01:00:00,-10.565979
2024-01-05 02:00:00,-10.508057
2024-01-05 03:00:00,-10.494415
2024-01-05 04:00:00,-10.546936
2024-01-05 05:00:00,-10.678009
2024-01-05 06:00:00,-10.842316
2024-01-05 07:00:00,-11.0052185
2024-01-05 08:00:00,-11.2146
2024-01-05 09:00:00,-11.423676
2024-01-05 10:00:00,-11.803467
2024-01-05 11:00:00,-11.917145
2024-01-05 12:00:00,-11.983124
2024-01-05 13:00:00,-12.045258
2024-01-05 14:00:00,-12.115753
2024-01-05 15:00:00,-12.1579895
2024-01-05 16:00:00,-12.085236
2024-01-05 17:00:00,-11.983429
2024-01-05 18:00:00,-11.817078
2024-01-05 19:00:00,-11.650024
2024-01-05 20:00:00,-11.46228
2024-01-05 21:00:00,-11.291107
2024-01-05 22:00:00,-10.972931
2024-01-05 23:00:00,-10.801422
2024-01-06 00:00:00,-10.610046
2024-01-06 01:00:00,-10.425446
2024-01-06 02:00:00,-10.248016
2024-01-06 03:00:00,-10.079224
2024-01-06 04:00:00,-9.878082
2024-01-06 05:00:00,-9.746307
2024-01-06 06:00:00,-9.6492
2024-01-06 07:00:00,-9.538513
2024-01-06 08:00:00,-9.445587
2024-01-06 09:00:00,-9.377869
2024-01-06 10:00:00,-9.813385
2024-01-06 11:00:00,-9.716034
2024-01-06 12:00:00,-9.61319
2024-01-06 13:00:00,-9.58548
2024-01-06 14:00:00,-9.639069
2024-01-06 15:00:00,-9.820984
2024-01-06 16:00:00,-10.07663
2024-01-06 17:00:00,-10.260193
2024-01-06 18:00:00,-10.320709
2024-01-06 19:00:00,-10.1736145
2024-01-06 20:00:00,-9.850281
2024-01-06 21:00:00,-9.395874
2024-01-06 22:00:00,-8.772064
2024-01-06 23:00:00,-8.4670105
2024-01-07 00:00:00,-8.247314
2024-01-07 01:00:00,-8.1319275
2024-01-07 02:00:00,-8.052155
2024-01-07 03:00:00,-8.051361
2024-01-07 04:00:00,-8.064789
2024-01-07 05:00:00,-8.078827
2024-01-07 06:00:00,-8.108459
2024-01-07 07:00:00,-8.161957
2024-01-07 08:00:00,-8.237122
2024-01-07 09:00:00,-8.290588
2024-01-07 10:00:00,-8.158173
2024-01-07 11:00:00,-8.200653
2024-01-07 12:00:00,-8.294159
2024-01-07 13:00:00,-8.36795
2024-01-07 14:00:00,-8.490448
2024-01-07 15:00:00,-8.663757
2024-01-07 16:00:00,-8.874115
2024-01-07 17:00:00,-9.10141
2024-01-07 18:00:00,-9.242828
2024-01-07 19:00:00,-9.378082
2024-01-07 20:00:00,-9.545227
2024-01-07 21:00:00,-9.490753
2024-01-07 22:00:00,-8.141235
2024-01-07 23:00:00,-7.1083374
2024-01-08 00:00:00,-6.4913635
2024-01-08 01:00:00,-5.8117676
2024-01-08 02:00:00,-4.51532
2024-01-08 03:00:00,-3.2773743
2024-01-08 04:00:00,-2.0582275
2024-01-08 05:00:00,-1.3695984
2024-01-08 06:00:00,-0.78897095
2024-01-08 07:00:00,-0.3522339
2024-01-08 08:00:00,-0.17660522
2024-01-08 09:00:00,-0.08935547
2024-01-08 10:00:00,-0.43569946
2024-01-08 11:00:00,-0.74746704
2024-01-08 12:00:00,-1.0340576
2024-01-08 13:00:00,-1.3622742
2024-01-08 14:00:00,-1.6177063
2024-01-08 15:00:00,-1.7458191
2024-01-08 16:00:00,-1.6908264
2024-01-08 17:00:00,-1.6008911
2024-01-08 18:00:00,-1.3840027
2024-01-08 19:00:00,-0.98410034
2024-01-08 20:00:00,-0.5381775
2024-01-08 21:00:00,-0.25482178
2024-01-08 22:00:00,-0.059661865
2024-01-08 23:00:00,-0.021575928
2024-01-09 00:00:00,0.2314148
2024-01-09 01:00:00,0.67666626
2024-01-09 02:00:00,1.0231018
2024-01-09 03:00:00,1.1268005
2024-01-09 04:00:00,1.1482239
2024-01-09 05:00:00,1.1556702
2024-01-09 06:00:00,1.1777039
2024-01-09 07:00:00,1.4188843
2024-01-09 08:00:00,1.7818604
2024-01-09 09:00:00,1.9969788
2024-01-09 10:00:00,2.2988892
2024-01-09 11:00:00,2.4985657
2024-01-09 12:00:00,2.547638
2024-01-09 13:00:00,2.6441956
2024-01-09 14:00:00,2.579132
2024-01-09 15:00:00,2.6511536
2024-01-09 16:00:00,2.8772888
2024-01-09 17:00:00,3.2878113
2024-01-09 18:00:00,3.6608276
2024-01-09 19:00:00,3.5949707
2024-01-09 20:00:00,3.5208435
2024-01-09 21:00:00,3.482666
2024-01-09 22:00:00,3.2824402
2024-01-09 23:00:00,3.6891174
2024-01-10 00:00:00,3.9129028
2024-01-10 01:00:00,3.662262
2024-01-10 02:00:00,3.1156921
2024-01-10 03:00:00,2.6486511
2024-01-10 04:00:00,2.5658875
2024-01-10 05:00:00,2.7333984
2024-01-10 06:00:00,2.8520813
2024-01-10 07:00:00,2.6308289
2024-01-10 08:00:00,2.4431458
2024-01-10 09:00:00,2.5439758
2024-01-10 10:00:00,2.6007996
2024-01-10 11:00:00,2.2907104
2024-01-10 12:00:00,2.186493
2024-01-10 13:00:00,2.0575256
2024-01-10 14:00:00,1.667511
2024-01-10 15:00:00,1.3276978
2024-01-10 16:00:00,1.4204102
2024-01-10 17:00:00,1.6747742
2024-01-10 18:00:00,1.8074646
2024-01-10 19:00:00,2.0455017
2024-01-10 20:00:00,2.4703674
2024-01-10 21:00:00,3.0411072
2024-01-10 22:00:00,2.2985535
2024-01-10 23:00:00,2.2398376
2024-01-11 00:00:00,2.353119
2024-01-11 01:00:00,2.5639954
2024-01-11 02:00:00,2.632965
2024-01-11 03:00:00,2.1620789
2024-01-11 04:00:00,0.998291
2024-01-11 05:00:00,-0.0708313
2024-01-11 06:00:00,-1.1398621
2024-01-11 07:00:00,-1.9414673
2024-01-11 08:00:00,-2.5898132
2024-01-11 09:00:00,-3.2720642
2024-01-11 10:00:00,-4.021576
2024-01-11 11:00:00,-4.257202
2024-01-11 12:00:00,-4.4789734
2024-01-11 13:00:00,-4.8563232
2024-01-11 14:00:00,-5.1374817
2024-01-11 15:00:00,-5.1924133
2024-01-11 16:00:00,-5.0021057
2024-01-11 17:00:00,-4.814972
2024-01-11 18:00:00,-4.63501
2024-01-11 19:00:00,-4.420868
2024-01-11 20:00:00,-4.240265
2024-01-11 21:00:00,-4.0503845
2024-01-11 22:00:00,-3.4580994
2024-01-11 23:00:00,-2.9864197
2024-01-12 00:00:00,-2.5500793
2024-01-12 01:00:00,-1.342102
2024-01-12 02:00:00,0.05291748
2024-01-12 03:00:00,0.7329407
2024-01-12 04:00:00,0.8138733
2024-01-12 05:00:00,0.83740234
2024-01-12 06:00:00,0.69192505
2024-01-12 07:00:00,0.24874878
2024-01-12 08:00:00,0.2149353
2024-01-12 09:00:00,0.43115234
2024-01-12 10:00:00,0.27023315
2024-01-12 11:00:00,0.5694885
2024-01-12 12:00:00,0.5595093
2024-01-12 13:00:00,-0.02444458
2024-01-12 14:00:00,-0.9574585
2024-01-12 15:00:00,-2.0345154
2024-01-12 16:00:00,-3.5083618
2024-01-12 17:00:00,-4.5079346
2024-01-12 18:00:00,-5.1838074
2024-01-12 19:00:00,-5.9125977
2024-01-12 20:00:00,-6.268585
2024-01-12 21:00:00,-6.3168945
2024-01-12 22:00:00,-6.0903625
2024-01-12 23:00:00,-5.738312
2024-01-13 00:00:00,-5.3399353
2024-01-13 01:00:00,-4.992584
2024-01-13 02:00:00,-4.7047424
2024-01-13 03:00:00,-4.528961
2024-01-13 04:00:00,-4.442169
2024-01-13 05:00:00,-4.3049927
2024-01-13 06:00:00,-4.1664734
2024-01-13 07:00:00,-3.7400513
2024-01-13 08:00:00,-3.2495422
2024-01-13 09:00:00,-2.9048157
2024-01-13 10:00:00,-2.2275696
2024-01-13 11:00:00,-2.169159
2024-01-13 12:00:00,-2.3977966
2024-01-13 13:00:00,-2.7239685
2024-01-13 14:00:00,-3.0957642
2024-01-13 15:00:00,-3.4342957
2024-01-13 16:00:00,-3.7915955
2024-01-13 17:00:00,-4.1976624
2024-01-13 18:00:00,-4.5923157
2024-01-13 19:00:00,-4.771057
2024-01-13 20:00:00,-4.743622
2024-01-13 21:00:00,-4.476959
2024-01-13 22:00:00,-3.7032166
2024-01-13 23:00:00,-3.435028
2024-01-14 00:00:00,-3.5366821
2024-01-14 01:00:00,-3.7557678
2024-01-14 02:00:00,-3.9110413
2024-01-14 03:00:00,-3.9043274
2024-01-14 04:00:00,-3.7430725
2024-01-14 05:00:00,-3.53891
2024-01-14 06:00:00,-3.4272766
2024-01-14 07:00:00,-3.476654
2024-01-14 08:00:00,-3.8329468
2024-01-14 09:00:00,-4.4133606
2024-01-14 10:00:00,-4.5737
2024-01-14 11:00:00,-4.592865
2024-01-14 12:00:00,-4.5783386
2024-01-14 13:00:00,-4.669159
2024-01-14 14:00:00,-4.778778
2024-01-14 15:00:00,-4.929138
2024-01-14 16:00:00,-5.0938416
2024-01-14 17:00:00,-5.264801
2024-01-14 18:00:00,-5.405182
2024-01-14 19:00:00,-5.517273
2024-01-14 20:00:00,-5.6385193
2024-01-14 21:00:00,-5.820404
2024-01-14 22:00:00,-5.2513733
2024-01-14 23:00:00,-5.4753113
2024-01-15 00:00:00,-5.7580566
2024-01-15 01:00:00,-6.002533
2024-01-15 02:00:00,-6.186432
2024-01-15 03:00:00,-6.4471436
2024-01-15 04:00:00,-6.8130493
2024-01-15 05:00:00,-7.148041
2024-01-15 06:00:00,-7.3717346
2024-01-15 07:00:00,-7.5263367
2024-01-15 08:00:00,-7.6560364
2024-01-15 09:00:00,-7.7481384
2024-01-15 10:00:00,-8.428009
2024-01-15 11:00:00,-8.40152
2024-01-15 12:00:00,-8.434662
2024-01-15 13:00:00,-8.554993
2024-01-15 14:00:00,-8.787231
2024-01-15 15:00:00,-9.058014
2024-01-15 16:00:00,-9.210602
2024-01-15 17:00:00,-9.28183
2024-01-15 18:00:00,-9.375092
2024-01-15 19:00:00,-9.652435
2024-01-15 20:00:00,-10.108063
2024-01-15 21:00:00,-10.641937
2024-01-15 22:00:00,-10.840515
2024-01-15 23:00:00,-11.006836
2024-01-16 00:00:00,-11.037811
2024-01-16 01:00:00,-11.037994
2024-01-16 02:00:00,-11.05069
2024-01-16 03:00:00,-11.09906
2024-01-16 04:00:00,-11.046326
2024-01-16 05:00:00,-10.817413
2024-01-16 06:00:00,-10.490265
2024-01-16 07:00:00,-10.286774
2024-01-16 08:00:00,-10.160919
2024-01-16 09:00:00,-10.060455
2024-01-16 10:00:00,-9.760773
2024-01-16 11:00:00,-9.284088
2024-01-16 12:00:00,-8.96579
2024-01-16 13:00:00,-8.96344
2024-01-16 14:00:00,-9.190704
2024-01-16 15:00:00,-9.58786
2024-01-16 16:00:00,-9.747437
2024-01-16 17:00:00,-9.610992
2024-01-16 18:00:00,-9.141205
2024-01-16 19:00:00,-8.461548
2024-01-16 20:00:00,-8.198395
2024-01-16 21:00:00,-8.113373
2024-01-16 22:00:00,-7.0525513
2024-01-16 23:00:00,-6.5624084
2024-01-17 00:00:00,-6.36438
2024-01-17 01:00:00,-6.798828
2024-01-17 02:00:00,-6.739258
2024-01-17 03:00:00,-5.904663
2024-01-17 04:00:00,-5.1645813
2024-01-17 05:00:00,-4.5709534
2024-01-17 06:00:00,-3.98172
2024-01-17 07:00:00,-3.3966064
2024-01-17 08:00:00,-3.1186523
2024-01-17 09:00:00,-3.0015259
2024-01-17 10:00:00,-2.5969238
2024-01-17 11:00:00,-2.572174
2024-01-17 12:00:00,-2.611969
2024-01-17 13:00:00,-2.842041
2024-01-17 14:00:00,-2.659027
2024-01-17 15:00:00,-2.405182
2024-01-17 16:00:00,-2.1730957
2024-01-17 17:00:00,-2.038971
2024-01-17 18:00:00,-2.1574402
2024-01-17 19:00:00,-2.3407898
2024-01-17 20:00:00,-2.452942
2024-01-17 21:00:00,-2.5460205
2024-01-17 22:00:00,-3.4187317
2024-01-17 23:00:00,-3.4021606
2024-01-18 00:00:00,-3.6396484
2024-01-18 01:00:00,-3.960785
2024-01-18 02:00:00,-4.2554016
2024-01-18 03:00:00,-4.7090454
2024-01-18 04:00:00,-5.445648
2024-01-18 05:00:00,-6.3909607
2024-01-18 06:00:00,-7.203308
2024-01-18 07:00:00,-7.6788635
2024-01-18 08:00:00,-8.12085
2024-01-18 09:00:00,-8.601959
2024-01-18 10:00:00,-8.719238
2024-01-18 11:00:00,-9.268677
2024-01-18 12:00:00,-9.633942
2024-01-18 13:00:00,-9.806427
2024-01-18 14:00:00,-9.760651
2024-01-18 15:00:00,-9.7630005
2024-01-18 16:00:00,-9.740997
2024-01-18 17:00:00,-9.673035
2024-01-18 18:00:00,-9.558075
2024-01-18 19:00:00,-9.555695
2024-01-18 20:00:00,-9.736084
2024-01-18 21:00:00,-9.974304
2024-01-18 22:00:00,-10.755341
2024-01-18 23:00:00,-11.285126
2024-01-19 00:00:00,-11.521332
2024-01-19 01:00:00,-11.507111
2024-01-19 02:00:00,-11.039276
2024-01-19 03:00:00,-10.649567
2024-01-19 04:00:00,-10.460602
2024-01-19 05:00:00,-10.663452
2024-01-19 06:00:00,-10.779388
2024-01-19 07:00:00,-10.857452
2024-01-19 08:00:00,-10.977509
2024-01-19 09:00:00,-11.039032
2024-01-19 10:00:00,-10.501648
2024-01-19 11:00:00,-10.335236
2024-01-19 12:00:00,-10.011993
2024-01-19 13:00:00,-9.793549
2024-01-19 14:00:00,-9.240753
2024-01-19 15:00:00,-8.611176
2024-01-19 16:00:00,-8.519836
2024-01-19 17:00:00,-8.733795
2024-01-19 18:00:00,-8.558411
2024-01-19 19:00:00,-8.319244
2024-01-19 20:00:00,-8.035553
2024-01-19 21:00:00,-7.6642456
2024-01-19 22:00:00,-6.979706
2024-01-19 23:00:00,-7.0381165
2024-01-20 00:00:00,-6.9048767
2024-01-20 01:00:00,-6.6095886
2024-01-20 02:00:00,-6.383545
2024-01-20 03:00:00,-6.2201233
2024-01-20 04:00:00,-6.0832214
2024-01-20 05:00:00,-6.197418
2024-01-20 06:00:00,-6.393341
2024-01-20 07:00:00,-6.5938416
2024-01-20 08:00:00,-6.726959
2024-01-20 09:00:00,-6.830353
2024-01-20 10:00:00,-6.710205
2024-01-20 11:00:00,-6.8486633
2024-01-20 12:00:00,-7.0256653
2024-01-20 13:00:00,-7.0871887
2024-01-20 14:00:00,-7.2591248
2024-01-20 15:00:00,-7.5134583
2024-01-20 16:00:00,-7.469757
2024-01-20 17:00:00,-6.7478943
2024-01-20 18:00:00,-6.143097
2024-01-20 19:00:00,-6.139618
2024-01-20 20:00:00,-6.090149
2024-01-20 21:00:00,-5.850464
2024-01-20 22:00:00,-5.4616394
2024-01-20 23:00:00,-4.83255
2024-01-21 00:00:00,-4.1405334
2024-01-21 01:00:00,-3.5585938
2024-01-21 02:00:00,-3.4021606
2024-01-21 03:00:00,-4.0507507
2024-01-21 04:00:00,-3.6266785
2024-01-21 05:00:00,-2.8484802
2024-01-21 06:00:00,-2.280243
2024-01-21 07:00:00,-1.8720398
2024-01-21 08:00:00,-1.6283875
2024-01-21 09:00:00,-1.5175781
2024-01-21 10:00:00,-1.723053
2024-01-21 11:00:00,-1.9507751
2024-01-21 12:00:00,-1.6992188
2024-01-21 13:00:00,-1.0827332
2024-01-21 14:00:00,0.278656
2024-01-21 15:00:00,1.0466003
2024-01-21 16:00:00,-0.557251
2024-01-21 17:00:00,-1.0314331
2024-01-21 18:00:00,-1.3565369
2024-01-21 19:00:00,-2.019989
2024-01-21 20:00:00,-2.4429016
2024-01-21 21:00:00,-2.4832458
2024-01-21 22:00:00,-1.915863
2024-01-21 23:00:00,-1.479187
2024-01-22 00:00:00,-0.8860779
2024-01-22 01:00:00,-0.5232239
2024-01-22 02:00:00,-0.3121338
2024-01-22 03:00:00,-0.76657104
2024-01-22 04:00:00,-0.24649048
2024-01-22 05:00:00,-0.033966064
2024-01-22 06:00:00,0.22561646
2024-01-22 07:00:00,0.35684204
2024-01-22 08:00:00,0.20413208
2024-01-22 09:00:00,0.24343872
2024-01-22 10:00:00,1.9600525
2024-01-22 11:00:00,2.3052673
2024-01-22 12:00:00,2.7618103
2024-01-22 13:00:00,3.9361877
2024-01-22 14:00:00,4.5997925
2024-01-22 15:00:00,4.836212
2024-01-22 16:00:00,4.7948303
2024-01-22 17:00:00,4.5451965
2024-01-22 18:00:00,4.2747803
2024-01-22 19:00:00,4.041382
2024-01-22 20:00:00,3.7012634
2024-01-22 21:00:00,3.2651672
2024-01-22 22:00:00,2.8847656
2024-01-22 23:00:00,2.6146545
2024-01-23 00:00:00,2.418274
2024-01-23 01:00:00,2.1880798
2024-01-23 02:00:00,2.0117493
2024-01-23 03:00:00,1.8746033
2024-01-23 04:00:00,1.9125061
2024-01-23 05:00:00,1.9292297
2024-01-23 06:00:00,1.8888245
2024-01-23 07:00:00,1.7481384
2024-01-23 08:00:00,1.7043762
2024-01-23 09:00:00,1.7790833
2024-01-23 10:00:00,2.6214905
2024-01-23 11:00:00,2.6861877
2024-01-23 12:00:00,2.535553
2024-01-23 13:00:00,2.547943
2024-01-23 14:00:00,2.891449
2024-01-23 15:00:00,3.1585999
2024-01-23 16:00:00,3.0977173
2024-01-23 17:00:00,2.8887024
2024-01-23 18:00:00,2.662445
2024-01-23 19:00:00,2.5934143
2024-01-23 20:00:00,2.679718
2024-01-23 21:00:00,2.6585693
2024-01-23 22:00:00,2.726715
2024-01-23 23:00:00,2.6827698
2024-01-24 00:00:00,2.9010315
2024-01-24 01:00:00,2.9668884
2024-01-24 02:00:00,2.6889954
2024-01-24 03:00:00,1.7458191
2024-01-24 04:00:00,0.55459595
2024-01-24 05:00:00,0.26605225
2024-01-24 06:00:00,0.025299072
2024-01-24 07:00:00,-0.40982056
2024-01-24 08:00:00,-0.57614136
2024-01-24 09:00:00,-0.667511
2024-01-24 10:00:00,-0.65390015
2024-01-24 11:00:00,-0.22000122
2024-01-24 12:00:00,0.15686035
2024-01-24 13:00:00,0.39663696
2024-01-24 14:00:00,0.3973999
2024-01-24 15:00:00,0.18612671
2024-01-24 16:00:00,-0.19598389
2024-01-24 17:00:00,-0.56088257
2024-01-24 18:00:00,-0.82839966
2024-01-24 19:00:00,-0.929657
2024-01-24 20:00:00,-1.0538025
2024-01-24 21:00:00,-1.2411194
2024-01-24 22:00:00,-1.2878723
2024-01-24 23:00:00,-1.3552551
2024-01-25 00:00:00,-1.5863342
2024-01-25 01:00:00,-1.7897339
2024-01-25 02:00:00,-1.716095
2024-01-25 03:00:00,-1.7920227
2024-01-25 04:00:00,-2.248932
2024-01-25 05:00:00,-2.8277588
2024-01-25 06:00:00,-3.2238464
2024-01-25 07:00:00,-3.495453
2024-01-25 08:00:00,-3.8142395
2024-01-25 09:00:00,-3.8117676
2024-01-25 10:00:00,-4.272003
2024-01-25 11:00:00,-4.545532
2024-01-25 12:00:00,-4.7087708
2024-01-25 13:00:00,-4.8277893
2024-01-25 14:00:00,-5.1055603
2024-01-25 15:00:00,-5.4652405
2024-01-25 16:00:00,-5.617035
2024-01-25 17:00:00,-5.58136
2024-01-25 18:00:00,-5.726532
2024-01-25 19:00:00,-5.8834534
2024-01-25 20:00:00,-5.764679
2024-01-25 21:00:00,-5.584198
2024-01-25 22:00:00,-3.1488037
2024-01-25 23:00:00,-1.9527588
2024-01-26 00:00:00,-1.429779
2024-01-26 01:00:00,-1.7471619
2024-01-26 02:00:00,-2.894928
2024-01-26 03:00:00,-3.1636353
2024-01-26 04:00:00,-3.1179504
2024-01-26 05:00:00,-4.617279
2024-01-26 06:00:00,-5.616852
2024-01-26 07:00:00,-5.804474
2024-01-26 08:00:00,-6.050537
2024-01-26 09:00:00,-5.9012756
2024-01-26 10:00:00,-5.3903503
2024-01-26 11:00:00,-4.964081
2024-01-26 12:00:00,-4.626709
2024-01-26 13:00:00,-4.1686096
2024-01-26 14:00:00,-3.5797424
2024-01-26 15:00:00,-3.11438
2024-01-26 16:00:00,-2.7829895
2024-01-26 17:00:00,-2.4217224
2024-01-26 18:00:00,-1.8909912
2024-01-26 19:00:00,-1.5746155
2024-01-26 20:00:00,-1.4762878
2024-01-26 21:00:00,-1.5257874
2024-01-26 22:00:00,-1.134552
2024-01-26 23:00:00,-1.1054382
2024-01-27 00:00:00,-1.1664734
2024-01-27 01:00:00,-1.2049255
2024-01-27 02:00:00,-1.3943481
2024-01-27 03:00:00,-1.915741
2024-01-27 04:00:00,-1.958313
2024-01-27 05:00:00,-1.8460388
2024-01-27 06:00:00,-1.7765198
2024-01-27 07:00:00,-1.1546326
2024-01-27 08:00:00,-0.067596436
2024-01-27 09:00:00,0.804657
2024-01-27 10:00:00,0.9529114
2024-01-27 11:00:00,1.2223816
2024-01-27 12:00:00,1.8141174
2024-01-27 13:00:00,2.377533
2024-01-27 14:00:00,2.8276062
2024-01-27 15:00:00,3.7987366
2024-01-27 16:00:00,4.406708
2024-01-27 17:00:00,4.660797
2024-01-27 18:00:00,5.220978
2024-01-27 19:00:00,3.5643005
2024-01-27 20:00:00,1.3688049
2024-01-27 21:00:00,0.49539185
2024-01-27 22:00:00,0.76882935
2024-01-27 23:00:00,0.8744812
2024-01-28 00:00:00,0.8318176
2024-01-28 01:00:00,0.91781616
2024-01-28 02:00:00,0.72024536
2024-01-28 03:00:00,0.6555176
2024-01-28 04:00:00,0.8232727
2024-01-28 05:00:00,1.0939636
2024-01-28 06:00:00,0.8017273
2024-01-28 07:00:00,0.58743286
2024-01-28 08:00:00,0.61569214
2024-01-28 09:00:00,0.34066772
2024-01-28 10:00:00,1.1543274
2024-01-28 11:00:00,1.4232483
2024-01-28 12:00:00,1.4463196
2024-01-28 13:00:00,0.92678833
2024-01-28 14:00:00,0.97665405
2024-01-28 15:00:00,1.5547485
2024-01-28 16:00:00,1.9291077
2024-01-28 17:00:00,3.2727966
2024-01-28 18:00:00,4.406769
2024-01-28 19:00:00,5.422455
2024-01-28 20:00:00,5.9910583
2024-01-28 21:00:00,5.758148
2024-01-28 22:00:00,6.6592407
2024-01-28 23:00:00,6.344208
2024-01-29 00:00:00,6.8796387
2024-01-29 01:00:00,7.362549
2024-01-29 02:00:00,7.8693542
2024-01-29 03:00:00,7.5505676
2024-01-29 04:00:00,6.378357
2024-01-29 05:00:00,5.601837
2024-01-29 06:00:00,5.2641907
2024-01-29 07:00:00,4.6907043
2024-01-29 08:00:00,3.9258118
2024-01-29 09:00:00,3.085785
2024-01-29 10:00:00,2.2556152
2024-01-29 11:00:00,2.0111084
2024-01-29 12:00:00,1.7947083
2024-01-29 13:00:00,1.7313538
2024-01-29 14:00:00,2.339264
2024-01-29 15:00:00,2.7953796
2024-01-29 16:00:00,3.4006653
2024-01-29 17:00:00,3.3769836
2024-01-29 18:00:00,3.5176086
2024-01-29 19:00:00,3.905304
2024-01-29 20:00:00,3.8788757
2024-01-29 21:00:00,3.5285645
2024-01-29 22:00:00,3.1916199
2024-01-29 23:00:00,3.026062
2024-01-30 00:00:00,3.0450745
2024-01-30 01:00:00,3.4735107
2024-01-30 02:00:00,4.0520325
2024-01-30 03:00:00,3.9371338
2024-01-30 04:00:00,3.333252
2024-01-30 05:00:00,2.563446
2024-01-30 06:00:00,2.4811096
2024-01-30 07:00:00,2.789215
2024-01-30 08:00:00,2.9570618
2024-01-30 09:00:00,2.9203796
2024-01-30 10:00:00,3.4531555
2024-01-30 11:00:00,3.5649414
2024-01-30 12:00:00,3.9544373
2024-01-30 13:00:00,4.004181
2024-01-30 14:00:00,3.8545837
2024-01-30 15:00:00,3.7001648
2024-01-30 16:00:00,3.5963745
2024-01-30 17:00:00,3.617859
2024-01-30 18:00:00,3.8782654
2024-01-30 19:00:00,4.1917114
2024-01-30 20:00:00,4.4388123
2024-01-30 21:00:00,4.5974426
2024-01-30 22:00:00,5.276764
2024-01-30 23:00:00,4.9091797
2024-01-31 00:00:00,4.282196
2024-01-31 01:00:00,3.9754944
2024-01-31 02:00:00,3.8664246
2024-01-31 03:00:00,3.6719055
2024-01-31 04:00:00,3.5336914
2024-01-31 05:00:00,3.2139587
2024-01-31 06:00:00,2.8103943
2024-01-31 07:00:00,2.4771423
2024-01-31 08:00:00,1.9271545
2024-01-31 09:00:00,1.4561768
2024-01-31 10:00:00,0.6965637
2024-01-31 11:00:00,0.61987305
2024-01-31 12:00:00,0.35595703
2024-01-31 13:00:00,-1.241333
2024-01-31 14:00:00,-1.0925598
2024-01-31 15:00:00,-0.48638916
2024-01-31 16:00:00,-0.08999634
2024-01-31 17:00:00,0.18222046
2024-01-31 18:00:00,0.112701416
2024-01-31 19:00:00,0.13491821
2024-01-31 20:00:00,0.36254883
2024-01-31 21:00:00,0.5632019
2024-01-31 22:00:00,0.32174683
2024-01-31 23:00:00,0.47225952
2024-02-01 00:00:00,0.70999146
2024-02-01 01:00:00,0.7802124
2024-02-01 02:00:00,0.76712036
2024-02-01 03:00:00,1.117157
2024-02-01 04:00:00,0.9461365
2024-02-01 05:00:00,0.5840759
2024-02-01 06:00:00,0.37677002
2024-02-01 07:00:00,0.25247192
2024-02-01 08:00:00,0.0821228
2024-02-01 09:00:00,0.038604736
2024-02-01 10:00:00,-0.24838257
2024-02-01 11:00:00,-0.28060913
2024-02-01 12:00:00,-0.1611023
2024-02-01 13:00:00,-0.08279419
2024-02-01 14:00:00,-0.19570923
2024-02-01 15:00:00,-0.24206543
2024-02-01 16:00:00,-0.042236328
2024-02-01 17:00:00,-0.05819702
2024-02-01 18:00:00,-0.30325317
2024-02-01 19:00:00,-0.7982483
2024-02-01 20:00:00,-0.87335205
2024-02-01 21:00:00,-0.5302429
2024-02-01 22:00:00,-0.66659546
2024-02-01 23:00:00,-0.36819458
2024-02-02 00:00:00,-0.049713135
2024-02-02 01:00:00,0.13815308
2024-02-02 02:00:00,-0.131073
2024-02-02 03:00:00,-0.51052856
2024-02-02 04:00:00,-0.32919312
2024-02-02 05:00:00,0.33261108
2024-02-02 06:00:00,0.84506226
2024-02-02 07:00:00,1.1455688
2024-02-02 08:00:00,1.3856506
2024-02-02 09:00:00,1.603363
2024-02-02 10:00:00,1.9065247
2024-02-02 11:00:00,1.5583496
2024-02-02 12:00:00,0.76828
2024-02-02 13:00:00,0.35836792
2024-02-02 14:00:00,0.41366577
2024-02-02 15:00:00,0.32955933
2024-02-02 16:00:00,0.16064453
2024-02-02 17:00:00,0.22683716
2024-02-02 18:00:00,0.856781
2024-02-02 19:00:00,1.6061096
2024-02-02 20:00:00,2.2033386
2024-02-02 21:00:00,2.7585144
2024-02-02 22:00:00,2.6129456
2024-02-02 23:00:00,3.29245
2024-02-03 00:00:00,3.5830383
2024-02-03 01:00:00,3.4256287
2024-02-03 02:00:00,4.0380554
2024-02-03 03:00:00,4.136505
2024-02-03 04:00:00,4.2313232
2024-02-03 05:00:00,4.1362305
2024-02-03 06:00:00,4.2229614
2024-02-03 07:00:00,4.05954
2024-02-03 08:00:00,3.9131775
2024-02-03 09:00:00,3.6219482
2024-02-03 10:00:00,3.9378357
2024-02-03 11:00:00,4.134735
2024-02-03 12:00:00,4.33374
2024-02-03 13:00:00,4.49527
2024-02-03 14:00:00,4.4128113
2024-02-03 15:00:00,3.9821777
2024-02-03 16:00:00,3.3963928
2024-02-03 17:00:00,2.6475525
2024-02-03 18:00:00,2.054535
2024-02-03 19:00:00,1.7932434
2024-02-03 20:00:00,1.5553894
2024-02-03 21:00:00,1.1887512
2024-02-03 22:00:00,0.8199158
2024-02-03 23:00:00,0.97213745
2024-02-04 00:00:00,0.9789734
2024-02-04 01:00:00,0.79418945
2024-02-04 02:00:00,0.52835083
2024-02-04 03:00:00,0.30667114
2024-02-04 04:00:00,0.14993286
2024-02-04 05:00:00,-0.026153564
2024-02-04 06:00:00,-0.13467407
2024-02-04 07:00:00,-0.16537476
2024-02-04 08:00:00,-0.2517395
2024-02-04 09:00:00,-0.2897644
2024-02-04 10:00:00,-0.6867981
2024-02-04 11:00:00,-0.1343689
2024-02-04 12:00:00,0.27786255
2024-02-04 13:00:00,0.5430603
2024-02-04 14:00:00,0.61001587
2024-02-04 15:00:00,0.53237915
2024-02-04 16:00:00,0.32598877
2024-02-04 17:00:00,-0.0028076172
2024-02-04 18:00:00,-0.3031006
2024-02-04 19:00:00,-0.54940796
2024-02-04 20:00:00,-0.5499573
2024-02-04 21:00:00,-0.41445923
2024-02-04 22:00:00,0.38275146
2024-02-04 23:00:00,0.81088257
2024-02-05 00:00:00,0.11672974
2024-02-05 01:00:00,-1.3404541
2024-02-05 02:00:00,-1.735321
2024-02-05 03:00:00,-2.1489563
2024-02-05 04:00:00,-2.5355225
2024-02-05 05:00:00,-3.037323
2024-02-05 06:00:00,-3.6081543
2024-02-05 07:00:00,-4.0599365
2024-02-05 08:00:00,-4.440338
2024-02-05 09:00:00,-4.732025
2024-02-05 10:00:00,-4.750946
2024-02-05 11:00:00,-4.431488
2024-02-05 12:00:00,-4.094452
2024-02-05 13:00:00,-3.8877258
2024-02-05 14:00:00,-3.7588806
2024-02-05 15:00:00,-3.698578
2024-02-05 16:00:00,-3.5386353
2024-02-05 17:00:00,-3.4947815
2024-02-05 18:00:00,-3.6770325
2024-02-05 19:00:00,-3.8487244
2024-02-05 20:00:00,-4.0554504
2024-02-05 21:00:00,-4.273651
2024-02-05 22:00:00,-4.16156
2024-02-05 23:00:00,-4.323761
2024-02-06 00:00:00,-4.582611
2024-02-06 01:00:00,-4.887909
2024-02-06 02:00:00,-5.23053
2024-02-06 03:00:00,-5.670746
2024-02-06 04:00:00,-6.0227356
2024-02-06 05:00:00,-6.238617
2024-02-06 06:00:00,-6.3401184
2024-02-06 07:00:00,-6.3492737
2024-02-06 08:00:00,-6.2789307
2024-02-06 09:00:00,-6.1436462
2024-02-06 10:00:00,-7.4479065
2024-02-06 11:00:00,-7.178406
2024-02-06 12:00:00,-6.879486
2024-02-06 13:00:00,-6.1607666
2024-02-06 14:00:00,-5.861908
2024-02-06 15:00:00,-5.660858
2024-02-06 16:00:00,-5.4733887
2024-02-06 17:00:00,-5.3317566
2024-02-06 18:00:00,-5.2947693
2024-02-06 19:00:00,-5.528473
2024-02-06 20:00:00,-5.8566284
2024-02-06 21:00:00,-6.157074
2024-02-06 22:00:00,-5.912445
2024-02-06 23:00:00,-5.7799377
2024-02-07 00:00:00,-5.838562
2024-02-07 01:00:00,-6.0932007
2024-02-07 02:00:00,-6.470337
2024-02-07 03:00:00,-6.820526
2024-02-07 04:00:00,-7.092102
2024-02-07 05:00:00,-7.32547
2024-02-07 06:00:00,-7.5403748
2024-02-07 07:00:00,-7.71933
2024-02-07 08:00:00,-7.811096
2024-02-07 09:00:00,-7.7294617
2024-02-07 10:00:00,-7.9670715
2024-02-07 11:00:00,-7.5726624
2024-02-07 12:00:00,-7.274994
2024-02-07 13:00:00,-7.2016296
2024-02-07 14:00:00,-7.262848
2024-02-07 15:00:00,-7.457123
2024-02-07 16:00:00,-7.6994324
2024-02-07 17:00:00,-7.9138794
2024-02-07 18:00:00,-8.093536
2024-02-07 19:00:00,-8.172302
2024-02-07 20:00:00,-8.221039
2024-02-07 21:00:00,-8.330627
2024-02-07 22:00:00,-7.9032288
2024-02-07 23:00:00,-7.9240723
2024-02-08 00:00:00,-7.907318
2024-02-08 01:00:00,-7.912384
2024-02-08 02:00:00,-7.9313354
2024-02-08 03:00:00,-7.9680176
2024-02-08 04:00:00,-7.9888
2024-02-08 05:00:00,-8.004852
2024-02-08 06:00:00,-8.031036
2024-02-08 07:00:00,-8.050079
2024-02-08 08:00:00,-8.11557
2024-02-08 09:00:00,-8.222443
2024-02-08 10:00:00,-7.6583557
2024-02-08 11:00:00,-7.6143494
2024-02-08 12:00:00,-7.2030945
2024-02-08 13:00:00,-6.918579
2024-02-08 14:00:00,-6.93985
2024-02-08 15:00:00,-7.037689
2024-02-08 16:00:00,-7.102722
2024-02-08 17:00:00,-7.1738586
2024-02-08 18:00:00,-7.224884
2024-02-08 19:00:00,-7.293213
2024-02-08 20:00:00,-7.351227
2024-02-08 21:00:00,-7.406128
2024-02-08 22:00:00,-7.0555725
2024-02-08 23:00:00,-6.971344
2024-02-09 00:00:00,-6.870514
2024-02-09 01:00:00,-6.9047546
2024-02-09 02:00:00,-6.9401245
2024-02-09 03:00:00,-6.900055
2024-02-09 04:00:00,-6.9484253
2024-02-09 05:00:00,-6.967499
2024-02-09 06:00:00,-7.0084534
2024-02-09 07:00:00,-7.1271057
2024-02-09 08:00:00,-7.1336975
2024-02-09 09:00:00,-7.085663
2024-02-09 10:00:00,-7.7612915
2024-02-09 11:00:00,-7.4107666
2024-02-09 12:00:00,-7.49527
2024-02-09 13:00:00,-7.6282043
2024-02-09 14:00:00,-7.949066
2024-02-09 15:00:00,-8.173553
2024-02-09 16:00:00,-8.434998
2024-02-09 17:00:00,-8.590057
2024-02-09 18:00:00,-8.60733
2024-02-09 19:00:00,-8.638397
2024-02-09 20:00:00,-8.731659
2024-02-09 21:00:00,-8.876495
2024-02-09 22:00:00,-9.313538
2024-02-09 23:00:00,-9.360748
2024-02-10 00:00:00,-9.328827
2024-02-10 01:00:00,-9.209808
2024-02-10 02:00:00,-9.057404
2024-02-10 03:00:00,-8.8715515
2024-02-10 04:00:00,-8.599274
2024-02-10 05:00:00,-8.310944
2024-02-10 06:00:00,-8.01059
2024-02-10 07:00:00,-7.717987
2024-02-10 08:00:00,-7.5155334
2024-02-10 09:00:00,-7.2710266
2024-02-10 10:00:00,-7.51651
2024-02-10 11:00:00,-6.973053
2024-02-10 12:00:00,-6.549469
2024-02-10 13:00:00,-6.243622
2024-02-10 14:00:00,-6.145935
2024-02-10 15:00:00,-6.042511
2024-02-10 16:00:00,-5.997101
2024-02-10 17:00:00,-5.8541565
2024-02-10 18:00:00,-5.7566223
2024-02-10 19:00:00,-5.7204895
2024-02-10 20:00:00,-5.769623
2024-02-10 21:00:00,-5.845093
2024-02-10 22:00:00,-5.7031555
2024-02-10 23:00:00,-5.8421326
2024-02-11 00:00:00,-5.964752
2024-02-11 01:00:00,-6.195038
2024-02-11 02:00:00,-6.417633
2024-02-11 03:00:00,-6.650055
2024-02-11 04:00:00,-6.846649
2024-02-11 05:00:00,-6.9507446
2024-02-11 06:00:00,-6.945709
2024-02-11 07:00:00,-6.9375305
2024-02-11 08:00:00,-6.909363
2024-02-11 09:00:00,-6.841095
2024-02-11 10:00:00,-6.59494
2024-02-11 11:00:00,-6.530182
2024-02-11 12:00:00,-6.6199646
2024-02-11 13:00:00,-6.703369
2024-02-11 14:00:00,-6.817322
2024-02-11 15:00:00,-6.88916
2024-02-11 16:00:00,-6.909668
2024-02-11 17:00:00,-6.904541
2024-02-11 18:00:00,-6.8094177
2024-02-11 19:00:00,-6.613037
2024-02-11 20:00:00,-6.408264
2024-02-11 21:00:00,-6.2387085
2024-02-11 22:00:00,-6.6305847
2024-02-11 23:00:00,-6.7266846
2024-02-12 00:00:00,-6.910614
2024-02-12 01:00:00,-7.03714
2024-02-12 02:00:00,-7.0720825
2024-02-12 03:00:00,-7.035736
2024-02-12 04:00:00,-6.8968506
2024-02-12 05:00:00,-6.6623535
2024-02-12 06:00:00,-6.4621887
2024-02-12 07:00:00,-6.280121
2024-02-12 08:00:00,-6.115509
2024-02-12 09:00:00,-5.878357
2024-02-12 10:00:00,-6.211609
2024-02-12 11:00:00,-6.0420837
2024-02-12 12:00:00,-5.950714
2024-02-12 13:00:00,-5.859009
2024-02-12 14:00:00,-5.711487
2024-02-12 15:00:00,-5.4145813
2024-02-12 16:00:00,-5.052185
2024-02-12 17:00:00,-4.6878967
2024-02-12 18:00:00,-4.3385315
2024-02-12 19:00:00,-4.1687317
2024-02-12 20:00:00,-4.12204
2024-02-12 21:00:00,-4.0942993
2024-02-12 22:00:00,-4.698822
2024-02-12 23:00:00,-4.552063
2024-02-13 00:00:00,-4.419861
2024-02-13 01:00:00,-4.294403
2024-02-13 02:00:00,-4.0676575
2024-02-13 03:00:00,-3.8701477
2024-02-13 04:00:00,-3.6392822
2024-02-13 05:00:00,-3.3755798
2024-02-13 06:00:00,-3.0799866
2024-02-13 07:00:00,-2.8111877
2024-02-13 08:00:00,-2.5087585
2024-02-13 09:00:00,-2.20047
2024-02-13 10:00:00,-1.9672852
2024-02-13 11:00:00,-1.6416931
2024-02-13 12:00:00,-1.5820923
2024-02-13 13:00:00,-1.7651062
2024-02-13 14:00:00,-1.8746033
2024-02-13 15:00:00,-1.9665833
2024-02-13 16:00:00,-2.033783
2024-02-13 17:00:00,-2.1929932
2024-02-13 18:00:00,-2.3511658
2024-02-13 19:00:00,-2.5677795
2024-02-13 20:00:00,-2.9263
2024-02-13 21:00:00,-3.3026123
2024-02-13 22:00:00,-2.8955383
2024-02-13 23:00:00,-2.388153
2024-02-14 00:00:00,-2.410675
2024-02-14 01:00:00,-2.572876
2024-02-14 02:00:00,-2.552765
2024-02-14 03:00:00,-2.6335144
2024-02-14 04:00:00,-2.6184692
2024-02-14 05:00:00,-2.5920105
2024-02-14 06:00:00,-2.7829285
2024-02-14 07:00:00,-3.2462769
2024-02-14 08:00:00,-3.6794739
2024-02-14 09:00:00,-3.6993713
2024-02-14 10:00:00,-3.2732239
2024-02-14 11:00:00,-2.6685486
2024-02-14 12:00:00,-2.2002258
2024-02-14 13:00:00,-1.9909363
2024-02-14 14:00:00,-1.8326111
2024-02-14 15:00:00,-1.6776123
2024-02-14 16:00:00,-1.5727844
2024-02-14 17:00:00,-1.492096
2024-02-14 18:00:00,-1.4323425
2024-02-14 19:00:00,-1.4497375
2024-02-14 20:00:00,-1.5432434
2024-02-14 21:00:00,-1.6613464
2024-02-14 22:00:00,-1.1065979
2024-02-14 23:00:00,-1.1506042
2024-02-15 00:00:00,-1.0339661
2024-02-15 01:00:00,-0.81729126
2024-02-15 02:00:00,-0.5832825
2024-02-15 03:00:00,-0.3312378
2024-02-15 04:00:00,-0.12680054
2024-02-15 05:00:00,-0.0128479
2024-02-15 06:00:00,0.060760498
2024-02-15 07:00:00,0.20046997
2024-02-15 08:00:00,0.2926941
2024-02-15 09:00:00,0.47177124
2024-02-15 10:00:00,0.75735474
2024-02-15 11:00:00,0.9397278
2024-02-15 12:00:00,1.0249329
2024-02-15 13:00:00,1.0138855
2024-02-15 14:00:00,1.0119324
2024-02-15 15:00:00,0.9639282
2024-02-15 16:00:00,0.865448
2024-02-15 17:00:00,0.7793884
2024-02-15 18:00:00,0.73239136
2024-02-15 19:00:00,0.68481445
2024-02-15 20:00:00,0.63223267
2024-02-15 21:00:00,0.63009644
2024-02-15 22:00:00,0.596405
2024-02-15 23:00:00,0.7437134
2024-02-16 00:00:00,0.8938904
2024-02-16 01:00:00,1.0975037
2024-02-16 02:00:00,1.4746094
2024-02-16 03:00:00,1.9814758
2024-02-16 04:00:00,2.9868774
2024-02-16 05:00:00,3.8595276
2024-02-16 06:00:00,4.338196
2024-02-16 07:00:00,5.433716
2024-02-16 08:00:00,6.7012634
2024-02-16 09:00:00,6.9349976
2024-02-16 10:00:00,7.25531
2024-02-16 11:00:00,7.1010437
2024-02-16 12:00:00,7.2767334
2024-02-16 13:00:00,7.6704407
2024-02-16 14:00:00,8.224518
2024-02-16 15:00:00,8.454559
2024-02-16 16:00:00,7.8855286
2024-02-16 17:00:00,6.7519836
2024-02-16 18:00:00,6.3803406
2024-02-16 19:00:00,6.38266
2024-02-16 20:00:00,6.258911
2024-02-16 21:00:00,6.105194
2024-02-16 22:00:00,5.988983
2024-02-16 23:00:00,5.381012
2024-02-17 00:00:00,3.5056458
2024-02-17 01:00:00,0.5119934
2024-02-17 02:00:00,-1.510437
2024-02-17 03:00:00,-2.0499573
2024-02-17 04:00:00,-2.1809998
2024-02-17 05:00:00,-2.292633
2024-02-17 06:00:00,-2.4202576
2024-02-17 07:00:00,-2.415985
2024-02-17 08:00:00,-2.2826843
2024-02-17 09:00:00,-2.1066895
2024-02-17 10:00:00,-2.9010315
2024-02-17 11:00:00,-2.6680908
2024-02-17 12:00:00,-2.5685425
2024-02-17 13:00:00,-2.712494
2024-02-17 14:00:00,-2.9603577
2024-02-17 15:00:00,-3.257904
2024-02-17 16:00:00,-3.56839
2024-02-17 17:00:00,-3.7486267
2024-02-17 18:00:00,-3.757782
2024-02-17 19:00:00,-3.623108
2024-02-17 20:00:00,-3.4143066
2024-02-17 21:00:00,-3.2176208
2024-02-17 22:00:00,-3.563568
2024-02-17 23:00:00,-3.3874207
2024-02-18 00:00:00,-3.2978516
2024-02-18 01:00:00,-3.299469
2024-02-18 02:00:00,-3.360138
2024-02-18 03:00:00,-3.4775085
2024-02-18 04:00:00,-3.610321
2024-02-18 05:00:00,-3.6854248
2024-02-18 06:00:00,-3.727539
2024-02-18 07:00:00,-3.7362976
2024-02-18 08:00:00,-3.63266
2024-02-18 09:00:00,-3.306244
2024-02-18 10:00:00,-2.894928
2024-02-18 11:00:00,-2.5982056
2024-02-18 12:00:00,-2.203827
2024-02-18 13:00:00,-1.9270935
2024-02-18 14:00:00,-1.8302307
2024-02-18 15:00:00,-1.9229431
2024-02-18 16:00:00,-2.029602
2024-02-18 17:00:00,-2.0237732
2024-02-18 18:00:00,-1.934845
2024-02-18 19:00:00,-1.9838562
2024-02-18 20:00:00,-2.1403809
2024-02-18 21:00:00,-2.394989
2024-02-18 22:00:00,-2.370697
2024-02-18 23:00:00,-2.4830017
2024-02-19 00:00:00,-2.4204407
2024-02-19 01:00:00,-2.4341125
2024-02-19 02:00:00,-2.2294617
2024-02-19 03:00:00,-2.0172424
2024-02-19 04:00:00,-1.8656616
2024-02-19 05:00:00,-1.8370361
2024-02-19 06:00:00,-1.8292542
2024-02-19 07:00:00,-1.7707825
2024-02-19 08:00:00,-1.673584
2024-02-19 09:00:00,-1.5471802
2024-02-19 10:00:00,-1.6767883
2024-02-19 11:00:00,-1.5034485
2024-02-19 12:00:00,-1.4309692
2024-02-19 13:00:00,-1.4445801
2024-02-19 14:00:00,-1.36026
2024-02-19 15:00:00,-1.2071838
2024-02-19 16:00:00,-1.0211487
2024-02-19 17:00:00,-0.94039917
2024-02-19 18:00:00,-1.0446472
2024-02-19 19:00:00,-1.1995544
2024-02-19 20:00:00,-1.277832
2024-02-19 21:00:00,-1.2940674
2024-02-19 22:00:00,-1.5406189
2024-02-19 23:00:00,-1.4837341
2024-02-20 00:00:00,-1.412323
2024-02-20 01:00:00,-1.4399109
2024-02-20 02:00:00,-1.4945374
2024-02-20 03:00:00,-1.5473938
2024-02-20 04:00:00,-1.5863953
2024-02-20 05:00:00,-1.6470642
2024-02-20 06:00:00,-1.6611633
2024-02-20 07:00:00,-1.6548157
2024-02-20 08:00:00,-1.5869446
2024-02-20 09:00:00,-1.6061707
2024-02-20 10:00:00,-2.1313171
2024-02-20 11:00:00,-2.0780334
2024-02-20 12:00:00,-2.0501099
2024-02-20 13:00:00,-2.6192017
2024-02-20 14:00:00,-2.9338684
2024-02-20 15:00:00,-3.0732117
2024-02-20 16:00:00,-3.4089966
2024-02-20 17:00:00,-3.7344666
2024-02-20 18:00:00,-3.8587952
2024-02-20 19:00:00,-3.6975403
2024-02-20 20:00:00,-3.6373901
2024-02-20 21:00:00,-3.2480774
2024-02-20 22:00:00,-3.4571228
2024-02-20 23:00:00,-3.5711365
2024-02-21 00:00:00,-2.9821167
2024-02-21 01:00:00,-1.6174622
2024-02-21 02:00:00,-0.17977905
2024-02-21 03:00:00,0.8583069
2024-02-21 04:00:00,1.4056702
2024-02-21 05:00:00,1.6141357
2024-02-21 06:00:00,1.7561035
2024-02-21 07:00:00,1.7434387
2024-02-21 08:00:00,1.7276306
2024-02-21 09:00:00,1.717804
2024-02-21 10:00:00,2.528839
2024-02-21 11:00:00,2.5057678
2024-02-21 12:00:00,2.4492493
2024-02-21 13:00:00,2.3766174
2024-02-21 14:00:00,2.1546326
2024-02-21 15:00:00,1.8283386
2024-02-21 16:00:00,1.4838562
2024-02-21 17:00:00,1.2997742
2024-02-21 18:00:00,1.0732727
2024-02-21 19:00:00,0.8762207
2024-02-21 20:00:00,0.73757935
2024-02-21 21:00:00,0.5274658
2024-02-21 22:00:00,0.2487793
2024-02-21 23:00:00,0.09112549
2024-02-22 00:00:00,0.18032837
2024-02-22 01:00:00,0.27267456
2024-02-22 02:00:00,0.12808228
2024-02-22 03:00:00,0.089263916
2024-02-22 04:00:00,0.0010070801
2024-02-22 05:00:00,-0.1234436
2024-02-22 06:00:00,-0.010620117
2024-02-22 07:00:00,0.33566284
2024-02-22 08:00:00,0.8364563
2024-02-22 09:00:00,1.1269226
2024-02-22 10:00:00,1.617279
2024-02-22 11:00:00,2.004181
2024-02-22 12:00:00,2.3845825
2024-02-22 13:00:00,2.546814
2024-02-22 14:00:00,2.3068542
2024-02-22 15:00:00,1.9387207
2024-02-22 16:00:00,1.7427673
2024-02-22 17:00:00,1.5057068
2024-02-22 18:00:00,1.3381042
2024-02-22 19:00:00,1.427948
2024-02-22 20:00:00,1.7039795
2024-02-22 21:00:00,2.02536
2024-02-22 22:00:00,1.8989563
2024-02-22 23:00:00,2.0047302
2024-02-23 00:00:00,2.0061646
2024-02-23 01:00:00,1.9538879
2024-02-23 02:00:00,2.0195923
2024-02-23 03:00:00,2.0939636
2024-02-23 04:00:00,2.265625
2024-02-23 05:00:00,2.4856262
2024-02-23 06:00:00,2.7145386
2024-02-23 07:00:00,2.896698
2024-02-23 08:00:00,3.002472
2024-02-23 09:00:00,3.3746643
2024-02-23 10:00:00,4.7652283
2024-02-23 11:00:00,4.755951
2024-02-23 12:00:00,4.6388855
2024-02-23 13:00:00,4.429291
2024-02-23 14:00:00,4.1888733
2024-02-23 15:00:00,3.9787903
2024-02-23 16:00:00,3.8958435
2024-02-23 17:00:00,3.698761
2024-02-23 18:00:00,3.5158997
2024-02-23 19:00:00,3.1683044
2024-02-23 20:00:00,2.712494
2024-02-23 21:00:00,2.4459534
2024-02-23 22:00:00,2.7737122
2024-02-23 23:00:00,2.8058777
2024-02-24 00:00:00,3.0125122
2024-02-24 01:00:00,3.1269836
2024-02-24 02:00:00,3.0628357
2024-02-24 03:00:00,2.7188416
2024-02-24 04:00:00,2.5505676
2024-02-24 05:00:00,2.9102173
2024-02-24 06:00:00,3.2242737
2024-02-24 07:00:00,3.0453186
2024-02-24 08:00:00,2.8484497
2024-02-24 09:00:00,2.3404846
2024-02-24 10:00:00,3.0412598
2024-02-24 11:00:00,2.670166
2024-02-24 12:00:00,2.4767761
2024-02-24 13:00:00,2.3035583
2024-02-24 14:00:00,2.1249695
2024-02-24 15:00:00,2.0902405
2024-02-24 16:00:00,2.2243958
2024-02-24 17:00:00,1.9945984
2024-02-24 18:00:00,1.7980652
2024-02-24 19:00:00,1.7775574
2024-02-24 20:00:00,1.9423523
2024-02-24 21:00:00,2.1908264
2024-02-24 22:00:00,2.197113
2024-02-24 23:00:00,2.702301
2024-02-25 00:00:00,3.2895203
2024-02-25 01:00:00,3.7825623
2024-02-25 02:00:00,4.1050415
2024-02-25 03:00:00,4.172821
2024-02-25 04:00:00,3.8374329
2024-02-25 05:00:00,3.2286682
2024-02-25 06:00:00,2.2654114
2024-02-25 07:00:00,0.68460083
2024-02-25 08:00:00,-0.21865845
2024-02-25 09:00:00,-0.58029175
2024-02-25 10:00:00,0.22109985
2024-02-25 11:00:00,0.46084595
2024-02-25 12:00:00,0.80648804
2024-02-25 13:00:00,1.2310791
2024-02-25 14:00:00,1.5860901
2024-02-25 15:00:00,1.7730103
2024-02-25 16:00:00,1.9884338
2024-02-25 17:00:00,2.2491455
2024-02-25 18:00:00,2.5322876
2024-02-25 19:00:00,2.7806702
2024-02-25 20:00:00,2.8729248
2024-02-25 21:00:00,2.9238586
2024-02-25 22:00:00,3.332428
2024-02-25 23:00:00,3.466095
2024-02-26 00:00:00,3.6043396
2024-02-26 01:00:00,3.5895386
2024-02-26 02:00:00,3.437378
2024-02-26 03:00:00,3.1206055
2024-02-26 04:00:00,2.7997742
2024-02-26 05:00:00,2.0382996
2024-02-26 06:00:00,1.847992
2024-02-26 07:00:00,1.9598083
2024-02-26 08:00:00,1.9128113
2024-02-26 09:00:00,1.9443665
2024-02-26 10:00:00,2.4779358
2024-02-26 11:00:00,2.3996887
2024-02-26 12:00:00,2.1947632
2024-02-26 13:00:00,1.8031921
2024-02-26 14:00:00,1.4104004
2024-02-26 15:00:00,1.1385803
2024-02-26 16:00:00,0.9272766
2024-02-26 17:00:00,0.72525024
2024-02-26 18:00:00,0.39382935
2024-02-26 19:00:00,0.016113281
2024-02-26 20:00:00,-0.24069214
2024-02-26 21:00:00,-0.44015503
2024-02-26 22:00:00,0.386261
2024-02-26 23:00:00,0.16317749
2024-02-27 00:00:00,-0.01663208
2024-02-27 01:00:00,-0.17718506
2024-02-27 02:00:00,-0.23269653
2024-02-27 03:00:00,-0.34939575
2024-02-27 04:00:00,-0.5826416
2024-02-27 05:00:00,-0.81655884
2024-02-27 06:00:00,-1.0048828
2024-02-27 07:00:00,-1.2826233
2024-02-27 08:00:00,-1.4853516
2024-02-27 09:00:00,-1.7301941
2024-02-27 10:00:00,-1.4764404
2024-02-27 11:00:00,-1.5389404
2024-02-27 12:00:00,-1.6837769
2024-02-27 13:00:00,-1.8029175
2024-02-27 14:00:00,-1.8726501
2024-02-27 15:00:00,-1.8847351
2024-02-27 16:00:00,-1.8497009
2024-02-27 17:00:00,-1.8136292
2024-02-27 18:00:00,-1.9131775
2024-02-27 19:00:00,-2.1662903
2024-02-27 20:00:00,-2.3510437
2024-02-27 21:00:00,-2.5535583
2024-02-27 22:00:00,-2.252533
2024-02-27 23:00:00,-2.375824
2024-02-28 00:00:00,-2.474701
2024-02-28 01:00:00,-2.466858
2024-02-28 02:00:00,-2.5138855
2024-02-28 03:00:00,-2.6401672
2024-02-28 04:00:00,-2.7168884
2024-02-28 05:00:00,-2.7084656
2024-02-28 06:00:00,-2.76828
2024-02-28 07:00:00,-2.9023132
2024-02-28 08:00:00,-3.1506042
2024-02-28 09:00:00,-3.2794495
2024-02-28 10:00:00,-3.4477844
2024-02-28 11:00:00,-3.3922424
2024-02-28 12:00:00,-3.22818
2024-02-28 13:00:00,-2.7015076
2024-02-28 14:00:00,-2.070404
2024-02-28 15:00:00,-1.4950256
2024-02-28 16:00:00,-0.8435974
2024-02-28 17:00:00,-0.35964966
2024-02-28 18:00:00,-0.10580444
2024-02-28 19:00:00,-0.058898926
2024-02-28 20:00:00,-0.10977173
2024-02-28 21:00:00,-0.09512329
2024-02-28 22:00:00,0.09100342
2024-02-28 23:00:00,0.0048828125
2024-02-29 00:00:00,-0.26535034
2024-02-29 01:00:00,-0.4190979
2024-02-29 02:00:00,-0.3196106
2024-02-29 03:00:00,-0.104888916
2024-02-29 04:00:00,-0.11141968
2024-02-29 05:00:00,-0.18429565
2024-02-29 06:00:00,-0.12060547
2024-02-29 07:00:00,-0.45455933
2024-02-29 08:00:00,-0.8941345
2024-02-29 09:00:00,-1.2922668
2024-02-29 10:00:00,-0.21917725
2024-02-29 11:00:00,0.11392212
2024-02-29 12:00:00,0.44158936
2024-02-29 13:00:00,0.4618225
2024-02-29 14:00:00,0.10409546
2024-02-29 15:00:00,-0.15667725
2024-02-29 16:00:00,-0.10769653
2024-02-29 17:00:00,-0.110198975
2024-02-29 18:00:00,-0.4345398
2024-02-29 19:00:00,-0.500824
2024-02-29 20:00:00,-0.41708374
2024-02-29 21:00:00,-0.15298462
2024-02-29 22:00:00,-0.471344
2024-02-29 23:00:00,0.21237183
2024-03-01 00:00:00,1.0105286
2024-03-01 01:00:00,1.5961609
2024-03-01 02:00:00,1.8777161
2024-03-01 03:00:00,2.2395935
2024-03-01 04:00:00,2.4447327
2024-03-01 05:00:00,2.1941833
2024-03-01 06:00:00,2.0636292
2024-03-01 07:00:00,2.400299
2024-03-01 08:00:00,2.8563538
2024-03-01 09:00:00,3.1518555
2024-03-01 10:00:00,2.869934
2024-03-01 11:00:00,2.8695374
2024-03-01 12:00:00,2.7140503
2024-03-01 13:00:00,2.667328
2024-03-01 14:00:00,2.9065247
2024-03-01 15:00:00,2.9554443
2024-03-01 16:00:00,2.7605896
2024-03-01 17:00:00,2.2861328
2024-03-01 18:00:00,2.4371033
2024-03-01 19:00:00,3.2409668
2024-03-01 20:00:00,4.31369
2024-03-01 21:00:00,5.365509
2024-03-01 22:00:00,5.494507
2024-03-01 23:00:00,6.386627
2024-03-02 00:00:00,6.452667
2024-03-02 01:00:00,6.070282
2024-03-02 02:00:00,5.6072693
2024-03-02 03:00:00,5.078644
2024-03-02 04:00:00,4.9912415
2024-03-02 05:00:00,5.034973
2024-03-02 06:00:00,4.6950073
2024-03-02 07:00:00,4.2249146
2024-03-02 08:00:00,3.801361
2024-03-02 09:00:00,3.4863586
2024-03-02 10:00:00,2.9266052
2024-03-02 11:00:00,2.1796265
2024-03-02 12:00:00,1.7391968
2024-03-02 13:00:00,1.2765198
2024-03-02 14:00:00,1.1081543
2024-03-02 15:00:00,1.4801636
2024-03-02 16:00:00,1.5448914
2024-03-02 17:00:00,1.6214905
2024-03-02 18:00:00,1.8935547
2024-03-02 19:00:00,2.2955017
2024-03-02 20:00:00,2.7865295
2024-03-02 21:00:00,3.2137146
2024-03-02 22:00:00,2.4586487
2024-03-02 23:00:00,3.0531616
2024-03-03 00:00:00,3.6787415
2024-03-03 01:00:00,4.063629
2024-03-03 02:00:00,4.1163025
2024-03-03 03:00:00,3.9880676
2024-03-03 04:00:00,4.066681
2024-03-03 05:00:00,4.448395
2024-03-03 06:00:00,4.865509
2024-03-03 07:00:00,5.026703
2024-03-03 08:00:00,5.004883
2024-03-03 09:00:00,4.7223816
2024-03-03 10:00:00,4.497711
2024-03-03 11:00:00,4.037201
2024-03-03 12:00:00,3.8959045
2024-03-03 13:00:00,3.6593933
2024-03-03 14:00:00,3.3134766
2024-03-03 15:00:00,3.3103638
2024-03-03 16:00:00,3.6776428
2024-03-03 17:00:00,4.03598
2024-03-03 18:00:00,3.8365173
2024-03-03 19:00:00,2.9501953
2024-03-03 20:00:00,2.6310425
2024-03-03 21:00:00,2.7253723
2024-03-03 22:00:00,3.193451
2024-03-03 23:00:00,3.1292725
2024-03-04 00:00:00,3.034546
2024-03-04 01:00:00,2.8674622
2024-03-04 02:00:00,2.5834045
2024-03-04 03:00:00,2.252777
2024-03-04 04:00:00,1.9395447
2024-03-04 05:00:00,1.4434509
2024-03-04 06:00:00,0.7442322
2024-03-04 07:00:00,0.32357788
2024-03-04 08:00:00,0.15682983
2024-03-04 09:00:00,-0.055511475
2024-03-04 10:00:00,-0.34490967
2024-03-04 11:00:00,-0.7135925
2024-03-04 12:00:00,-0.8604431
2024-03-04 13:00:00,-0.74871826
2024-03-04 14:00:00,-0.7754822
2024-03-04 15:00:00,-0.8015747
2024-03-04 16:00:00,-0.731781
2024-03-04 17:00:00,-0.46939087
2024-03-04 18:00:00,-0.19345093
2024-03-04 19:00:00,-0.17172241
2024-03-04 20:00:00,-0.5888977
2024-03-04 21:00:00,-0.87127686
2024-03-04 22:00:00,-0.710022
2024-03-04 23:00:00,-0.17129517
2024-03-05 00:00:00,-0.3494568
2024-03-05 01:00:00,-0.5667114
2024-03-05 02:00:00,-0.6118164
2024-03-05 03:00:00,-0.3645935
2024-03-05 04:00:00,-0.16409302
2024-03-05 05:00:00,-0.48031616
2024-03-05 06:00:00,-1.4415283
2024-03-05 07:00:00,-2.705536
2024-03-05 08:00:00,-3.374237
2024-03-05 09:00:00,-3.6826477
2024-03-05 10:00:00,-3.5748596
2024-03-05 11:00:00,-3.4653015
2024-03-05 12:00:00,-3.4051514
2024-03-05 13:00:00,-3.2314758
2024-03-05 14:00:00,-3.2239075
2024-03-05 15:00:00,-3.438446
2024-03-05 16:00:00,-3.6064148
2024-03-05 17:00:00,-3.8349915
2024-03-05 18:00:00,-4.0467224
2024-03-05 19:00:00,-3.99115
2024-03-05 20:00:00,-3.6124573
2024-03-05 21:00:00,-3.4057922
2024-03-05 22:00:00,-3.1140442
2024-03-05 23:00:00,-3.0019226
2024-03-06 00:00:00,-2.7513733
2024-03-06 01:00:00,-2.5100403
2024-03-06 02:00:00,-2.3796692
2024-03-06 03:00:00,-2.1888123
2024-03-06 04:00:00,-1.9972534
2024-03-06 05:00:00,-1.9170227
2024-03-06 06:00:00,-1.790741
2024-03-06 07:00:00,-1.5902405
2024-03-06 08:00:00,-2.0466614
2024-03-06 09:00:00,-2.4911194
2024-03-06 10:00:00,-2.040741
2024-03-06 11:00:00,-2.378479
2024-03-06 12:00:00,-2.509735
2024-03-06 13:00:00,-2.3269958
2024-03-06 14:00:00,-1.9112854
2024-03-06 15:00:00,-1.3326111
2024-03-06 16:00:00,-0.38534546
2024-03-06 17:00:00,0.35064697
2024-03-06 18:00:00,1.081604
2024-03-06 19:00:00,1.5570374
2024-03-06 20:00:00,1.8545227
2024-03-06 21:00:00,1.9652405
2024-03-06 22:00:00,2.2026672
2024-03-06 23:00:00,2.0247498
2024-03-07 00:00:00,1.7284546
2024-03-07 01:00:00,1.5624695
2024-03-07 02:00:00,1.5537415
2024-03-07 03:00:00,1.8971252
2024-03-07 04:00:00,2.6372986
2024-03-07 05:00:00,3.2929382
2024-03-07 06:00:00,3.8061218
2024-03-07 07:00:00,4.1236877
2024-03-07 08:00:00,4.381439
2024-03-07 09:00:00,4.677704
2024-03-07 10:00:00,5.259674
2024-03-07 11:00:00,5.390503
2024-03-07 12:00:00,5.551361
2024-03-07 13:00:00,5.776764
2024-03-07 14:00:00,5.9170227
2024-03-07 15:00:00,5.93869
2024-03-07 16:00:00,5.829651
2024-03-07 17:00:00,5.6317444
2024-03-07 18:00:00,5.4743958
2024-03-07 19:00:00,5.2660217
2024-03-07 20:00:00,5.0357666
2024-03-07 21:00:00,4.76828
2024-03-07 22:00:00,4.3594666
2024-03-07 23:00:00,4.089142
2024-03-08 00:00:00,3.6252747
2024-03-08 01:00:00,3.0072021
2024-03-08 02:00:00,2.3780212
2024-03-08 03:00:00,1.9264832
2024-03-08 04:00:00,1.8327332
2024-03-08 05:00:00,1.7419128
2024-03-08 06:00:00,1.3544312
2024-03-08 07:00:00,0.87905884
2024-03-08 08:00:00,0.6237793
2024-03-08 09:00:00,0.4143982
2024-03-08 10:00:00,1.5203552
2024-03-08 11:00:00,0.78952026
2024-03-08 12:00:00,-0.7495117
2024-03-08 13:00:00,-2.2996826
2024-03-08 14:00:00,-3.5027466
2024-03-08 15:00:00,-4.086914
2024-03-08 16:00:00,-4.806488
2024-03-08 17:00:00,-5.5078735
2024-03-08 18:00:00,-5.9848633
2024-03-08 19:00:00,-6.3332825
2024-03-08 20:00:00,-6.393585
2024-03-08 21:00:00,-6.622772
2024-03-08 22:00:00,-7.148163
2024-03-08 23:00:00,-7.294525
2024-03-09 00:00:00,-7.335541
2024-03-09 01:00:00,-7.2759094
2024-03-09 02:00:00,-7.188446
2024-03-09 03:00:00,-6.9858704
2024-03-09 04:00:00,-6.8461
2024-03-09 05:00:00,-6.6605225
2024-03-09 06:00:00,-6.5155945
2024-03-09 07:00:00,-6.450714
2024-03-09 08:00:00,-6.4198303
2024-03-09 09:00:00,-6.2987976
2024-03-09 10:00:00,-5.8682556
2024-03-09 11:00:00,-5.897064
2024-03-09 12:00:00,-5.848114
2024-03-09 13:00:00,-5.8246765
2024-03-09 14:00:00,-5.823822
2024-03-09 15:00:00,-5.930481
2024-03-09 16:00:00,-6.0733337
2024-03-09 17:00:00,-6.170807
2024-03-09 18:00:00,-6.196869
2024-03-09 19:00:00,-6.179718
2024-03-09 20:00:00,-5.9618225
2024-03-09 21:00:00,-5.8553467
2024-03-09 22:00:00,-6.1101685
2024-03-09 23:00:00,-5.994446
2024-03-10 00:00:00,-5.875763
2024-03-10 01:00:00,-5.807953
2024-03-10 02:00:00,-5.8457336
2024-03-10 03:00:00,-5.9458923
2024-03-10 04:00:00,-6.0150757
2024-03-10 05:00:00,-6.0779724
2024-03-10 06:00:00,-6.0763245
2024-03-10 07:00:00,-6.017975
2024-03-10 08:00:00,-5.8118286
2024-03-10 09:00:00,-5.8701477
2024-03-10 10:00:00,-6.1898193
2024-03-10 11:00:00,-6.165344
2024-03-10 12:00:00,-6.092499
2024-03-10 13:00:00,-6.10083
2024-03-10 14:00:00,-6.1458435
2024-03-10 15:00:00,-6.2011414
2024-03-10 16:00:00,-6.1775208
2024-03-10 17:00:00,-6.154419
2024-03-10 18:00:00,-5.970459
2024-03-10 19:00:00,-5.8528748
2024-03-10 20:00:00,-5.628937
2024-03-10 21:00:00,-5.347351
2024-03-10 22:00:00,-5.3788757
2024-03-10 23:00:00,-5.2912292
2024-03-11 00:00:00,-5.0594788
2024-03-11 01:00:00,-4.758362
2024-03-11 02:00:00,-4.426605
2024-03-11 03:00:00,-4.120514
2024-03-11 04:00:00,-3.9360046
2024-03-11 05:00:00,-3.8441162
2024-03-11 06:00:00,-3.7836304
2024-03-11 07:00:00,-3.6990662
2024-03-11 08:00:00,-3.6439514
2024-03-11 09:00:00,-3.7243347
2024-03-11 10:00:00,-2.8494873
2024-03-11 11:00:00,-2.7326355
2024-03-11 12:00:00,-2.5475464
2024-03-11 13:00:00,-2.5484314
2024-03-11 14:00:00,-2.7465515
2024-03-11 15:00:00,-2.7210999
2024-03-11 16:00:00,-2.1896667
2024-03-11 17:00:00,-1.354126
2024-03-11 18:00:00,-0.78518677
2024-03-11 19:00:00,-0.46206665
2024-03-11 20:00:00,-0.0423584
2024-03-11 21:00:00,0.47860718
2024-03-11 22:00:00,0.58651733
2024-03-11 23:00:00,0.53149414
2024-03-12 00:00:00,0.3894043
2024-03-12 01:00:00,0.17019653
2024-03-12 02:00:00,-0.12600708
2024-03-12 03:00:00,-0.43249512
2024-03-12 04:00:00,-0.7480774
2024-03-12 05:00:00,-0.89346313
2024-03-12 06:00:00,-0.82650757
2024-03-12 07:00:00,-0.78152466
2024-03-12 08:00:00,-0.79244995
2024-03-12 09:00:00,-0.84957886
2024-03-12 10:00:00,-0.45565796
2024-03-12 11:00:00,-0.69940186
2024-03-12 12:00:00,-0.73483276
2024-03-12 13:00:00,-0.49084473
2024-03-12 14:00:00,-0.2071228
2024-03-12 15:00:00,0.11935425
2024-03-12 16:00:00,0.5587158
2024-03-12 17:00:00,0.87631226
2024-03-12 18:00:00,0.8678894
2024-03-12 19:00:00,0.7676697
2024-03-12 20:00:00,0.5689392
2024-03-12 21:00:00,0.4184265
2024-03-12 22:00:00,0.42770386
2024-03-12 23:00:00,0.017486572
2024-03-13 00:00:00,-0.6989136
2024-03-13 01:00:00,-1.2163696
2024-03-13 02:00:00,-1.3305969
2024-03-13 03:00:00,-1.2358704
2024-03-13 04:00:00,-1.1250305
2024-03-13 05:00:00,-1.070343
2024-03-13 06:00:00,-1.0674438
2024-03-13 07:00:00,-0.99172974
2024-03-13 08:00:00,-0.8977661
2024-03-13 09:00:00,-0.8505554
2024-03-13 10:00:00,-0.6644287
2024-03-13 11:00:00,-0.63427734
2024-03-13 12:00:00,-0.5708618
2024-03-13 13:00:00,-0.57040405
2024-03-13 14:00:00,-0.42660522
2024-03-13 15:00:00,-0.17739868
2024-03-13 16:00:00,0.08816528
2024-03-13 17:00:00,0.69680786
2024-03-13 18:00:00,1.4832458
2024-03-13 19:00:00,2.0941772
2024-03-13 20:00:00,2.526947
2024-03-13 21:00:00,2.8562622
2024-03-13 22:00:00,2.7797546
2024-03-13 23:00:00,2.6127014
2024-03-14 00:00:00,2.6160583
2024-03-14 01:00:00,2.5032654
2024-03-14 02:00:00,2.3493652
2024-03-14 03:00:00,2.4263
2024-03-14 04:00:00,2.9146423
2024-03-14 05:00:00,3.1357117
2024-03-14 06:00:00,3.4081726
2024-03-14 07:00:00,3.7819214
2024-03-14 08:00:00,4.140747
2024-03-14 09:00:00,4.488922
2024-03-14 10:00:00,4.8334045
2024-03-14 11:00:00,5.668579
2024-03-14 12:00:00,6.354645
2024-03-14 13:00:00,6.665741
2024-03-14 14:00:00,6.663269
2024-03-14 15:00:00,6.45755
2024-03-14 16:00:00,6.184784
2024-03-14 17:00:00,5.9185486
2024-03-14 18:00:00,5.6247864
2024-03-14 19:00:00,5.3197327
2024-03-14 20:00:00,5.145874
2024-03-14 21:00:00,4.91745
2024-03-14 22:00:00,5.7445984
2024-03-14 23:00:00,5.477936
2024-03-15 00:00:00,5.367157
2024-03-15 01:00:00,5.3488464
2024-03-15 02:00:00,5.45755
2024-03-15 03:00:00,5.557312
2024-03-15 04:00:00,5.621002
2024-03-15 05:00:00,5.6657104
2024-03-15 06:00:00,5.697174
2024-03-15 07:00:00,5.6861267
2024-03-15 08:00:00,5.704315
2024-03-15 09:00:00,5.87677
2024-03-15 10:00:00,6.7424316
2024-03-15 11:00:00,7.18396
2024-03-15 12:00:00,7.9733276
2024-03-15 13:00:00,8.609741
2024-03-15 14:00:00,9.091522
2024-03-15 15:00:00,9.588959
2024-03-15 16:00:00,9.841705
2024-03-15 17:00:00,10.210297
2024-03-15 18:00:00,9.988434
2024-03-15 19:00:00,9.368927
2024-03-15 20:00:00,8.647705
2024-03-15 21:00:00,7.9009094
2024-03-15 22:00:00,8.024384
2024-03-15 23:00:00,7.7205505
2024-03-16 00:00:00,7.3038025
2024-03-16 01:00:00,7.0332336
2024-03-16 02:00:00,7.039337
2024-03-16 03:00:00,6.9318237
2024-03-16 04:00:00,6.711334
2024-03-16 05:00:00,6.334442
2024-03-16 06:00:00,6.171356
2024-03-16 07:00:00,6.3191223
2024-03-16 08:00:00,6.4410095
2024-03-16 09:00:00,6.433563
2024-03-16 10:00:00,6.434906
2024-03-16 11:00:00,6.5331116
2024-03-16 12:00:00,6.3683777
2024-03-16 13:00:00,5.51828
2024-03-16 14:00:00,3.6706238
2024-03-16 15:00:00,1.6369934
2024-03-16 16:00:00,-0.05166626
2024-03-16 17:00:00,-1.796051
2024-03-16 18:00:00,-2.8485107
2024-03-16 19:00:00,-3.5126038
2024-03-16 20:00:00,-3.9657593
2024-03-16 21:00:00,-4.383148
2024-03-16 22:00:00,-4.8145447
2024-03-16 23:00:00,-4.9859314
2024-03-17 00:00:00,-5.346283
2024-03-17 01:00:00,-5.5082703
2024-03-17 02:00:00,-5.559784
2024-03-17 03:00:00,-5.5727844
2024-03-17 04:00:00,-5.7218323
2024-03-17 05:00:00,-5.8785706
2024-03-17 06:00:00,-6.064148
2024-03-17 07:00:00,-6.229767
2024-03-17 08:00:00,-6.2756042
2024-03-17 09:00:00,-6.19281
2024-03-17 10:00:00,-6.6231384
2024-03-17 11:00:00,-6.591522
2024-03-17 12:00:00,-6.7102356
2024-03-17 13:00:00,-6.704376
2024-03-17 14:00:00,-6.721588
2024-03-17 15:00:00,-6.9544373
2024-03-17 16:00:00,-7.306061
2024-03-17 17:00:00,-7.3958435
2024-03-17 18:00:00,-7.2607117
2024-03-17 19:00:00,-7.084381
2024-03-17 20:00:00,-6.9453735
2024-03-17 21:00:00,-6.897644
2024-03-17 22:00:00,-7.097809
2024-03-17 23:00:00,-7.181244
2024-03-18 00:00:00,-7.2639465
2024-03-18 01:00:00,-7.1875916
2024-03-18 02:00:00,-7.1520996
2024-03-18 03:00:00,-7.371155
2024-03-18 04:00:00,-7.488312
2024-03-18 05:00:00,-7.298065
2024-03-18 06:00:00,-7.019348
2024-03-18 07:00:00,-7.1332397
2024-03-18 08:00:00,-7.596222
2024-03-18 09:00:00,-7.6376038
2024-03-18 10:00:00,-6.517578
2024-03-18 11:00:00,-5.885132
2024-03-18 12:00:00,-5.427429
2024-03-18 13:00:00,-5.1404114
2024-03-18 14:00:00,-5.001526
2024-03-18 15:00:00,-5.059845
2024-03-18 16:00:00,-5.2614746
2024-03-18 17:00:00,-5.474304
2024-03-18 18:00:00,-5.76416
2024-03-18 19:00:00,-5.9457703
2024-03-18 20:00:00,-5.9809875
2024-03-18 21:00:00,-5.819916
2024-03-18 22:00:00,-5.44339
2024-03-18 23:00:00,-5.450592
2024-03-19 00:00:00,-5.4564514
2024-03-19 01:00:00,-5.4237976
2024-03-19 02:00:00,-5.3500977
2024-03-19 03:00:00,-5.3135376
2024-03-19 04:00:00,-5.3657227
2024-03-19 05:00:00,-5.4179993
2024-03-19 06:00:00,-5.3815613
2024-03-19 07:00:00,-5.1398926
2024-03-19 08:00:00,-4.9856873
2024-03-19 09:00:00,-4.747162
2024-03-19 10:00:00,-4.2345886
2024-03-19 11:00:00,-3.6775208
2024-03-19 12:00:00,-3.124176
2024-03-19 13:00:00,-2.6932373
2024-03-19 14:00:00,-2.6033325
2024-03-19 15:00:00,-2.5823975
2024-03-19 16:00:00,-2.5820007
2024-03-19 17:00:00,-2.6247253
2024-03-19 18:00:00,-2.563507
2024-03-19 19:00:00,-2.5599976
2024-03-19 20:00:00,-2.6801758
2024-03-19 21:00:00,-2.8381653
2024-03-19 22:00:00,-3.0503235
2024-03-19 23:00:00,-2.73703
2024-03-20 00:00:00,-2.5508728
2024-03-20 01:00:00,-2.3657837
2024-03-20 02:00:00,-2.0644836
2024-03-20 03:00:00,-1.672821
2024-03-20 04:00:00,-1.3408508
2024-03-20 05:00:00,-1.1528015
2024-03-20 06:00:00,-1.0211487
2024-03-20 07:00:00,-0.73983765
2024-03-20 08:00:00,-0.5312195
2024-03-20 09:00:00,-0.59542847
2024-03-20 10:00:00,-1.1752625
2024-03-20 11:00:00,-1.0438538
2024-03-20 12:00:00,-0.5794983
2024-03-20 13:00:00,-0.07852173
2024-03-20 14:00:00,0.30426025
2024-03-20 15:00:00,0.532074
2024-03-20 16:00:00,0.705719
2024-03-20 17:00:00,0.8409424
2024-03-20 18:00:00,0.87179565
2024-03-20 19:00:00,0.76776123
2024-03-20 20:00:00,0.6525574
2024-03-20 21:00:00,0.6237793
2024-03-20 22:00:00,0.96151733
2024-03-20 23:00:00,0.99368286
2024-03-21 00:00:00,1.0056458
2024-03-21 01:00:00,0.97369385
2024-03-21 02:00:00,0.84402466
2024-03-21 03:00:00,0.6390686
2024-03-21 04:00:00,0.41171265
2024-03-21 05:00:00,0.2206726
2024-03-21 06:00:00,0.11489868
2024-03-21 07:00:00,0.06845093
2024-03-21 08:00:00,0.109436035
2024-03-21 09:00:00,0.34402466
2024-03-21 10:00:00,-0.39920044
2024-03-21 11:00:00,-0.36495972
2024-03-21 12:00:00,0.1590271
2024-03-21 13:00:00,0.66726685
2024-03-21 14:00:00,0.87075806
2024-03-21 15:00:00,0.990448
2024-03-21 16:00:00,1.1025696
2024-03-21 17:00:00,1.1129456
2024-03-21 18:00:00,1.0427551
2024-03-21 19:00:00,0.9343567
2024-03-21 20:00:00,0.7154846
2024-03-21 21:00:00,0.40222168
2024-03-21 22:00:00,0.29647827
2024-03-21 23:00:00,0.17092896
2024-03-22 00:00:00,0.098480225
2024-03-22 01:00:00,0.10952759
2024-03-22 02:00:00,0.6507263
2024-03-22 03:00:00,0.8453064
2024-03-22 04:00:00,0.48934937
2024-03-22 05:00:00,0.009277344
2024-03-22 06:00:00,0.15841675
2024-03-22 07:00:00,0.6147156
2024-03-22 08:00:00,1.1236877
2024-03-22 09:00:00,1.6205444
2024-03-22 10:00:00,2.0158386
2024-03-22 11:00:00,2.6289978
2024-03-22 12:00:00,3.2417908
2024-03-22 13:00:00,3.6723328
2024-03-22 14:00:00,4.1488647
2024-03-22 15:00:00,4.5558777
2024-03-22 16:00:00,4.654114
2024-03-22 17:00:00,4.5755615
2024-03-22 18:00:00,4.356781
2024-03-22 19:00:00,3.8242493
2024-03-22 20:00:00,3.2521667
2024-03-22 21:00:00,2.846222
2024-03-22 22:00:00,3.092682
2024-03-22 23:00:00,3.1532288
2024-03-23 00:00:00,2.9143982
2024-03-23 01:00:00,2.3371277
2024-03-23 02:00:00,1.6472168
2024-03-23 03:00:00,0.9937744
2024-03-23 04:00:00,0.6533203
2024-03-23 05:00:00,0.34170532
2024-03-23 06:00:00,0.058624268
2024-03-23 07:00:00,0.012939453
2024-03-23 08:00:00,0.4322815
2024-03-23 09:00:00,1.3452454
2024-03-23 10:00:00,2.310089
2024-03-23 11:00:00,2.7226257
2024-03-23 12:00:00,3.176361
2024-03-23 13:00:00,3.584015
2024-03-23 14:00:00,3.9465332
2024-03-23 15:00:00,4.1217957
2024-03-23 16:00:00,3.8591309
2024-03-23 17:00:00,3.4690857
2024-03-23 18:00:00,3.2025452
2024-03-23 19:00:00,3.0342102
2024-03-23 20:00:00,2.9727173
2024-03-23 21:00:00,2.9668274
2024-03-23 22:00:00,2.1308289
2024-03-23 23:00:00,2.1459656
2024-03-24 00:00:00,2.2376404
2024-03-24 01:00:00,2.2303162
2024-03-24 02:00:00,2.1077576
2024-03-24 03:00:00,1.9237366
2024-03-24 04:00:00,1.7326355
2024-03-24 05:00:00,1.4822083
2024-03-24 06:00:00,1.314148
2024-03-24 07:00:00,1.1631165
2024-03-24 08:00:00,0.6835022
2024-03-24 09:00:00,-0.14376831
2024-03-24 10:00:00,-0.49118042
2024-03-24 11:00:00,-0.76013184
2024-03-24 12:00:00,-0.9352722
2024-03-24 13:00:00,-1.2724304
2024-03-24 14:00:00,-1.6595764
2024-03-24 15:00:00,-1.9667358
2024-03-24 16:00:00,-2.335968
2024-03-24 17:00:00,-2.8423767
2024-03-24 18:00:00,-3.3770447
2024-03-24 19:00:00,-3.8804016
2024-03-24 20:00:00,-4.261505
2024-03-24 21:00:00,-4.4580383
2024-03-24 22:00:00,-4.4953003
2024-03-24 23:00:00,-4.7087097
2024-03-25 00:00:00,-4.8956604
2024-03-25 01:00:00,-5.037018
2024-03-25 02:00:00,-5.1405945
2024-03-25 03:00:00,-5.174652
2024-03-25 04:00:00,-5.2362366
2024-03-25 05:00:00,-5.2654724
2024-03-25 06:00:00,-5.2281494
2024-03-25 07:00:00,-5.058655
2024-03-25 08:00:00,-4.6948547
2024-03-25 09:00:00,-4.0335693
2024-03-25 10:00:00,-3.2816772
2024-03-25 11:00:00,-2.7540588
2024-03-25 12:00:00,-2.4334412
2024-03-25 13:00:00,-2.249176
2024-03-25 14:00:00,-2.018402
2024-03-25 15:00:00,-2.2890015
2024-03-25 16:00:00,-2.5624084
2024-03-25 17:00:00,-2.6791687
2024-03-25 18:00:00,-2.7679138
2024-03-25 19:00:00,-2.916626
2024-03-25 20:00:00,-3.1509705
2024-03-25 21:00:00,-3.4217834
2024-03-25 22:00:00,-3.3495483
2024-03-25 23:00:00,-3.502716
2024-03-26 00:00:00,-3.6190186
2024-03-26 01:00:00,-3.6931458
2024-03-26 02:00:00,-3.6382751
2024-03-26 03:00:00,-3.6076355
2024-03-26 04:00:00,-3.5572205
2024-03-26 05:00:00,-3.5207825
2024-03-26 06:00:00,-3.4947205
2024-03-26 07:00:00,-3.441742
2024-03-26 08:00:00,-3.1548157
2024-03-26 09:00:00,-2.7626648
2024-03-26 10:00:00,-2.1042786
2024-03-26 11:00:00,-1.8465271
2024-03-26 12:00:00,-1.8764954
2024-03-26 13:00:00,-1.6409607
2024-03-26 14:00:00,-1.5138855
2024-03-26 15:00:00,-1.2916565
2024-03-26 16:00:00,-1.1013794
2024-03-26 17:00:00,-0.8323059
2024-03-26 18:00:00,-0.48287964
2024-03-26 19:00:00,-0.17025757
2024-03-26 20:00:00,0.177948
2024-03-26 21:00:00,0.5971985
2024-03-26 22:00:00,1.39505
2024-03-26 23:00:00,1.6428528
2024-03-27 00:00:00,1.7620544
2024-03-27 01:00:00,1.6749573
2024-03-27 02:00:00,1.7857361
2024-03-27 03:00:00,2.054535
2024-03-27 04:00:00,2.3085022
2024-03-27 05:00:00,2.5908508
2024-03-27 06:00:00,2.8002014
2024-03-27 07:00:00,3.0133667
2024-03-27 08:00:00,3.120697
2024-03-27 09:00:00,2.887848
2024-03-27 10:00:00,2.714386
2024-03-27 11:00:00,2.7662659
2024-03-27 12:00:00,3.070343
2024-03-27 13:00:00,3.3287354
2024-03-27 14:00:00,3.4510803
2024-03-27 15:00:00,3.7388
2024-03-27 16:00:00,4.3343506
2024-03-27 17:00:00,4.939728
2024-03-27 18:00:00,5.428009
2024-03-27 19:00:00,5.999634
2024-03-27 20:00:00,6.610504
2024-03-27 21:00:00,7.192047
2024-03-27 22:00:00,7.64682
2024-03-27 23:00:00,7.9371033
2024-03-28 00:00:00,8.1050415
2024-03-28 01:00:00,8.1831665
2024-03-28 02:00:00,8.0885315
2024-03-28 03:00:00,8.033142
2024-03-28 04:00:00,8.027039
2024-03-28 05:00:00,7.779907
2024-03-28 06:00:00,7.51532
2024-03-28 07:00:00,7.1855164
2024-03-28 08:00:00,6.361786
2024-03-28 09:00:00,5.461426
2024-03-28 10:00:00,5.346344
2024-03-28 11:00:00,5.2796936
2024-03-28 12:00:00,5.3210754
2024-03-28 13:00:00,5.300812
2024-03-28 14:00:00,5.457672
2024-03-28 15:00:00,5.7221375
2024-03-28 16:00:00,6.033966
2024-03-28 17:00:00,6.2607117
2024-03-28 18:00:00,6.8120728
2024-03-28 19:00:00,7.5291443
2024-03-28 20:00:00,7.5434875
2024-03-28 21:00:00,7.447052
2024-03-28 22:00:00,7.613312
2024-03-28 23:00:00,7.091522
2024-03-29 00:00:00,6.2156067
2024-03-29 01:00:00,5.4297485
2024-03-29 02:00:00,5.3230286
2024-03-29 03:00:00,5.138092
2024-03-29 04:00:00,4.7998962
2024-03-29 05:00:00,4.4650574
2024-03-29 06:00:00,4.1907654
2024-03-29 07:00:00,3.9668274
2024-03-29 08:00:00,3.7684631
2024-03-29 09:00:00,3.6513977
2024-03-29 10:00:00,4.9622498
2024-03-29 11:00:00,5.144104
2024-03-29 12:00:00,5.6002197
2024-03-29 13:00:00,6.336029
2024-03-29 14:00:00,7.0173645
2024-03-29 15:00:00,7.525238
2024-03-29 16:00:00,7.7729797
2024-03-29 17:00:00,7.863312
2024-03-29 18:00:00,7.924469
2024-03-29 19:00:00,8.070953
2024-03-29 20:00:00,8.177155
2024-03-29 21:00:00,7.873871
2024-03-29 22:00:00,7.8704834
2024-03-29 23:00:00,7.4463806
2024-03-30 00:00:00,7.1921387
2024-03-30 01:00:00,7.0036926
2024-03-30 02:00:00,6.8040466
2024-03-30 03:00:00,6.506012
2024-03-30 04:00:00,6.1236267
2024-03-30 05:00:00,5.617859
2024-03-30 06:00:00,5.0140076
2024-03-30 07:00:00,4.5936584
2024-03-30 08:00:00,4.5117493
2024-03-30 09:00:00,4.493988
2024-03-30 10:00:00,5.6822205
2024-03-30 11:00:00,6.3302917
2024-03-30 12:00:00,6.802307
2024-03-30 13:00:00,7.0219727
2024-03-30 14:00:00,7.1682434
2024-03-30 15:00:00,7.1994324
2024-03-30 16:00:00,6.967865
2024-03-30 17:00:00,6.738037
2024-03-30 18:00:00,6.534027
2024-03-30 19:00:00,6.3619995
2024-03-30 20:00:00,6.2550964
2024-03-30 21:00:00,6.181122
2024-03-30 22:00:00,6.2263794
2024-03-30 23:00:00,6.1987
2024-03-31 00:00:00,6.3125305
2024-03-31 01:00:00,6.445801
2024-03-31 02:00:00,6.568207
2024-03-31 03:00:00,6.941681
2024-03-31 04:00:00,7.171051
2024-03-31 05:00:00,7.18869
2024-03-31 06:00:00,7.451996
2024-03-31 07:00:00,8.028229
2024-03-31 08:00:00,8.738434
2024-03-31 09:00:00,8.989838
2024-03-31 10:00:00,8.830109
2024-03-31 11:00:00,8.560211
2024-03-31 12:00:00,7.474121
2024-03-31 13:00:00,6.5631104
2024-03-31 14:00:00,6.1935425
2024-03-31 15:00:00,6.772217
2024-03-31 16:00:00,7.5641174
2024-03-31 17:00:00,7.8243713
2024-03-31 18:00:00,8.008667
2024-03-31 19:00:00,8.010223
2024-03-31 20:00:00,8.03775
2024-03-31 21:00:00,8.225128
2024-03-31 22:00:00,8.1633
2024-03-31 23:00:00,7.8561096
2024-04-01 00:00:00,7.6022644
2024-04-01 01:00:00,6.9384766
2024-04-01 02:00:00,6.4234314
2024-04-01 03:00:00,5.850464
2024-04-01 04:00:00,5.689636
2024-04-01 05:00:00,6.0366516
2024-04-01 06:00:00,5.9518433
2024-04-01 07:00:00,4.580536
2024-04-01 08:00:00,2.683136
2024-04-01 09:00:00,2.20578
2024-04-01 10:00:00,2.5515442
2024-04-01 11:00:00,2.7224731
2024-04-01 12:00:00,2.6769104
2024-04-01 13:00:00,2.379486
2024-04-01 14:00:00,1.9964905
2024-04-01 15:00:00,1.2334595
2024-04-01 16:00:00,0.41400146
2024-04-01 17:00:00,-0.30282593
2024-04-01 18:00:00,-0.7835083
2024-04-01 19:00:00,-0.8270569
2024-04-01 20:00:00,-1.204071
2024-04-01 21:00:00,-1.9489746
2024-04-01 22:00:00,-2.8997498
2024-04-01 23:00:00,-3.1565247
2024-04-02 00:00:00,-3.3739014
2024-04-02 01:00:00,-3.512146
2024-04-02 02:00:00,-3.4978943
2024-04-02 03:00:00,-3.5358276
2024-04-02 04:00:00,-3.6375732
2024-04-02 05:00:00,-3.6699524
2024-04-02 06:00:00,-3.6246643
2024-04-02 07:00:00,-3.5169983
2024-04-02 08:00:00,-3.5041199
2024-04-02 09:00:00,-3.528839
2024-04-02 10:00:00,-4.2640076
2024-04-02 11:00:00,-4.3090515
2024-04-02 12:00:00,-4.3103943
2024-04-02 13:00:00,-4.3447266
2024-04-02 14:00:00,-4.429474
2024-04-02 15:00:00,-4.361725
2024-04-02 16:00:00,-4.2323303
2024-04-02 17:00:00,-4.22052
2024-04-02 18:00:00,-4.244995
2024-04-02 19:00:00,-4.278473
2024-04-02 20:00:00,-4.3005066
2024-04-02 21:00:00,-4.346527
2024-04-02 22:00:00,-4.8913574
2024-04-02 23:00:00,-5.262909
2024-04-03 00:00:00,-5.313324
2024-04-03 01:00:00,-5.249481
2024-04-03 02:00:00,-5.1298523
2024-04-03 03:00:00,-5.11026
2024-04-03 04:00:00,-5.2328186
2024-04-03 05:00:00,-5.3980713
2024-04-03 06:00:00,-5.4733887
2024-04-03 07:00:00,-5.546417
2024-04-03 08:00:00,-5.7235413
2024-04-03 09:00:00,-5.881317
2024-04-03 10:00:00,-6.1239014
2024-04-03 11:00:00,-6.0611267
2024-04-03 12:00:00,-6.131378
2024-04-03 13:00:00,-6.2517395
2024-04-03 14:00:00,-6.327545
2024-04-03 15:00:00,-6.4541626
2024-04-03 16:00:00,-6.6526184
2024-04-03 17:00:00,-6.813202
2024-04-03 18:00:00,-6.9253235
2024-04-03 19:00:00,-6.9056396
2024-04-03 20:00:00,-6.839081
2024-04-03 21:00:00,-6.818054
2024-04-03 22:00:00,-7.297119
2024-04-03 23:00:00,-7.1996155
2024-04-04 00:00:00,-7.0639954
2024-04-04 01:00:00,-6.908966
2024-04-04 02:00:00,-6.789795
2024-04-04 03:00:00,-6.684845
2024-04-04 04:00:00,-6.6392517
2024-04-04 05:00:00,-6.5986633
2024-04-04 06:00:00,-6.524353
2024-04-04 07:00:00,-6.2428284
2024-04-04 08:00:00,-6.155731
2024-04-04 09:00:00,-5.96579
2024-04-04 10:00:00,-5.515259
2024-04-04 11:00:00,-5.2602844
2024-04-04 12:00:00,-5.0852966
2024-04-04 13:00:00,-5.023041
2024-04-04 14:00:00,-4.995453
2024-04-04 15:00:00,-4.97995
2024-04-04 16:00:00,-5.1721497
2024-04-04 17:00:00,-5.2113037
2024-04-04 18:00:00,-5.028717
2024-04-04 19:00:00,-4.8381653
2024-04-04 20:00:00,-4.508209
2024-04-04 21:00:00,-4.1431885
2024-04-04 22:00:00,-4.2063904
2024-04-04 23:00:00,-3.8507996
2024-04-05 00:00:00,-3.3973694
2024-04-05 01:00:00,-3.0288696
2024-04-05 02:00:00,-2.787445
2024-04-05 03:00:00,-2.642212
2024-04-05 04:00:00,-2.5224304
2024-04-05 05:00:00,-2.3564148
2024-04-05 06:00:00,-2.0266418
2024-04-05 07:00:00,-1.579956
2024-04-05 08:00:00,-1.2254333
2024-04-05 09:00:00,-0.9012146
2024-04-05 10:00:00,-1.0061951
2024-04-05 11:00:00,-1.0293579
2024-04-05 12:00:00,-1.1418762
2024-04-05 13:00:00,-1.1434937
2024-04-05 14:00:00,-1.082367
2024-04-05 15:00:00,-0.93911743
2024-04-05 16:00:00,-0.83602905
2024-04-05 17:00:00,-0.9225464
2024-04-05 18:00:00,-1.2060852
2024-04-05 19:00:00,-1.4581299
2024-04-05 20:00:00,-1.0153198
2024-04-05 21:00:00,-0.38830566
2024-04-05 22:00:00,0.114471436
2024-04-05 23:00:00,0.53204346
2024-04-06 00:00:00,0.8569336
2024-04-06 01:00:00,0.7345276
2024-04-06 02:00:00,0.2897339
2024-04-06 03:00:00,0.24154663
2024-04-06 04:00:00,0.16015625
2024-04-06 05:00:00,-0.036102295
2024-04-06 06:00:00,-0.21640015
2024-04-06 07:00:00,-0.769928
2024-04-06 08:00:00,-1.2423706
2024-04-06 09:00:00,-1.5942078
2024-04-06 10:00:00,-1.9274597
2024-04-06 11:00:00,-1.7280884
2024-04-06 12:00:00,-1.4692688
2024-04-06 13:00:00,-1.2720642
2024-04-06 14:00:00,-1.1166077
2024-04-06 15:00:00,-0.9305725
2024-04-06 16:00:00,-0.55145264
2024-04-06 17:00:00,-0.089538574
2024-04-06 18:00:00,0.11917114
2024-04-06 19:00:00,0.22732544
2024-04-06 20:00:00,0.37295532
2024-04-06 21:00:00,0.6308594
2024-04-06 22:00:00,1.3757629
2024-04-06 23:00:00,2.4595947
2024-04-07 00:00:00,4.080963
2024-04-07 01:00:00,6.1529236
2024-04-07 02:00:00,7.0816956
2024-04-07 03:00:00,7.515564
2024-04-07 04:00:00,6.707367
2024-04-07 05:00:00,6.746704
2024-04-07 06:00:00,7.680847
2024-04-07 07:00:00,9.301056
2024-04-07 08:00:00,10.726471
2024-04-07 09:00:00,10.895721
2024-04-07 10:00:00,9.023956
2024-04-07 11:00:00,8.210358
2024-04-07 12:00:00,8.912598
2024-04-07 13:00:00,9.18634
2024-04-07 14:00:00,9.357025
2024-04-07 15:00:00,9.694489
2024-04-07 16:00:00,9.8229065
2024-04-07 17:00:00,9.552277
2024-04-07 18:00:00,9.0841675
2024-04-07 19:00:00,8.622833
2024-04-07 20:00:00,8.183502
2024-04-07 21:00:00,7.9015503
2024-04-07 22:00:00,8.243866
2024-04-07 23:00:00,8.006744
2024-04-08 00:00:00,7.796112
2024-04-08 01:00:00,7.628235
2024-04-08 02:00:00,7.5582886
2024-04-08 03:00:00,7.6547546
2024-04-08 04:00:00,7.8593445
2024-04-08 05:00:00,8.264984
2024-04-08 06:00:00,8.70462
2024-04-08 07:00:00,9.178131
2024-04-08 08:00:00,9.471527
2024-04-08 09:00:00,9.346466
2024-04-08 10:00:00,9.892761
2024-04-08 11:00:00,10.403442
2024-04-08 12:00:00,10.930511
2024-04-08 13:00:00,11.283051
2024-04-08 14:00:00,11.50824
2024-04-08 15:00:00,11.66214
2024-04-08 16:00:00,11.749603
2024-04-08 17:00:00,11.691559
2024-04-08 18:00:00,11.506195
2024-04-08 19:00:00,11.259735
2024-04-08 20:00:00,10.960968
2024-04-08 21:00:00,10.578766
2024-04-08 22:00:00,10.233856
2024-04-08 23:00:00,9.929047
2024-04-09 00:00:00,9.714203
2024-04-09 01:00:00,9.6718445
2024-04-09 02:00:00,9.76413
2024-04-09 03:00:00,9.823547
2024-04-09 04:00:00,9.627747
2024-04-09 05:00:00,9.72879
2024-04-09 06:00:00,9.801666
2024-04-09 07:00:00,9.755463
2024-04-09 08:00:00,9.715851
2024-04-09 09:00:00,9.604889
2024-04-09 10:00:00,10.316498
2024-04-09 11:00:00,10.687134
2024-04-09 12:00:00,11.017426
2024-04-09 13:00:00,11.281708
2024-04-09 14:00:00,11.535522
2024-04-09 15:00:00,11.560944
2024-04-09 16:00:00,11.678986
2024-04-09 17:00:00,11.815338
2024-04-09 18:00:00,11.9079895
2024-04-09 19:00:00,12.243652
2024-04-09 20:00:00,12.662201
2024-04-09 21:00:00,12.872101
2024-04-09 22:00:00,13.224518
2024-04-09 23:00:00,14.299744
2024-04-10 00:00:00,15.416412
2024-04-10 01:00:00,14.597137
2024-04-10 02:00:00,9.858215
2024-04-10 03:00:00,8.326782
2024-04-10 04:00:00,9.062988
2024-04-10 05:00:00,8.685516
2024-04-10 06:00:00,7.4911194
2024-04-10 07:00:00,6.3572083
2024-04-10 08:00:00,5.854065
2024-04-10 09:00:00,6.000946
2024-04-10 10:00:00,6.1744995
2024-04-10 11:00:00,5.8157043
2024-04-10 12:00:00,5.729004
2024-04-10 13:00:00,6.25589
2024-04-10 14:00:00,6.336029
2024-04-10 15:00:00,6.1776123
2024-04-10 16:00:00,6.11734
2024-04-10 17:00:00,5.947418
2024-04-10 18:00:00,5.6044006
2024-04-10 19:00:00,5.259369
2024-04-10 20:00:00,4.867218
2024-04-10 21:00:00,4.3471375
2024-04-10 22:00:00,3.6406555
2024-04-10 23:00:00,3.3937378
2024-04-11 00:00:00,3.1244202
2024-04-11 01:00:00,2.840088
2024-04-11 02:00:00,2.4750366
2024-04-11 03:00:00,2.1714478
2024-04-11 04:00:00,2.0099792
2024-04-11 05:00:00,2.021576
2024-04-11 06:00:00,2.25766
2024-04-11 07:00:00,2.811676
2024-04-11 08:00:00,3.1357727
2024-04-11 09:00:00,3.0333557
2024-04-11 10:00:00,3.1080627
2024-04-11 11:00:00,3.0778503
2024-04-11 12:00:00,3.7058716
2024-04-11 13:00:00,4.8996887
2024-04-11 14:00:00,6.100769
2024-04-11 15:00:00,6.989258
2024-04-11 16:00:00,7.4111633
2024-04-11 17:00:00,7.982086
2024-04-11 18:00:00,8.676056
2024-04-11 19:00:00,9.083038
2024-04-11 20:00:00,8.987213
2024-04-11 21:00:00,8.676971
2024-04-11 22:00:00,8.661102
2024-04-11 23:00:00,8.35318
2024-04-12 00:00:00,8.560333
2024-04-12 01:00:00,9.10672
2024-04-12 02:00:00,9.461761
2024-04-12 03:00:00,10.108734
2024-04-12 04:00:00,9.977203
2024-04-12 05:00:00,9.715057
2024-04-12 06:00:00,9.789093
2024-04-12 07:00:00,9.679718
2024-04-12 08:00:00,9.776398
2024-04-12 09:00:00,9.613739
2024-04-12 10:00:00,8.455383
2024-04-12 11:00:00,7.6329346
2024-04-12 12:00:00,7.3821106
2024-04-12 13:00:00,7.7867737
2024-04-12 14:00:00,8.150879
2024-04-12 15:00:00,7.8580017
2024-04-12 16:00:00,7.707947
2024-04-12 17:00:00,7.666107
2024-04-12 18:00:00,7.569916
2024-04-12 19:00:00,7.42276
2024-04-12 20:00:00,7.2374573
2024-04-12 21:00:00,6.8684998
2024-04-12 22:00:00,7.4516907
2024-04-12 23:00:00,7.7381287
2024-04-13 00:00:00,7.9649353
2024-04-13 01:00:00,8.122894
2024-04-13 02:00:00,8.202118
2024-04-13 03:00:00,8.433563
2024-04-13 04:00:00,8.526764
2024-04-13 05:00:00,6.5885315
2024-04-13 06:00:00,5.0362244
2024-04-13 07:00:00,3.9186096
2024-04-13 08:00:00,4.0517883
2024-04-13 09:00:00,5.016815
2024-04-13 10:00:00,7.045044
2024-04-13 11:00:00,7.493866
2024-04-13 12:00:00,7.7077637
2024-04-13 13:00:00,8.065063
2024-04-13 14:00:00,8.945343
2024-04-13 15:00:00,9.421967
2024-04-13 16:00:00,9.603607
2024-04-13 17:00:00,9.535126
2024-04-13 18:00:00,8.988251
2024-04-13 19:00:00,8.143585
2024-04-13 20:00:00,7.4145203
2024-04-13 21:00:00,6.9409485
2024-04-13 22:00:00,7.3264465
2024-04-13 23:00:00,7.275238
2024-04-14 00:00:00,7.152191
2024-04-14 01:00:00,7.2901306
2024-04-14 02:00:00,7.5145264
2024-04-14 03:00:00,7.5311584
2024-04-14 04:00:00,7.3898926
2024-04-14 05:00:00,6.6677856
2024-04-14 06:00:00,5.99469
2024-04-14 07:00:00,5.346649
2024-04-14 08:00:00,4.2882996
2024-04-14 09:00:00,4.4216614
2024-04-14 10:00:00,5.0365906
2024-04-14 11:00:00,5.5062866
2024-04-14 12:00:00,5.038971
2024-04-14 13:00:00,4.627777
2024-04-14 14:00:00,4.850189
2024-04-14 15:00:00,4.6164246
2024-04-14 16:00:00,4.085785
2024-04-14 17:00:00,3.3423767
2024-04-14 18:00:00,2.6174011
2024-04-14 19:00:00,2.4125977
2024-04-14 20:00:00,2.1983948
2024-04-14 21:00:00,1.9412537
2024-04-14 22:00:00,1.2966919
2024-04-14 23:00:00,1.0541077
2024-04-15 00:00:00,0.6364441
2024-04-15 01:00:00,0.23077393
2024-04-15 02:00:00,-0.05810547
2024-04-15 03:00:00,-0.19961548
2024-04-15 04:00:00,-0.38757324
2024-04-15 05:00:00,-0.6485901
2024-04-15 06:00:00,-0.6871643
2024-04-15 07:00:00,-0.5133362
2024-04-15 08:00:00,-0.27520752
2024-04-15 09:00:00,0.541626
2024-04-15 10:00:00,0.74368286
2024-04-15 11:00:00,1.8127136
2024-04-15 12:00:00,2.5834045
2024-04-15 13:00:00,3.1738281
2024-04-15 14:00:00,3.7902527
2024-04-15 15:00:00,4.001526
2024-04-15 16:00:00,3.8460999
2024-04-15 17:00:00,3.4734192
2024-04-15 18:00:00,2.999298
2024-04-15 19:00:00,2.5951233
2024-04-15 20:00:00,2.2823792
2024-04-15 21:00:00,2.0677185
2024-04-15 22:00:00,2.146759
2024-04-15 23:00:00,1.9852295
2024-04-16 00:00:00,1.6893616
2024-04-16 01:00:00,1.1610107
2024-04-16 02:00:00,0.5102844
2024-04-16 03:00:00,0.08627319
2024-04-16 04:00:00,-0.263031
2024-04-16 05:00:00,-0.6393738
2024-04-16 06:00:00,-0.80807495
2024-04-16 07:00:00,-0.606781
2024-04-16 08:00:00,-0.21798706
2024-04-16 09:00:00,0.17440796
2024-04-16 10:00:00,0.53726196
2024-04-16 11:00:00,0.6078186
2024-04-16 12:00:00,0.4265442
2024-04-16 13:00:00,0.54751587
2024-04-16 14:00:00,0.63842773
2024-04-16 15:00:00,0.7310791
2024-04-16 16:00:00,0.58102417
2024-04-16 17:00:00,0.16934204
2024-04-16 18:00:00,-0.3946228
2024-04-16 19:00:00,-0.94503784
2024-04-16 20:00:00,-1.3357239
2024-04-16 21:00:00,-1.6100159
2024-04-16 22:00:00,-2.0658875
2024-04-16 23:00:00,-2.2261658
2024-04-17 00:00:00,-2.3009949
2024-04-17 01:00:00,-2.278473
2024-04-17 02:00:00,-2.1992798
2024-04-17 03:00:00,-2.197052
2024-04-17 04:00:00,-2.1701355
2024-04-17 05:00:00,-2.2769165
2024-04-17 06:00:00,-2.046814
2024-04-17 07:00:00,-1.2449036
2024-04-17 08:00:00,-0.5942383
2024-04-17 09:00:00,0.06942749
2024-04-17 10:00:00,0.07272339
2024-04-17 11:00:00,0.9446106
2024-04-17 12:00:00,1.2359314
2024-04-17 13:00:00,1.3717346
2024-04-17 14:00:00,1.4372864
2024-04-17 15:00:00,1.1713562
2024-04-17 16:00:00,0.6784363
2024-04-17 17:00:00,-0.06237793
2024-04-17 18:00:00,-0.9387207
2024-04-17 19:00:00,-1.9172668
2024-04-17 20:00:00,-2.7759705
2024-04-17 21:00:00,-3.3649597
2024-04-17 22:00:00,-3.4258118
2024-04-17 23:00:00,-3.507782
2024-04-18 00:00:00,-3.5568237
2024-04-18 01:00:00,-3.814392
2024-04-18 02:00:00,-4.036133
2024-04-18 03:00:00,-4.4634094
2024-04-18 04:00:00,-4.563629
2024-04-18 05:00:00,-4.2899475
2024-04-18 06:00:00,-3.9346924
2024-04-18 07:00:00,-3.4768372
2024-04-18 08:00:00,-2.7608948
2024-04-18 09:00:00,-2.0128174
2024-04-18 10:00:00,-2.3651428
2024-04-18 11:00:00,-1.8990479
2024-04-18 12:00:00,-1.8860779
2024-04-18 13:00:00,-2.0353088
2024-04-18 14:00:00,-2.0158997
2024-04-18 15:00:00,-2.008606
2024-04-18 16:00:00,-2.2303772
2024-04-18 17:00:00,-2.54953
2024-04-18 18:00:00,-2.8702087
2024-04-18 19:00:00,-3.1720886
2024-04-18 20:00:00,-3.461029
2024-04-18 21:00:00,-3.679718
2024-04-18 22:00:00,-3.4531555
2024-04-18 23:00:00,-3.4969788
2024-04-19 00:00:00,-3.5146484
2024-04-19 01:00:00,-3.5615845
2024-04-19 02:00:00,-3.638031
2024-04-19 03:00:00,-3.7095642
2024-04-19 04:00:00,-3.7303772
2024-04-19 05:00:00,-3.5936584
2024-04-19 06:00:00,-3.4878845
2024-04-19 07:00:00,-3.1194763
2024-04-19 08:00:00,-2.7760315
2024-04-19 09:00:00,-2.4502869
2024-04-19 10:00:00,-3.1842346
2024-04-19 11:00:00,-2.9746704
2024-04-19 12:00:00,-2.5387573
2024-04-19 13:00:00,-2.415619
2024-04-19 14:00:00,-2.4815369
2024-04-19 15:00:00,-2.3388367
2024-04-19 16:00:00,-2.3151855
2024-04-19 17:00:00,-2.3525696
2024-04-19 18:00:00,-2.6666565
2024-04-19 19:00:00,-3.2877502
2024-04-19 20:00:00,-4.087433
2024-04-19 21:00:00,-4.679718
2024-04-19 22:00:00,-5.276825
2024-04-19 23:00:00,-5.3726196
2024-04-20 00:00:00,-5.238922
2024-04-20 01:00:00,-5.1026917
2024-04-20 02:00:00,-5.1159973
2024-04-20 03:00:00,-5.1914062
2024-04-20 04:00:00,-5.1948547
2024-04-20 05:00:00,-5.2252502
2024-04-20 06:00:00,-4.907379
2024-04-20 07:00:00,-4.574005
2024-04-20 08:00:00,-4.6138
2024-04-20 09:00:00,-4.427765
2024-04-20 10:00:00,-4.4632874
2024-04-20 11:00:00,-4.222931
2024-04-20 12:00:00,-3.9083252
2024-04-20 13:00:00,-3.4877014
2024-04-20 14:00:00,-3.2130127
2024-04-20 15:00:00,-3.302948
2024-04-20 16:00:00,-3.648285
2024-04-20 17:00:00,-4.0779724
2024-04-20 18:00:00,-4.5101013
2024-04-20 19:00:00,-4.8425903
2024-04-20 20:00:00,-4.9740906
2024-04-20 21:00:00,-5.030487
2024-04-20 22:00:00,-4.7486267
2024-04-20 23:00:00,-5.0088806
2024-04-21 00:00:00,-5.3260193
2024-04-21 01:00:00,-5.6819153
2024-04-21 02:00:00,-5.977936
2024-04-21 03:00:00,-6.257538
2024-04-21 04:00:00,-6.3283997
2024-04-21 05:00:00,-6.2967834
2024-04-21 06:00:00,-6.1195374
2024-04-21 07:00:00,-5.9887085
2024-04-21 08:00:00,-5.6977844
2024-04-21 09:00:00,-5.658539
2024-04-21 10:00:00,-6.4476013
2024-04-21 11:00:00,-6.1494446
2024-04-21 12:00:00,-5.9575806
2024-04-21 13:00:00,-5.820099
2024-04-21 14:00:00,-5.8670654
2024-04-21 15:00:00,-5.8567505
2024-04-21 16:00:00,-5.931488
2024-04-21 17:00:00,-6.100891
2024-04-21 18:00:00,-6.18631
2024-04-21 19:00:00,-6.1440735
2024-04-21 20:00:00,-5.784546
2024-04-21 21:00:00,-5.5529175
2024-04-21 22:00:00,-5.567169
2024-04-21 23:00:00,-5.592926
2024-04-22 00:00:00,-5.6508484
2024-04-22 01:00:00,-5.7167053
2024-04-22 02:00:00,-5.7867126
2024-04-22 03:00:00,-5.8436584
2024-04-22 04:00:00,-5.915497
2024-04-22 05:00:00,-5.9310913
2024-04-22 06:00:00,-6.113983
2024-04-22 07:00:00,-5.851959
2024-04-22 08:00:00,-5.643036
2024-04-22 09:00:00,-5.510956
2024-04-22 10:00:00,-6.280548
2024-04-22 11:00:00,-6.1732483
2024-04-22 12:00:00,-6.0845337
2024-04-22 13:00:00,-5.885742
2024-04-22 14:00:00,-5.825165
2024-04-22 15:00:00,-5.907135
2024-04-22 16:00:00,-6.0725403
2024-04-22 17:00:00,-6.170807
2024-04-22 18:00:00,-6.2428284
2024-04-22 19:00:00,-6.2433777
2024-04-22 20:00:00,-6.1144714
2024-04-22 21:00:00,-5.9306335
2024-04-22 22:00:00,-6.1194153
2024-04-22 23:00:00,-6.107788
2024-04-23 00:00:00,-6.128784
2024-04-23 01:00:00,-6.238312
2024-04-23 02:00:00,-6.331238
2024-04-23 03:00:00,-6.377716
2024-04-23 04:00:00,-6.2211914
2024-04-23 05:00:00,-6.03479
2024-04-23 06:00:00,-5.6825256
2024-04-23 07:00:00,-5.492737
2024-04-23 08:00:00,-4.8393555
2024-04-23 09:00:00,-4.2035522
2024-04-23 10:00:00,-1.9004211
2024-04-23 11:00:00,-0.8552551
2024-04-23 12:00:00,-0.13366699
2024-04-23 13:00:00,0.6513977
2024-04-23 14:00:00,1.1525879
2024-04-23 15:00:00,1.3173218
2024-04-23 16:00:00,1.2622986
2024-04-23 17:00:00,1.4101257
2024-04-23 18:00:00,1.6461487
2024-04-23 19:00:00,1.7449646
2024-04-23 20:00:00,1.8386841
2024-04-23 21:00:00,1.9977417
2024-04-23 22:00:00,2.1404114
2024-04-23 23:00:00,2.2955627
2024-04-24 00:00:00,2.4386902
2024-04-24 01:00:00,2.5744934
2024-04-24 02:00:00,2.6524353
2024-04-24 03:00:00,2.6521912
2024-04-24 04:00:00,2.585907
2024-04-24 05:00:00,2.4638367
2024-04-24 06:00:00,2.3004456
2024-04-24 07:00:00,2.1787415
2024-04-24 08:00:00,2.0264893
2024-04-24 09:00:00,1.9612732
2024-04-24 10:00:00,2.171051
2024-04-24 11:00:00,2.1822815
2024-04-24 12:00:00,2.0081482
2024-04-24 13:00:00,1.8431091
2024-04-24 14:00:00,1.5758667
2024-04-24 15:00:00,1.0861206
2024-04-24 16:00:00,0.60253906
2024-04-24 17:00:00,0.33047485
2024-04-24 18:00:00,0.21658325
2024-04-24 19:00:00,0.10147095
2024-04-24 20:00:00,0.030792236
2024-04-24 21:00:00,0.05795288
2024-04-24 22:00:00,-0.004272461
2024-04-24 23:00:00,-0.14230347
2024-04-25 00:00:00,-0.42666626
2024-04-25 01:00:00,-0.69329834
2024-04-25 02:00:00,-0.8591614
2024-04-25 03:00:00,-0.9374695
2024-04-25 04:00:00,-0.9645996
2024-04-25 05:00:00,-1.056488
2024-04-25 06:00:00,-1.1457825
2024-04-25 07:00:00,-1.2381897
2024-04-25 08:00:00,-1.2097473
2024-04-25 09:00:00,-1.1627197
2024-04-25 10:00:00,-1.2484436
2024-04-25 11:00:00,-1.1507874
2024-04-25 12:00:00,-1.037384
2024-04-25 13:00:00,-0.96865845
2024-04-25 14:00:00,-0.9533386
2024-04-25 15:00:00,-0.910553
2024-04-25 16:00:00,-0.7565613
2024-04-25 17:00:00,-0.6231384
2024-04-25 18:00:00,-0.4239807
2024-04-25 19:00:00,-0.24789429
2024-04-25 20:00:00,-0.12374878
2024-04-25 21:00:00,0.013000488
2024-04-25 22:00:00,0.4147339
2024-04-25 23:00:00,0.29577637
2024-04-26 00:00:00,0.1267395
2024-04-26 01:00:00,0.093170166
2024-04-26 02:00:00,0.10058594
2024-04-26 03:00:00,0.05682373
2024-04-26 04:00:00,-0.04751587
2024-04-26 05:00:00,-0.20401001
2024-04-26 06:00:00,-0.36175537
2024-04-26 07:00:00,-0.54977417
2024-04-26 08:00:00,-0.789093
2024-04-26 09:00:00,-0.9517517
2024-04-26 10:00:00,-1.1840515
2024-04-26 11:00:00,-0.9913025
2024-04-26 12:00:00,-0.76535034
2024-04-26 13:00:00,-0.6792908
2024-04-26 14:00:00,-0.51034546
2024-04-26 15:00:00,-0.4449768
2024-04-26 16:00:00,-0.44363403
2024-04-26 17:00:00,-0.4961853
2024-04-26 18:00:00,-0.52420044
2024-04-26 19:00:00,-0.4900818
2024-04-26 20:00:00,-0.24343872
2024-04-26 21:00:00,0.11203003
2024-04-26 22:00:00,0.17642212
2024-04-26 23:00:00,0.42764282
2024-04-27 00:00:00,0.59124756
2024-04-27 01:00:00,0.8213806
2024-04-27 02:00:00,1.0050354
2024-04-27 03:00:00,1.1004944
2024-04-27 04:00:00,0.8522644
2024-04-27 05:00:00,0.5163269
2024-04-27 06:00:00,0.57699585
2024-04-27 07:00:00,0.4494934
2024-04-27 08:00:00,0.8488159
2024-04-27 09:00:00,1.3513489
2024-04-27 10:00:00,1.3994141
2024-04-27 11:00:00,1.8541565
2024-04-27 12:00:00,2.3196106
2024-04-27 13:00:00,2.9067078
2024-04-27 14:00:00,2.6910706
2024-04-27 15:00:00,2.3179626
2024-04-27 16:00:00,1.6210022
2024-04-27 17:00:00,1.1752625
2024-04-27 18:00:00,1.1542053
2024-04-27 19:00:00,1.01297
2024-04-27 20:00:00,0.8217468
2024-04-27 21:00:00,0.7823181
2024-04-27 22:00:00,1.0013733
2024-04-27 23:00:00,1.3527222
2024-04-28 00:00:00,1.7086182
2024-04-28 01:00:00,2.0431213
2024-04-28 02:00:00,2.4747925
2024-04-28 03:00:00,3.0317688
2024-04-28 04:00:00,3.3997498
2024-04-28 05:00:00,3.5150452
2024-04-28 06:00:00,3.7666016
2024-04-28 07:00:00,4.120697
2024-04-28 08:00:00,4.61026
2024-04-28 09:00:00,4.733429
2024-04-28 10:00:00,4.081299
2024-04-28 11:00:00,4.9422607
2024-04-28 12:00:00,6.344818
2024-04-28 13:00:00,7.605591
2024-04-28 14:00:00,9.372864
2024-04-28 15:00:00,10.521698
2024-04-28 16:00:00,11.394836
2024-04-28 17:00:00,12.443878
2024-04-28 18:00:00,13.289215
2024-04-28 19:00:00,13.70694
2024-04-28 20:00:00,13.665283
2024-04-28 21:00:00,13.652679
2024-04-28 22:00:00,13.772125
2024-04-28 23:00:00,14.218475
2024-04-29 00:00:00,14.485901
2024-04-29 01:00:00,14.801056
2024-04-29 02:00:00,15.062653
2024-04-29 03:00:00,14.733673
2024-04-29 04:00:00,14.378082
2024-04-29 05:00:00,14.437653
2024-04-29 06:00:00,12.764862
2024-04-29 07:00:00,11.634979
2024-04-29 08:00:00,12.199493
2024-04-29 09:00:00,12.417938
2024-04-29 10:00:00,11.598053
2024-04-29 11:00:00,10.235718
2024-04-29 12:00:00,10.207367
2024-04-29 13:00:00,9.854889
2024-04-29 14:00:00,9.267487
2024-04-29 15:00:00,8.758301
2024-04-29 16:00:00,8.246979
2024-04-29 17:00:00,7.791107
2024-04-29 18:00:00,7.5763855
2024-04-29 19:00:00,7.5174866
2024-04-29 20:00:00,7.3433533
2024-04-29 21:00:00,7.0606384
2024-04-29 22:00:00,7.1708374
2024-04-29 23:00:00,7.28067
2024-04-30 00:00:00,7.392273
2024-04-30 01:00:00,7.443329
2024-04-30 02:00:00,7.3959656
2024-04-30 03:00:00,7.3158875
2024-04-30 04:00:00,7.244293
2024-04-30 05:00:00,7.1872864
2024-04-30 06:00:00,7.1130066
2024-04-30 07:00:00,7.040985
2024-04-30 08:00:00,7.000061
2024-04-30 09:00:00,6.992279
2024-04-30 10:00:00,7.6999207
2024-04-30 11:00:00,8.196075
2024-04-30 12:00:00,8.577332
2024-04-30 13:00:00,8.781586
2024-04-30 14:00:00,8.967804
2024-04-30 15:00:00,9.068268
2024-04-30 16:00:00,9.095734
2024-04-30 17:00:00,9.080505
2024-04-30 18:00:00,9.058807
2024-04-30 19:00:00,9.006989
2024-04-30 20:00:00,8.955963
2024-04-30 21:00:00,8.890717
2024-04-30 22:00:00,9.343414
2024-04-30 23:00:00,9.1528015
2024-05-01 00:00:00,8.997955
2024-05-01 01:00:00,8.91507
2024-05-01 02:00:00,8.736847
2024-05-01 03:00:00,8.489838
2024-05-01 04:00:00,8.334595
2024-05-01 05:00:00,8.308777
2024-05-01 06:00:00,8.412659
2024-05-01 07:00:00,8.546692
2024-05-01 08:00:00,8.633453
2024-05-01 09:00:00,8.721436
2024-05-01 10:00:00,9.329987
2024-05-01 11:00:00,9.544525
2024-05-01 12:00:00,9.652527
2024-05-01 13:00:00,9.614197
2024-05-01 14:00:00,9.478912
2024-05-01 15:00:00,9.345062
2024-05-01 16:00:00,9.361603
2024-05-01 17:00:00,9.468323
2024-05-01 18:00:00,9.623749
2024-05-01 19:00:00,9.761261
2024-05-01 20:00:00,9.746613
2024-05-01 21:00:00,9.703644
2024-05-01 22:00:00,10.314423
2024-05-01 23:00:00,10.090973
2024-05-02 00:00:00,9.901947
2024-05-02 01:00:00,9.713928
2024-05-02 02:00:00,9.51944
2024-05-02 03:00:00,9.382965
2024-05-02 04:00:00,9.312317
2024-05-02 05:00:00,9.226898
2024-05-02 06:00:00,9.116608
2024-05-02 07:00:00,8.917969
2024-05-02 08:00:00,8.610168
2024-05-02 09:00:00,8.311768
2024-05-02 10:00:00,8.862915
2024-05-02 11:00:00,8.885986
2024-05-02 12:00:00,8.842987
2024-05-02 13:00:00,8.754913
2024-05-02 14:00:00,8.617676
2024-05-02 15:00:00,8.432098
2024-05-02 16:00:00,8.361481
2024-05-02 17:00:00,8.390472
2024-05-02 18:00:00,8.521088
2024-05-02 19:00:00,8.723907
2024-05-02 20:00:00,8.835907
2024-05-02 21:00:00,8.869934
2024-05-02 22:00:00,9.474091
2024-05-02 23:00:00,9.443268
2024-05-03 00:00:00,9.471405
2024-05-03 01:00:00,9.536346
2024-05-03 02:00:00,9.557465
2024-05-03 03:00:00,9.54715
2024-05-03 04:00:00,9.495697
2024-05-03 05:00:00,9.40686
2024-05-03 06:00:00,9.29306
2024-05-03 07:00:00,9.15097
2024-05-03 08:00:00,9.028961
2024-05-03 09:00:00,8.969055
2024-05-03 10:00:00,9.684662
2024-05-03 11:00:00,9.806793
2024-05-03 12:00:00,9.9375305
2024-05-03 13:00:00,10.040436
2024-05-03 14:00:00,10.132782
2024-05-03 15:00:00,10.166016
2024-05-03 16:00:00,10.209106
2024-05-03 17:00:00,10.462067
2024-05-03 18:00:00,10.783051
2024-05-03 19:00:00,10.932159
2024-05-03 20:00:00,10.96463
2024-05-03 21:00:00,11.045044
2024-05-03 22:00:00,10.968933
2024-05-03 23:00:00,10.977081
2024-05-04 00:00:00,11.0763855
2024-05-04 01:00:00,11.343933
2024-05-04 02:00:00,11.645355
2024-05-04 03:00:00,11.849304
2024-05-04 04:00:00,11.899658
2024-05-04 05:00:00,11.914154
2024-05-04 06:00:00,12.070892
2024-05-04 07:00:00,12.406494
2024-05-04 08:00:00,12.829498
2024-05-04 09:00:00,13.179047
2024-05-04 10:00:00,13.870026
2024-05-04 11:00:00,14.1059265
2024-05-04 12:00:00,14.950104
2024-05-04 13:00:00,15.666687
2024-05-04 14:00:00,16.105927
2024-05-04 15:00:00,16.130249
2024-05-04 16:00:00,15.6857605
2024-05-04 17:00:00,15.119873
2024-05-04 18:00:00,14.781006
2024-05-04 19:00:00,14.618591
2024-05-04 20:00:00,14.744934
2024-05-04 21:00:00,15.169891
2024-05-04 22:00:00,15.055664
2024-05-04 23:00:00,14.50705
2024-05-05 00:00:00,13.309235
2024-05-05 01:00:00,12.730011
2024-05-05 02:00:00,12.663391
2024-05-05 03:00:00,12.522675
2024-05-05 04:00:00,11.935638
2024-05-05 05:00:00,11.268311
2024-05-05 06:00:00,10.76059
2024-05-05 07:00:00,10.026794
2024-05-05 08:00:00,9.389862
2024-05-05 09:00:00,8.929779
2024-05-05 10:00:00,8.192352
2024-05-05 11:00:00,7.79126
2024-05-05 12:00:00,7.6362915
2024-05-05 13:00:00,7.333313
2024-05-05 14:00:00,7.1686096
2024-05-05 15:00:00,6.871521
2024-05-05 16:00:00,6.9218445
2024-05-05 17:00:00,6.8943787
2024-05-05 18:00:00,6.816742
2024-05-05 19:00:00,6.731659
2024-05-05 20:00:00,6.6320496
2024-05-05 21:00:00,6.4656677
2024-05-05 22:00:00,6.4771423
2024-05-05 23:00:00,6.5918884
2024-05-06 00:00:00,6.7278137
2024-05-06 01:00:00,6.830139
2024-05-06 02:00:00,6.753937
2024-05-06 03:00:00,6.56604
2024-05-06 04:00:00,6.4441223
2024-05-06 05:00:00,6.3714905
2024-05-06 06:00:00,6.2721252
2024-05-06 07:00:00,5.948761
2024-05-06 08:00:00,5.3083496
2024-05-06 09:00:00,4.593445
2024-05-06 10:00:00,4.573822
2024-05-06 11:00:00,4.58786
2024-05-06 12:00:00,4.542145
2024-05-06 13:00:00,4.6698
2024-05-06 14:00:00,4.4952087
2024-05-06 15:00:00,3.9429016
2024-05-06 16:00:00,3.131195
2024-05-06 17:00:00,2.2269287
2024-05-06 18:00:00,1.3106995
2024-05-06 19:00:00,0.70651245
2024-05-06 20:00:00,0.6223755
2024-05-06 21:00:00,0.8184509
2024-05-06 22:00:00,0.86013794
2024-05-06 23:00:00,1.3991394
2024-05-07 00:00:00,1.7285156
2024-05-07 01:00:00,1.9709778
2024-05-07 02:00:00,2.1322632
2024-05-07 03:00:00,2.016693
2024-05-07 04:00:00,1.6023865
2024-05-07 05:00:00,1.285553
2024-05-07 06:00:00,1.0030212
2024-05-07 07:00:00,0.23135376
2024-05-07 08:00:00,0.3506775
2024-05-07 09:00:00,1.1438904
2024-05-07 10:00:00,1.6643982
2024-05-07 11:00:00,2.5314026
2024-05-07 12:00:00,3.3486023
2024-05-07 13:00:00,4.0020447
2024-05-07 14:00:00,4.382263
2024-05-07 15:00:00,4.329315
2024-05-07 16:00:00,3.8818665
2024-05-07 17:00:00,3.342987
2024-05-07 18:00:00,3.102295
2024-05-07 19:00:00,3.0678406
2024-05-07 20:00:00,3.0340881
2024-05-07 21:00:00,3.0236511
2024-05-07 22:00:00,3.0050354
2024-05-07 23:00:00,2.9735718
2024-05-08 00:00:00,2.9245605
2024-05-08 01:00:00,2.9785156
2024-05-08 02:00:00,2.8690186
2024-05-08 03:00:00,2.719696
2024-05-08 04:00:00,2.5386963
2024-05-08 05:00:00,2.0170898
2024-05-08 06:00:00,1.8548889
2024-05-08 07:00:00,1.5559387
2024-05-08 08:00:00,0.20407104
2024-05-08 09:00:00,-0.11135864
2024-05-08 10:00:00,-0.84939575
2024-05-08 11:00:00,-1.2125549
2024-05-08 12:00:00,-1.4017639
2024-05-08 13:00:00,-1.4676819
2024-05-08 14:00:00,-1.3902588
2024-05-08 15:00:00,-1.1880188
2024-05-08 16:00:00,-1.0657043
2024-05-08 17:00:00,-0.97473145
2024-05-08 18:00:00,-0.79751587
2024-05-08 19:00:00,-0.49893188
2024-05-08 20:00:00,-0.14770508
2024-05-08 21:00:00,0.06838989
2024-05-08 22:00:00,0.5857849
2024-05-08 23:00:00,0.6112976
2024-05-09 00:00:00,0.8348999
2024-05-09 01:00:00,1.1789246
2024-05-09 02:00:00,1.5339966
2024-05-09 03:00:00,1.8091125
2024-05-09 04:00:00,1.8993225
2024-05-09 05:00:00,1.740387
2024-05-09 06:00:00,1.5675354
2024-05-09 07:00:00,1.4789734
2024-05-09 08:00:00,1.7521057
2024-05-09 09:00:00,2.249237
2024-05-09 10:00:00,2.3269958
2024-05-09 11:00:00,3.4263
2024-05-09 12:00:00,4.0726013
2024-05-09 13:00:00,4.425354
2024-05-09 14:00:00,5.054718
2024-05-09 15:00:00,5.8919373
2024-05-09 16:00:00,6.4009094
2024-05-09 17:00:00,6.8161926
2024-05-09 18:00:00,7.0194397
2024-05-09 19:00:00,7.074463
2024-05-09 20:00:00,7.4604187
2024-05-09 21:00:00,8.233185
2024-05-09 22:00:00,8.469391
2024-05-09 23:00:00,8.629425
2024-05-10 00:00:00,8.286835
2024-05-10 01:00:00,6.829132
2024-05-10 02:00:00,4.919464
2024-05-10 03:00:00,3.398407
2024-05-10 04:00:00,2.1923523
2024-05-10 05:00:00,1.3223572
2024-05-10 06:00:00,1.0614319
2024-05-10 07:00:00,1.5102234
2024-05-10 08:00:00,2.1989746
2024-05-10 09:00:00,2.9183044
2024-05-10 10:00:00,3.2856445
2024-05-10 11:00:00,4.0158386
2024-05-10 12:00:00,4.7712708
2024-05-10 13:00:00,5.43277
2024-05-10 14:00:00,6.0591736
2024-05-10 15:00:00,6.2528076
2024-05-10 16:00:00,6.2459106
2024-05-10 17:00:00,5.9276123
2024-05-10 18:00:00,5.559784
2024-05-10 19:00:00,5.693939
2024-05-10 20:00:00,6.089508
2024-05-10 21:00:00,6.3554077
2024-05-10 22:00:00,6.4426575
2024-05-10 23:00:00,6.2877197
2024-05-11 00:00:00,6.1332397
2024-05-11 01:00:00,6.0351257
2024-05-11 02:00:00,5.9671936
2024-05-11 03:00:00,5.9388733
2024-05-11 04:00:00,5.9446716
2024-05-11 05:00:00,5.948456
2024-05-11 06:00:00,5.9227295
2024-05-11 07:00:00,5.893738
2024-05-11 08:00:00,5.7615356
2024-05-11 09:00:00,6.2180786
2024-05-11 10:00:00,6.7789917
2024-05-11 11:00:00,7.4110107
2024-05-11 12:00:00,7.9995728
2024-05-11 13:00:00,8.437286
2024-05-11 14:00:00,8.630829
2024-05-11 15:00:00,8.629089
2024-05-11 16:00:00,8.485016
2024-05-11 17:00:00,8.487244
2024-05-11 18:00:00,8.861725
2024-05-11 19:00:00,9.354584
2024-05-11 20:00:00,9.8385315
2024-05-11 21:00:00,10.21402
2024-05-11 22:00:00,10.461975
2024-05-11 23:00:00,10.704254
2024-05-12 00:00:00,11.03183
2024-05-12 01:00:00,11.362396
2024-05-12 02:00:00,11.592438
2024-05-12 03:00:00,11.806061
2024-05-12 04:00:00,12.09079
2024-05-12 05:00:00,12.271088
2024-05-12 06:00:00,12.378387
2024-05-12 07:00:00,12.488373
2024-05-12 08:00:00,12.601105
2024-05-12 09:00:00,12.620941
2024-05-12 10:00:00,12.670898
2024-05-12 11:00:00,12.485443
2024-05-12 12:00:00,12.727692
2024-05-12 13:00:00,13.222504
2024-05-12 14:00:00,13.507233
2024-05-12 15:00:00,13.541473
2024-05-12 16:00:00,13.521088
2024-05-12 17:00:00,13.564117
2024-05-12 18:00:00,13.7100525
2024-05-12 19:00:00,13.976471
2024-05-12 20:00:00,14.252289
2024-05-12 21:00:00,14.317047
2024-05-12 22:00:00,14.606323
2024-05-12 23:00:00,14.675995
2024-05-13 00:00:00,14.695343
2024-05-13 01:00:00,14.604401
2024-05-13 02:00:00,14.454163
2024-05-13 03:00:00,14.321808
2024-05-13 04:00:00,14.1918335
2024-05-13 05:00:00,14.044525
2024-05-13 06:00:00,13.919312
2024-05-13 07:00:00,13.879547
2024-05-13 08:00:00,13.89505
2024-05-13 09:00:00,13.806244
2024-05-13 10:00:00,15.262787
2024-05-13 11:00:00,15.374542
2024-05-13 12:00:00,15.509796
2024-05-13 13:00:00,15.588959
2024-05-13 14:00:00,15.581879
2024-05-13 15:00:00,15.361481
2024-05-13 16:00:00,15.216217
2024-05-13 17:00:00,15.202301
2024-05-13 18:00:00,15.255341
2024-05-13 19:00:00,15.311798
2024-05-13 20:00:00,15.308655
2024-05-13 21:00:00,15.239777
2024-05-13 22:00:00,15.173798
2024-05-13 23:00:00,15.128601
2024-05-14 00:00:00,15.096222
2024-05-14 01:00:00,15.040741
2024-05-14 02:00:00,14.974152
2024-05-14 03:00:00,14.898773
2024-05-14 04:00:00,14.785095
2024-05-14 05:00:00,14.637848
2024-05-14 06:00:00,14.463226
2024-05-14 07:00:00,14.322235
2024-05-14 08:00:00,14.221649
2024-05-14 09:00:00,13.974091
2024-05-14 10:00:00,14.743927
2024-05-14 11:00:00,14.890533
2024-05-14 12:00:00,14.984863
2024-05-14 13:00:00,15.027252
2024-05-14 14:00:00,14.932434
2024-05-14 15:00:00,14.688843
2024-05-14 16:00:00,14.420471
2024-05-14 17:00:00,14.113373
2024-05-14 18:00:00,13.824432
2024-05-14 19:00:00,13.476807
2024-05-14 20:00:00,13.122467
2024-05-14 21:00:00,12.802887
2024-05-14 22:00:00,12.667999
2024-05-14 23:00:00,12.3280945
2024-05-15 00:00:00,12.070587
2024-05-15 01:00:00,11.920929
2024-05-15 02:00:00,11.839264
2024-05-15 03:00:00,11.80188
2024-05-15 04:00:00,11.825958
2024-05-15 05:00:00,11.915985
2024-05-15 06:00:00,12.047028
2024-05-15 07:00:00,12.193817
2024-05-15 08:00:00,12.2717285
2024-05-15 09:00:00,12.577606
2024-05-15 10:00:00,13.47229
2024-05-15 11:00:00,14.042084
2024-05-15 12:00:00,14.463287
2024-05-15 13:00:00,14.73233
2024-05-15 14:00:00,14.859833
2024-05-15 15:00:00,14.780975
2024-05-15 16:00:00,14.5989685
2024-05-15 17:00:00,14.419373
2024-05-15 18:00:00,14.324371
2024-05-15 19:00:00,14.337494
2024-05-15 20:00:00,14.345001
2024-05-15 21:00:00,14.307587
2024-05-15 22:00:00,14.347992
2024-05-15 23:00:00,14.362213
2024-05-16 00:00:00,14.303864
2024-05-16 01:00:00,14.168671
2024-05-16 02:00:00,13.92511
2024-05-16 03:00:00,13.625824
2024-05-16 04:00:00,13.352325
2024-05-16 05:00:00,13.162445
2024-05-16 06:00:00,13.082306
2024-05-16 07:00:00,13.065063
2024-05-16 08:00:00,13.050476
2024-05-16 09:00:00,13.3508
2024-05-16 10:00:00,14.013397
2024-05-16 11:00:00,14.162689
2024-05-16 12:00:00,14.241425
2024-05-16 13:00:00,14.253693
2024-05-16 14:00:00,14.186523
2024-05-16 15:00:00,14.052887
2024-05-16 16:00:00,13.9133
2024-05-16 17:00:00,13.724396
2024-05-16 18:00:00,13.533264
2024-05-16 19:00:00,13.355957
2024-05-16 20:00:00,13.137238
2024-05-16 21:00:00,12.872253
2024-05-16 22:00:00,13.263214
2024-05-16 23:00:00,13.183105
2024-05-17 00:00:00,13.051727
2024-05-17 01:00:00,12.872223
2024-05-17 02:00:00,12.684174
2024-05-17 03:00:00,12.528961
2024-05-17 04:00:00,12.395477
2024-05-17 05:00:00,12.279724
2024-05-17 06:00:00,12.178375
2024-05-17 07:00:00,12.089539
2024-05-17 08:00:00,12.155121
2024-05-17 09:00:00,12.303558
2024-05-17 10:00:00,12.818146
2024-05-17 11:00:00,12.950409
2024-05-17 12:00:00,13.062073
2024-05-17 13:00:00,13.12796
2024-05-17 14:00:00,13.175537
2024-05-17 15:00:00,13.325836
2024-05-17 16:00:00,13.41214
2024-05-17 17:00:00,13.441711
2024-05-17 18:00:00,13.461945
2024-05-17 19:00:00,13.452515
2024-05-17 20:00:00,13.400421
2024-05-17 21:00:00,13.391571
2024-05-17 22:00:00,13.722443
2024-05-17 23:00:00,13.783722
2024-05-18 00:00:00,13.82373
2024-05-18 01:00:00,13.826508
2024-05-18 02:00:00,13.7343445
2024-05-18 03:00:00,13.571136
2024-05-18 04:00:00,13.407074
2024-05-18 05:00:00,13.29538
2024-05-18 06:00:00,13.271332
2024-05-18 07:00:00,13.33139
2024-05-18 08:00:00,13.46286
2024-05-18 09:00:00,13.7743225
2024-05-18 10:00:00,14.091827
2024-05-18 11:00:00,14.52594
2024-05-18 12:00:00,14.710419
2024-05-18 13:00:00,14.834625
2024-05-18 14:00:00,14.946014
2024-05-18 15:00:00,15.047974
2024-05-18 16:00:00,15.143646
2024-05-18 17:00:00,15.26001
2024-05-18 18:00:00,15.375427
2024-05-18 19:00:00,15.446747
2024-05-18 20:00:00,15.455872
2024-05-18 21:00:00,15.408325
2024-05-18 22:00:00,15.28418
2024-05-18 23:00:00,15.285461
2024-05-19 00:00:00,15.297394
2024-05-19 01:00:00,15.324249
2024-05-19 02:00:00,15.40094
2024-05-19 03:00:00,15.505341
2024-05-19 04:00:00,15.563385
2024-05-19 05:00:00,15.549164
2024-05-19 06:00:00,15.552673
2024-05-19 07:00:00,15.619446
2024-05-19 08:00:00,15.476624
2024-05-19 09:00:00,16.032928
2024-05-19 10:00:00,16.550568
2024-05-19 11:00:00,17.113556
2024-05-19 12:00:00,17.626984
2024-05-19 13:00:00,17.677338
2024-05-19 14:00:00,17.666931
2024-05-19 15:00:00,17.713226
2024-05-19 16:00:00,17.761383
2024-05-19 17:00:00,17.78128
2024-05-19 18:00:00,17.78952
2024-05-19 19:00:00,17.79892
2024-05-19 20:00:00,16.143463
2024-05-19 21:00:00,12.932831
2024-05-19 22:00:00,10.889801
2024-05-19 23:00:00,9.538269
2024-05-20 00:00:00,8.492462
2024-05-20 01:00:00,8.09256
2024-05-20 02:00:00,7.7558594
2024-05-20 03:00:00,7.3467712
2024-05-20 04:00:00,6.8815002
2024-05-20 05:00:00,6.4727173
2024-05-20 06:00:00,6.0692444
2024-05-20 07:00:00,5.739624
2024-05-20 08:00:00,5.99411
2024-05-20 09:00:00,6.4248657
2024-05-20 10:00:00,6.6113586
2024-05-20 11:00:00,7.076538
2024-05-20 12:00:00,7.5226135
2024-05-20 13:00:00,7.9752502
2024-05-20 14:00:00,8.323212
2024-05-20 15:00:00,8.58374
2024-05-20 16:00:00,8.737213
2024-05-20 17:00:00,8.797852
2024-05-20 18:00:00,8.764954
2024-05-20 19:00:00,8.951202
2024-05-20 20:00:00,9.27243
2024-05-20 21:00:00,9.629578
2024-05-20 22:00:00,10.256134
2024-05-20 23:00:00,10.365753
2024-05-21 00:00:00,10.36203
2024-05-21 01:00:00,10.274933
2024-05-21 02:00:00,10.232513
2024-05-21 03:00:00,10.241913
2024-05-21 04:00:00,10.303009
2024-05-21 05:00:00,10.354279
2024-05-21 06:00:00,10.284515
2024-05-21 07:00:00,10.058746
2024-05-21 08:00:00,9.687775
2024-05-21 09:00:00,9.691498
2024-05-21 10:00:00,10.123383
2024-05-21 11:00:00,10.53421
2024-05-21 12:00:00,10.872528
2024-05-21 13:00:00,10.98349
2024-05-21 14:00:00,11.08609
2024-05-21 15:00:00,11.060699
2024-05-21 16:00:00,10.920013
2024-05-21 17:00:00,10.793274
2024-05-21 18:00:00,10.834991
2024-05-21 19:00:00,10.8515625
2024-05-21 20:00:00,10.79715
2024-05-21 21:00:00,10.807343
2024-05-21 22:00:00,11.240326
2024-05-21 23:00:00,11.622498
2024-05-22 00:00:00,12.064117
2024-05-22 01:00:00,12.446075
2024-05-22 02:00:00,12.657135
2024-05-22 03:00:00,12.705292
2024-05-22 04:00:00,12.613098
2024-05-22 05:00:00,12.438263
2024-05-22 06:00:00,12.213593
2024-05-22 07:00:00,12.039185
2024-05-22 08:00:00,11.937225
2024-05-22 09:00:00,12.0928955
2024-05-22 10:00:00,12.6493225
2024-05-22 11:00:00,12.860321
2024-05-22 12:00:00,12.896698
2024-05-22 13:00:00,12.853302
2024-05-22 14:00:00,12.837372
2024-05-22 15:00:00,12.728058
2024-05-22 16:00:00,12.678314
2024-05-22 17:00:00,12.819458
2024-05-22 18:00:00,13.094757
2024-05-22 19:00:00,13.514313
2024-05-22 20:00:00,14.022491
2024-05-22 21:00:00,14.490173
2024-05-22 22:00:00,15.098175
2024-05-22 23:00:00,15.045624
2024-05-23 00:00:00,15.044861
2024-05-23 01:00:00,15.072418
2024-05-23 02:00:00,14.991241
2024-05-23 03:00:00,15.037903
2024-05-23 04:00:00,15.2534485
2024-05-23 05:00:00,15.386627
2024-05-23 06:00:00,15.326996
2024-05-23 07:00:00,15.209839
2024-05-23 08:00:00,15.149567
2024-05-23 09:00:00,14.873474
2024-05-23 10:00:00,15.175903
2024-05-23 11:00:00,14.776276
2024-05-23 12:00:00,14.547577
2024-05-23 13:00:00,14.795288
2024-05-23 14:00:00,15.032867
2024-05-23 15:00:00,15.446228
2024-05-23 16:00:00,16.263641
2024-05-23 17:00:00,16.982208
2024-05-23 18:00:00,17.44635
2024-05-23 19:00:00,17.589203
2024-05-23 20:00:00,17.467133
2024-05-23 21:00:00,17.106842
2024-05-23 22:00:00,14.659668
2024-05-23 23:00:00,14.172516
2024-05-24 00:00:00,14.54129
2024-05-24 01:00:00,14.857941
2024-05-24 02:00:00,14.309082
2024-05-24 03:00:00,13.615356
2024-05-24 04:00:00,13.782166
2024-05-24 05:00:00,14.332581
2024-05-24 06:00:00,14.418793
2024-05-24 07:00:00,14.545258
2024-05-24 08:00:00,15.0191345
2024-05-24 09:00:00,15.161194
2024-05-24 10:00:00,15.714142
2024-05-24 11:00:00,15.486877
2024-05-24 12:00:00,15.53009
2024-05-24 13:00:00,15.672333
2024-05-24 14:00:00,15.669952
2024-05-24 15:00:00,15.583221
2024-05-24 16:00:00,15.52594
2024-05-24 17:00:00,15.725769
2024-05-24 18:00:00,16.110687
2024-05-24 19:00:00,16.255615
2024-05-24 20:00:00,16.014801
2024-05-24 21:00:00,15.688965
2024-05-24 22:00:00,15.284393
2024-05-24 23:00:00,15.193207
2024-05-25 00:00:00,15.263245
2024-05-25 01:00:00,15.47876
2024-05-25 02:00:00,15.507111
2024-05-25 03:00:00,15.513641
2024-05-25 04:00:00,15.676361
2024-05-25 05:00:00,15.869232
2024-05-25 06:00:00,16.060883
2024-05-25 07:00:00,16.270844
2024-05-25 08:00:00,16.588684
2024-05-25 09:00:00,16.870667
2024-05-25 10:00:00,17.390442
2024-05-25 11:00:00,18.068848
2024-05-25 12:00:00,18.694244
2024-05-25 13:00:00,18.944458
2024-05-25 14:00:00,18.7872
2024-05-25 15:00:00,18.690338
2024-05-25 16:00:00,18.867523
2024-05-25 17:00:00,19.010864
2024-05-25 18:00:00,19.058197
2024-05-25 19:00:00,19.127502
2024-05-25 20:00:00,19.240387
2024-05-25 21:00:00,19.240723
2024-05-25 22:00:00,18.64392
2024-05-25 23:00:00,18.225525
2024-05-26 00:00:00,17.728973
2024-05-26 01:00:00,17.443024
2024-05-26 02:00:00,17.418365
2024-05-26 03:00:00,17.371857
2024-05-26 04:00:00,17.04422
2024-05-26 05:00:00,16.419159
2024-05-26 06:00:00,15.910126
2024-05-26 07:00:00,15.899017
2024-05-26 08:00:00,15.959564
2024-05-26 09:00:00,15.780426
2024-05-26 10:00:00,16.348602
2024-05-26 11:00:00,16.57785
2024-05-26 12:00:00,16.63974
2024-05-26 13:00:00,16.654907
2024-05-26 14:00:00,16.60379
2024-05-26 15:00:00,16.59964
2024-05-26 16:00:00,16.695526
2024-05-26 17:00:00,16.717224
2024-05-26 18:00:00,16.649567
2024-05-26 19:00:00,16.61087
2024-05-26 20:00:00,16.619476
2024-05-26 21:00:00,16.767883
2024-05-26 22:00:00,17.559967
2024-05-26 23:00:00,17.636322
2024-05-27 00:00:00,17.675018
2024-05-27 01:00:00,17.683502
2024-05-27 02:00:00,17.584229
2024-05-27 03:00:00,16.964508
2024-05-27 04:00:00,16.756317
2024-05-27 05:00:00,17.032196
2024-05-27 06:00:00,17.416718
2024-05-27 07:00:00,17.731293
2024-05-27 08:00:00,17.762909
2024-05-27 09:00:00,17.245453
2024-05-27 10:00:00,17.38919
2024-05-27 11:00:00,16.76712
2024-05-27 12:00:00,17.125305
2024-05-27 13:00:00,17.200714
2024-05-27 14:00:00,17.427155
2024-05-27 15:00:00,17.61203
2024-05-27 16:00:00,17.897491
2024-05-27 17:00:00,18.341736
2024-05-27 18:00:00,18.600494
2024-05-27 19:00:00,18.579865
2024-05-27 20:00:00,18.270111
2024-05-27 21:00:00,18.242584
2024-05-27 22:00:00,17.990723
2024-05-27 23:00:00,18.07306
2024-05-28 00:00:00,17.959015
2024-05-28 01:00:00,18.285187
2024-05-28 02:00:00,18.836975
2024-05-28 03:00:00,18.607086
2024-05-28 04:00:00,18.413208
2024-05-28 05:00:00,18.443512
2024-05-28 06:00:00,18.15152
2024-05-28 07:00:00,17.647552
2024-05-28 08:00:00,17.159637
2024-05-28 09:00:00,17.151672
2024-05-28 10:00:00,17.647156
2024-05-28 11:00:00,18.328522
2024-05-28 12:00:00,18.988739
2024-05-28 13:00:00,19.495636
2024-05-28 14:00:00,19.813873
2024-05-28 15:00:00,20.037506
2024-05-28 16:00:00,20.242096
2024-05-28 17:00:00,20.352356
2024-05-28 18:00:00,20.20636
2024-05-28 19:00:00,19.88913
2024-05-28 20:00:00,19.615204
2024-05-28 21:00:00,19.495392
2024-05-28 22:00:00,18.95047
2024-05-28 23:00:00,18.636993
2024-05-29 00:00:00,18.405243
2024-05-29 01:00:00,18.24942
2024-05-29 02:00:00,18.15384
2024-05-29 03:00:00,18.08731
2024-05-29 04:00:00,18.143219
2024-05-29 05:00:00,17.970917
2024-05-29 06:00:00,17.261047
2024-05-29 07:00:00,16.617157
2024-05-29 08:00:00,15.98584
2024-05-29 09:00:00,15.842499
2024-05-29 10:00:00,14.32016
2024-05-29 11:00:00,14.561035
2024-05-29 12:00:00,14.439575
2024-05-29 13:00:00,13.9288025
2024-05-29 14:00:00,14.222321
2024-05-29 15:00:00,14.312683
2024-05-29 16:00:00,14.299744
2024-05-29 17:00:00,14.191772
2024-05-29 18:00:00,14.044647
2024-05-29 19:00:00,13.852234
2024-05-29 20:00:00,13.610077
2024-05-29 21:00:00,13.38797
2024-05-29 22:00:00,14.129181
2024-05-29 23:00:00,13.965851
2024-05-30 00:00:00,13.818665
2024-05-30 01:00:00,13.690216
2024-05-30 02:00:00,13.595795
2024-05-30 03:00:00,13.504395
2024-05-30 04:00:00,13.4096985
2024-05-30 05:00:00,13.327301
2024-05-30 06:00:00,13.283051
2024-05-30 07:00:00,13.2812195
2024-05-30 08:00:00,13.488434
2024-05-30 09:00:00,13.893066
2024-05-30 10:00:00,14.770966
2024-05-30 11:00:00,15.180969
2024-05-30 12:00:00,15.683014
2024-05-30 13:00:00,15.980835
2024-05-30 14:00:00,16.350128
2024-05-30 15:00:00,16.627167
2024-05-30 16:00:00,16.737885
2024-05-30 17:00:00,16.70575
2024-05-30 18:00:00,16.677155
2024-05-30 19:00:00,16.661102
2024-05-30 20:00:00,16.684448
2024-05-30 21:00:00,16.773895
2024-05-30 22:00:00,16.79596
2024-05-30 23:00:00,17.066193
2024-05-31 00:00:00,17.26651
2024-05-31 01:00:00,17.442657
2024-05-31 02:00:00,17.75235
2024-05-31 03:00:00,18.20755
2024-05-31 04:00:00,18.444855
2024-05-31 05:00:00,18.429352
2024-05-31 06:00:00,18.363739
2024-05-31 07:00:00,18.273651
2024-05-31 08:00:00,18.048492
2024-05-31 09:00:00,17.733246
2024-05-31 10:00:00,16.672974
2024-05-31 11:00:00,17.407074
2024-05-31 12:00:00,18.10965
2024-05-31 13:00:00,18.253448
2024-05-31 14:00:00,18.768524
2024-05-31 15:00:00,19.102081
2024-05-31 16:00:00,19.149506
2024-05-31 17:00:00,18.815826
2024-05-31 18:00:00,18.499481
2024-05-31 19:00:00,18.233643
2024-05-31 20:00:00,18.057983
2024-05-31 21:00:00,17.924469
2024-05-31 22:00:00,18.429535
2024-05-31 23:00:00,18.649292
2024-06-01 00:00:00,18.257294
2024-06-01 01:00:00,18.211426
2024-06-01 02:00:00,18.636322
2024-06-01 03:00:00,18.957428
2024-06-01 04:00:00,19.174347
2024-06-01 05:00:00,19.303986
2024-06-01 06:00:00,18.999481
2024-06-01 07:00:00,17.77417
2024-06-01 08:00:00,17.143188
2024-06-01 09:00:00,17.56247
2024-06-01 10:00:00,18.054108
2024-06-01 11:00:00,18.552887
2024-06-01 12:00:00,18.996307
2024-06-01 13:00:00,19.226715
2024-06-01 14:00:00,19.548676
2024-06-01 15:00:00,19.657227
2024-06-01 16:00:00,19.475677
2024-06-01 17:00:00,18.822266
2024-06-01 18:00:00,18.128998
2024-06-01 19:00:00,18.009918
2024-06-01 20:00:00,18.00409
2024-06-01 21:00:00,17.846466
2024-06-01 22:00:00,18.219513
2024-06-01 23:00:00,17.915833
2024-06-02 00:00:00,17.448517
2024-06-02 01:00:00,17.354034
2024-06-02 02:00:00,17.440979
2024-06-02 03:00:00,17.125458
2024-06-02 04:00:00,16.392792
2024-06-02 05:00:00,16.53775
2024-06-02 06:00:00,16.54599
2024-06-02 07:00:00,15.298096
2024-06-02 08:00:00,15.567505
2024-06-02 09:00:00,16.199615
2024-06-02 10:00:00,15.035187
2024-06-02 11:00:00,15.787964
2024-06-02 12:00:00,16.461243
2024-06-02 13:00:00,16.96405
2024-06-02 14:00:00,17.043915
2024-06-02 15:00:00,16.756378
2024-06-02 16:00:00,16.544708
2024-06-02 17:00:00,16.315643
2024-06-02 18:00:00,15.992889
2024-06-02 19:00:00,15.946747
2024-06-02 20:00:00,16.243225
2024-06-02 21:00:00,16.582428
2024-06-02 22:00:00,16.334747
2024-06-02 23:00:00,16.344482
2024-06-03 00:00:00,16.65915
2024-06-03 01:00:00,17.009888
2024-06-03 02:00:00,17.214417
2024-06-03 03:00:00,17.39981
2024-06-03 04:00:00,17.620514
2024-06-03 05:00:00,17.868195
2024-06-03 06:00:00,18.09085
2024-06-03 07:00:00,18.116455
2024-06-03 08:00:00,18.027039
2024-06-03 09:00:00,18.153534
2024-06-03 10:00:00,18.572662
2024-06-03 11:00:00,18.383698
2024-06-03 12:00:00,18.457031
2024-06-03 13:00:00,17.84555
2024-06-03 14:00:00,17.053406
2024-06-03 15:00:00,17.285492
2024-06-03 16:00:00,17.803253
2024-06-03 17:00:00,18.148193
2024-06-03 18:00:00,17.88388
2024-06-03 19:00:00,16.913239
2024-06-03 20:00:00,15.992798
2024-06-03 21:00:00,15.31485
2024-06-03 22:00:00,15.455597
2024-06-03 23:00:00,14.745789
2024-06-04 00:00:00,14.163116
2024-06-04 01:00:00,13.666473
2024-06-04 02:00:00,13.359283
2024-06-04 03:00:00,13.126373
2024-06-04 04:00:00,12.86911
2024-06-04 05:00:00,12.298553
2024-06-04 06:00:00,12.378662
2024-06-04 07:00:00,12.879059
2024-06-04 08:00:00,13.430939
2024-06-04 09:00:00,14.036957
2024-06-04 10:00:00,14.159576
2024-06-04 11:00:00,14.947418
2024-06-04 12:00:00,15.668182
2024-06-04 13:00:00,16.206604
2024-06-04 14:00:00,16.60147
2024-06-04 15:00:00,16.829315
2024-06-04 16:00:00,16.910248
2024-06-04 17:00:00,16.813568
2024-06-04 18:00:00,16.342651
2024-06-04 19:00:00,15.696411
2024-06-04 20:00:00,15.321442
2024-06-04 21:00:00,15.226837
2024-06-04 22:00:00,14.769501
2024-06-04 23:00:00,14.863007
2024-06-05 00:00:00,15.030365
2024-06-05 01:00:00,15.266113
2024-06-05 02:00:00,15.338776
2024-06-05 03:00:00,14.818634
2024-06-05 04:00:00,14.2777405
2024-06-05 05:00:00,14.19931
2024-06-05 06:00:00,13.872406
2024-06-05 07:00:00,13.65564
2024-06-05 08:00:00,13.997131
2024-06-05 09:00:00,13.901337
2024-06-05 10:00:00,13.49408
2024-06-05 11:00:00,13.240112
2024-06-05 12:00:00,13.301117
2024-06-05 13:00:00,13.322876
2024-06-05 14:00:00,12.827667
2024-06-05 15:00:00,11.8767395
2024-06-05 16:00:00,11.948334
2024-06-05 17:00:00,12.170837
2024-06-05 18:00:00,12.297699
2024-06-05 19:00:00,12.30481
2024-06-05 20:00:00,12.187836
2024-06-05 21:00:00,11.882904
2024-06-05 22:00:00,10.803864
2024-06-05 23:00:00,10.08255
2024-06-06 00:00:00,9.362213
2024-06-06 01:00:00,8.8909
2024-06-06 02:00:00,8.558746
2024-06-06 03:00:00,8.005859
2024-06-06 04:00:00,7.557892
2024-06-06 05:00:00,7.386322
2024-06-06 06:00:00,7.793579
2024-06-06 07:00:00,8.318024
2024-06-06 08:00:00,8.71521
2024-06-06 09:00:00,9.170227
2024-06-06 10:00:00,9.904877
2024-06-06 11:00:00,9.562103
2024-06-06 12:00:00,9.788055
2024-06-06 13:00:00,9.98468
2024-06-06 14:00:00,10.274445
2024-06-06 15:00:00,10.480011
2024-06-06 16:00:00,10.803741
2024-06-06 17:00:00,10.96405
2024-06-06 18:00:00,10.977264
2024-06-06 19:00:00,10.804932
2024-06-06 20:00:00,10.429047
2024-06-06 21:00:00,9.820953
2024-06-06 22:00:00,8.510834
2024-06-06 23:00:00,8.297638
2024-06-07 00:00:00,7.6957703
2024-06-07 01:00:00,7.1641846
2024-06-07 02:00:00,6.890625
2024-06-07 03:00:00,6.615387
2024-06-07 04:00:00,6.4180603
2024-06-07 05:00:00,6.3916016
2024-06-07 06:00:00,6.532379
2024-06-07 07:00:00,7.330536
2024-06-07 08:00:00,8.010956
2024-06-07 09:00:00,8.614288
2024-06-07 10:00:00,8.723602
2024-06-07 11:00:00,9.181549
2024-06-07 12:00:00,9.652161
2024-06-07 13:00:00,10.04184
2024-06-07 14:00:00,10.249634
2024-06-07 15:00:00,10.38736
2024-06-07 16:00:00,10.272125
2024-06-07 17:00:00,10.104675
2024-06-07 18:00:00,9.98703
2024-06-07 19:00:00,9.743866
2024-06-07 20:00:00,9.812103
2024-06-07 21:00:00,10.037659
2024-06-07 22:00:00,10.015289
2024-06-07 23:00:00,9.741669
2024-06-08 00:00:00,9.429413
2024-06-08 01:00:00,9.139679
2024-06-08 02:00:00,8.83667
2024-06-08 03:00:00,8.482208
2024-06-08 04:00:00,8.054657
2024-06-08 05:00:00,7.6929626
2024-06-08 06:00:00,7.608124
2024-06-08 07:00:00,7.9490967
2024-06-08 08:00:00,8.412506
2024-06-08 09:00:00,8.887604
2024-06-08 10:00:00,9.627533
2024-06-08 11:00:00,10.027588
2024-06-08 12:00:00,10.370697
2024-06-08 13:00:00,10.62793
2024-06-08 14:00:00,10.657715
2024-06-08 15:00:00,10.5065
2024-06-08 16:00:00,10.496918
2024-06-08 17:00:00,10.44339
2024-06-08 18:00:00,10.455658
2024-06-08 19:00:00,10.286346
2024-06-08 20:00:00,10.038422
2024-06-08 21:00:00,9.805206
2024-06-08 22:00:00,9.584686
2024-06-08 23:00:00,9.145355
2024-06-09 00:00:00,8.832611
2024-06-09 01:00:00,8.931763
2024-06-09 02:00:00,8.223846
2024-06-09 03:00:00,6.880066
2024-06-09 04:00:00,5.981659
2024-06-09 05:00:00,5.699066
2024-06-09 06:00:00,6.0221252
2024-06-09 07:00:00,6.6126404
2024-06-09 08:00:00,7.203583
2024-06-09 09:00:00,7.981262
2024-06-09 10:00:00,8.549896
2024-06-09 11:00:00,7.857849
2024-06-09 12:00:00,9.232086
2024-06-09 13:00:00,9.332611
2024-06-09 14:00:00,8.742737
2024-06-09 15:00:00,9.1510315
2024-06-09 16:00:00,9.457489
2024-06-09 17:00:00,8.546112
2024-06-09 18:00:00,8.675232
2024-06-09 19:00:00,8.558685
2024-06-09 20:00:00,8.551178
2024-06-09 21:00:00,8.447662
2024-06-09 22:00:00,8.429657
2024-06-09 23:00:00,8.027618
2024-06-10 00:00:00,7.6388855
2024-06-10 01:00:00,7.4232483
2024-06-10 02:00:00,7.3003235
2024-06-10 03:00:00,7.32782
2024-06-10 04:00:00,7.4325256
2024-06-10 05:00:00,7.9339905
2024-06-10 06:00:00,8.605011
2024-06-10 07:00:00,8.646881
2024-06-10 08:00:00,8.862396
2024-06-10 09:00:00,8.8376465
2024-06-10 10:00:00,8.59671
2024-06-10 11:00:00,8.895447
2024-06-10 12:00:00,9.06012
2024-06-10 13:00:00,9.756897
2024-06-10 14:00:00,10.096039
2024-06-10 15:00:00,8.769318
2024-06-10 16:00:00,8.651581
2024-06-10 17:00:00,9.0763855
2024-06-10 18:00:00,9.513824
2024-06-10 19:00:00,9.200226
2024-06-10 20:00:00,9.624725
2024-06-10 21:00:00,10.348419
2024-06-10 22:00:00,10.575592
2024-06-10 23:00:00,10.926727
2024-06-11 00:00:00,11.125061
2024-06-11 01:00:00,10.936096
2024-06-11 02:00:00,10.425262
2024-06-11 03:00:00,10.047882
2024-06-11 04:00:00,9.865326
2024-06-11 05:00:00,9.385284
2024-06-11 06:00:00,8.944794
2024-06-11 07:00:00,9.385773
2024-06-11 08:00:00,10.180023
2024-06-11 09:00:00,10.753998
2024-06-11 10:00:00,10.604553
2024-06-11 11:00:00,10.755585
2024-06-11 12:00:00,11.07486
2024-06-11 13:00:00,11.468842
2024-06-11 14:00:00,11.489777
2024-06-11 15:00:00,11.047028
2024-06-11 16:00:00,10.243103
2024-06-11 17:00:00,9.725616
2024-06-11 18:00:00,9.821014
2024-06-11 19:00:00,10.106689
2024-06-11 20:00:00,10.384552
2024-06-11 21:00:00,10.46048
2024-06-11 22:00:00,10.614288
2024-06-11 23:00:00,10.370026
2024-06-12 00:00:00,10.319733
2024-06-12 01:00:00,10.231354
2024-06-12 02:00:00,10.168976
2024-06-12 03:00:00,10.06662
2024-06-12 04:00:00,10.036774
2024-06-12 05:00:00,10.105133
2024-06-12 06:00:00,10.2118225
2024-06-12 07:00:00,9.917114
2024-06-12 08:00:00,10.325653
2024-06-12 09:00:00,10.873962
2024-06-12 10:00:00,11.581818
2024-06-12 11:00:00,11.8377075
2024-06-12 12:00:00,10.968658
2024-06-12 13:00:00,10.4183655
2024-06-12 14:00:00,10.635925
2024-06-12 15:00:00,11.03598
2024-06-12 16:00:00,10.952454
2024-06-12 17:00:00,10.789215
2024-06-12 18:00:00,10.638458
2024-06-12 19:00:00,10.591522
2024-06-12 20:00:00,10.737061
2024-06-12 21:00:00,10.840118
2024-06-12 22:00:00,10.626801
2024-06-12 23:00:00,10.372955
2024-06-13 00:00:00,10.137421
2024-06-13 01:00:00,9.926056
2024-06-13 02:00:00,9.713959
2024-06-13 03:00:00,9.540924
2024-06-13 04:00:00,9.305756
2024-06-13 05:00:00,8.933563
2024-06-13 06:00:00,8.458832
2024-06-13 07:00:00,8.090912
2024-06-13 08:00:00,8.261017
2024-06-13 09:00:00,9.011261
2024-06-13 10:00:00,9.145782
2024-06-13 11:00:00,9.280945
2024-06-13 12:00:00,9.611298
2024-06-13 13:00:00,9.824066
2024-06-13 14:00:00,9.648529
2024-06-13 15:00:00,9.078857
2024-06-13 16:00:00,8.67392
2024-06-13 17:00:00,8.6406555
2024-06-13 18:00:00,8.594635
2024-06-13 19:00:00,8.389618
2024-06-13 20:00:00,8.195953
2024-06-13 21:00:00,8.212433
2024-06-13 22:00:00,8.697723
2024-06-13 23:00:00,8.329437
2024-06-14 00:00:00,8.452606
2024-06-14 01:00:00,8.391083
2024-06-14 02:00:00,8.139679
2024-06-14 03:00:00,7.8681335
2024-06-14 04:00:00,7.635437
2024-06-14 05:00:00,7.4447937
2024-06-14 06:00:00,7.2895203
2024-06-14 07:00:00,7.7342834
2024-06-14 08:00:00,8.29953
2024-06-14 09:00:00,9.070862
2024-06-14 10:00:00,9.111725
2024-06-14 11:00:00,9.417664
2024-06-14 12:00:00,9.8966675
2024-06-14 13:00:00,10.308441
2024-06-14 14:00:00,10.470734
2024-06-14 15:00:00,10.523102
2024-06-14 16:00:00,9.596741
2024-06-14 17:00:00,9.756897
2024-06-14 18:00:00,10.044525
2024-06-14 19:00:00,10.025818
2024-06-14 20:00:00,9.887665
2024-06-14 21:00:00,9.935455
2024-06-14 22:00:00,10.208038
2024-06-14 23:00:00,10.031525
2024-06-15 00:00:00,9.83667
2024-06-15 01:00:00,9.874786
2024-06-15 02:00:00,9.928192
2024-06-15 03:00:00,9.955353
2024-06-15 04:00:00,9.957703
2024-06-15 05:00:00,9.923889
2024-06-15 06:00:00,9.850555
2024-06-15 07:00:00,9.552216
2024-06-15 08:00:00,9.863434
2024-06-15 09:00:00,10.029694
2024-06-15 10:00:00,10.067902
2024-06-15 11:00:00,10.339752
2024-06-15 12:00:00,10.596283
2024-06-15 13:00:00,10.673035
2024-06-15 14:00:00,10.856415
2024-06-15 15:00:00,11.018433
2024-06-15 16:00:00,11.338104
2024-06-15 17:00:00,11.823822
2024-06-15 18:00:00,12.335236
2024-06-15 19:00:00,12.69281
2024-06-15 20:00:00,12.799286
2024-06-15 21:00:00,12.822662
2024-06-15 22:00:00,12.121918
2024-06-15 23:00:00,11.1267395
2024-06-16 00:00:00,10.665619
2024-06-16 01:00:00,10.6041565
2024-06-16 02:00:00,10.73288
2024-06-16 03:00:00,10.769745
2024-06-16 04:00:00,10.670624
2024-06-16 05:00:00,10.32309
2024-06-16 06:00:00,10.101654
2024-06-16 07:00:00,10.434143
2024-06-16 08:00:00,11.109894
2024-06-16 09:00:00,11.870544
2024-06-16 10:00:00,12.481964
2024-06-16 11:00:00,12.984528
2024-06-16 12:00:00,13.433105
2024-06-16 13:00:00,13.556854
2024-06-16 14:00:00,13.389618
2024-06-16 15:00:00,13.29361
2024-06-16 16:00:00,13.252747
2024-06-16 17:00:00,13.386383
2024-06-16 18:00:00,13.451508
2024-06-16 19:00:00,13.408478
2024-06-16 20:00:00,13.351013
2024-06-16 21:00:00,13.314789
2024-06-16 22:00:00,13.697876
2024-06-16 23:00:00,13.29303
2024-06-17 00:00:00,12.888611
2024-06-17 01:00:00,12.728485
2024-06-17 02:00:00,12.197845
2024-06-17 03:00:00,11.248138
2024-06-17 04:00:00,10.8732605
2024-06-17 05:00:00,10.828674
2024-06-17 06:00:00,10.787689
2024-06-17 07:00:00,10.973206
2024-06-17 08:00:00,10.897461
2024-06-17 09:00:00,11.667267
2024-06-17 10:00:00,12.41156
2024-06-17 11:00:00,13.239014
2024-06-17 12:00:00,13.940033
2024-06-17 13:00:00,14.185852
2024-06-17 14:00:00,14.405792
2024-06-17 15:00:00,14.652069
2024-06-17 16:00:00,14.743317
2024-06-17 17:00:00,14.42807
2024-06-17 18:00:00,14.021881
2024-06-17 19:00:00,13.490601
2024-06-17 20:00:00,12.957794
2024-06-17 21:00:00,12.58371
2024-06-17 22:00:00,12.500519
2024-06-17 23:00:00,12.380646
2024-06-18 00:00:00,12.450897
2024-06-18 01:00:00,12.830048
2024-06-18 02:00:00,13.010834
2024-06-18 03:00:00,12.636047
2024-06-18 04:00:00,12.290283
2024-06-18 05:00:00,12.188873
2024-06-18 06:00:00,11.536774
2024-06-18 07:00:00,11.320343
2024-06-18 08:00:00,12.129242
2024-06-18 09:00:00,12.938873
2024-06-18 10:00:00,13.444153
2024-06-18 11:00:00,14.037689
2024-06-18 12:00:00,14.404999
2024-06-18 13:00:00,14.49472
2024-06-18 14:00:00,12.552826
2024-06-18 15:00:00,12.063751
2024-06-18 16:00:00,12.477905
2024-06-18 17:00:00,12.785126
2024-06-18 18:00:00,12.91098
2024-06-18 19:00:00,12.816864
2024-06-18 20:00:00,12.397858
2024-06-18 21:00:00,11.808807
2024-06-18 22:00:00,11.384552
2024-06-18 23:00:00,10.9374695
2024-06-19 00:00:00,10.507721
2024-06-19 01:00:00,10.119476
2024-06-19 02:00:00,9.716705
2024-06-19 03:00:00,9.363129
2024-06-19 04:00:00,9.118469
2024-06-19 05:00:00,9.076996
2024-06-19 06:00:00,9.529022
2024-06-19 07:00:00,10.080353
2024-06-19 08:00:00,10.601532
2024-06-19 09:00:00,11.207855
2024-06-19 10:00:00,11.215393
2024-06-19 11:00:00,12.075897
2024-06-19 12:00:00,12.939301
2024-06-19 13:00:00,13.42926
2024-06-19 14:00:00,12.132782
2024-06-19 15:00:00,12.337433
2024-06-19 16:00:00,13.067871
2024-06-19 17:00:00,12.18161
2024-06-19 18:00:00,12.310089
2024-06-19 19:00:00,12.398682
2024-06-19 20:00:00,12.442352
2024-06-19 21:00:00,12.891083
2024-06-19 22:00:00,13.974121
2024-06-19 23:00:00,14.061371
2024-06-20 00:00:00,13.688385
2024-06-20 01:00:00,12.590881
2024-06-20 02:00:00,11.72641
2024-06-20 03:00:00,11.496674
2024-06-20 04:00:00,11.662079
2024-06-20 05:00:00,11.920929
2024-06-20 06:00:00,12.317108
2024-06-20 07:00:00,12.230804
2024-06-20 08:00:00,12.656616
2024-06-20 09:00:00,13.854248
2024-06-20 10:00:00,14.119171
2024-06-20 11:00:00,14.679901
2024-06-20 12:00:00,15.337036
2024-06-20 13:00:00,15.943634
2024-06-20 14:00:00,16.382782
2024-06-20 15:00:00,16.416626
2024-06-20 16:00:00,16.161102
2024-06-20 17:00:00,15.656067
2024-06-20 18:00:00,14.970734
2024-06-20 19:00:00,14.117676
2024-06-20 20:00:00,13.431366
2024-06-20 21:00:00,13.42804
2024-06-20 22:00:00,12.8923645
2024-06-20 23:00:00,13.35202
2024-06-21 00:00:00,13.374786
2024-06-21 01:00:00,13.256989
2024-06-21 02:00:00,12.476624
2024-06-21 03:00:00,11.481964
2024-06-21 04:00:00,10.895599
2024-06-21 05:00:00,10.6502075
2024-06-21 06:00:00,10.440338
2024-06-21 07:00:00,10.970642
2024-06-21 08:00:00,11.548126
2024-06-21 09:00:00,12.10144
2024-06-21 10:00:00,12.239777
2024-06-21 11:00:00,12.743469
2024-06-21 12:00:00,12.8377075
2024-06-21 13:00:00,13.066284
2024-06-21 14:00:00,13.473419
2024-06-21 15:00:00,13.756165
2024-06-21 16:00:00,13.960724
2024-06-21 17:00:00,14.172272
2024-06-21 18:00:00,14.593109
2024-06-21 19:00:00,14.713654
2024-06-21 20:00:00,14.722015
2024-06-21 21:00:00,14.675873
2024-06-21 22:00:00,14.415009
2024-06-21 23:00:00,14.349396
2024-06-22 00:00:00,14.339325
2024-06-22 01:00:00,14.213898
2024-06-22 02:00:00,14.069489
2024-06-22 03:00:00,13.929657
2024-06-22 04:00:00,13.683319
2024-06-22 05:00:00,13.322144
2024-06-22 06:00:00,13.007477
2024-06-22 07:00:00,12.917145
2024-06-22 08:00:00,12.405426
2024-06-22 09:00:00,11.549225
2024-06-22 10:00:00,13.079834
2024-06-22 11:00:00,12.670258
2024-06-22 12:00:00,12.668182
2024-06-22 13:00:00,12.682495
2024-06-22 14:00:00,12.604767
2024-06-22 15:00:00,12.464203
2024-06-22 16:00:00,12.35022
2024-06-22 17:00:00,12.294281
2024-06-22 18:00:00,12.150482
2024-06-22 19:00:00,12.142731
2024-06-22 20:00:00,12.1539
2024-06-22 21:00:00,12.175598
2024-06-22 22:00:00,12.433472
2024-06-22 23:00:00,12.752899
2024-06-23 00:00:00,13.07431
2024-06-23 01:00:00,13.403015
2024-06-23 02:00:00,13.616974
2024-06-23 03:00:00,13.676605
2024-06-23 04:00:00,13.66684
2024-06-23 05:00:00,13.618469
2024-06-23 06:00:00,13.411163
2024-06-23 07:00:00,12.881622
2024-06-23 08:00:00,13.301727
2024-06-23 09:00:00,13.872223
2024-06-23 10:00:00,14.134369
2024-06-23 11:00:00,14.227783
2024-06-23 12:00:00,14.457855
2024-06-23 13:00:00,14.722748
2024-06-23 14:00:00,14.869598
2024-06-23 15:00:00,14.959198
2024-06-23 16:00:00,15.039093
2024-06-23 17:00:00,15.067078
2024-06-23 18:00:00,15.055084
2024-06-23 19:00:00,15.05069
2024-06-23 20:00:00,15.039703
2024-06-23 21:00:00,15.022003
2024-06-23 22:00:00,15.225189
2024-06-23 23:00:00,15.210815
2024-06-24 00:00:00,15.2291565
2024-06-24 01:00:00,15.387695
2024-06-24 02:00:00,15.592255
2024-06-24 03:00:00,15.8385315
2024-06-24 04:00:00,16.050629
2024-06-24 05:00:00,16.147614
2024-06-24 06:00:00,16.097565
2024-06-24 07:00:00,15.86731
2024-06-24 08:00:00,15.281921
2024-06-24 09:00:00,15.754669
2024-06-24 10:00:00,15.522308
2024-06-24 11:00:00,15.961426
2024-06-24 12:00:00,16.38675
2024-06-24 13:00:00,16.528809
2024-06-24 14:00:00,16.485138
2024-06-24 15:00:00,16.351532
2024-06-24 16:00:00,16.188538
2024-06-24 17:00:00,16.069733
2024-06-24 18:00:00,16.125793
2024-06-24 19:00:00,16.4039
2024-06-24 20:00:00,16.755554
2024-06-24 21:00:00,17.03891
2024-06-24 22:00:00,17.040009
2024-06-24 23:00:00,17.300262
2024-06-25 00:00:00,17.422516
2024-06-25 01:00:00,17.549805
2024-06-25 02:00:00,17.650818
2024-06-25 03:00:00,17.669067
2024-06-25 04:00:00,17.610962
2024-06-25 05:00:00,17.520905
2024-06-25 06:00:00,17.42984
2024-06-25 07:00:00,17.36789
2024-06-25 08:00:00,17.233856
2024-06-25 09:00:00,17.662292
2024-06-25 10:00:00,17.785217
2024-06-25 11:00:00,18.295563
2024-06-25 12:00:00,18.658081
2024-06-25 13:00:00,18.742767
2024-06-25 14:00:00,18.61258
2024-06-25 15:00:00,18.304108
2024-06-25 16:00:00,17.996307
2024-06-25 17:00:00,17.720398
2024-06-25 18:00:00,17.587555
2024-06-25 19:00:00,17.830078
2024-06-25 20:00:00,18.181854
2024-06-25 21:00:00,18.455414
2024-06-25 22:00:00,18.965912
2024-06-25 23:00:00,19.12033
2024-06-26 00:00:00,19.135101
2024-06-26 01:00:00,19.109161
2024-06-26 02:00:00,19.104828
2024-06-26 03:00:00,19.110321
2024-06-26 04:00:00,19.036926
2024-06-26 05:00:00,18.858795
2024-06-26 06:00:00,18.631317
2024-06-26 07:00:00,18.404877
2024-06-26 08:00:00,18.108551
2024-06-26 09:00:00,18.565643
2024-06-26 10:00:00,18.460785
2024-06-26 11:00:00,18.914581
2024-06-26 12:00:00,19.319519
2024-06-26 13:00:00,19.590424
2024-06-26 14:00:00,19.745117
2024-06-26 15:00:00,19.853241
2024-06-26 16:00:00,19.960358
2024-06-26 17:00:00,19.939514
2024-06-26 18:00:00,19.923187
2024-06-26 19:00:00,19.92691
2024-06-26 20:00:00,19.8779
2024-06-26 21:00:00,19.766174
2024-06-26 22:00:00,19.59787
2024-06-26 23:00:00,19.528473
2024-06-27 00:00:00,19.427887
2024-06-27 01:00:00,19.299957
2024-06-27 02:00:00,19.190979
2024-06-27 03:00:00,19.100494
2024-06-27 04:00:00,19.030914
2024-06-27 05:00:00,18.95755
2024-06-27 06:00:00,18.856354
2024-06-27 07:00:00,18.755157
2024-06-27 08:00:00,18.71402
2024-06-27 09:00:00,18.722076
2024-06-27 10:00:00,18.644562
2024-06-27 11:00:00,19.097412
2024-06-27 12:00:00,19.4646
2024-06-27 13:00:00,19.690643
2024-06-27 14:00:00,19.851288
2024-06-27 15:00:00,19.987152
2024-06-27 16:00:00,20.101593
2024-06-27 17:00:00,20.286041
2024-06-27 18:00:00,20.552094
2024-06-27 19:00:00,20.793335
2024-06-27 20:00:00,21.051056
2024-06-27 21:00:00,21.462738
2024-06-27 22:00:00,21.569763
2024-06-27 23:00:00,21.643372
2024-06-28 00:00:00,21.08487
2024-06-28 01:00:00,20.735687
2024-06-28 02:00:00,20.733307
2024-06-28 03:00:00,20.842316
2024-06-28 04:00:00,21.018188
2024-06-28 05:00:00,21.308441
2024-06-28 06:00:00,21.797943
2024-06-28 07:00:00,22.277618
2024-06-28 08:00:00,22.31366
2024-06-28 09:00:00,21.073914
2024-06-28 10:00:00,22.673676
2024-06-28 11:00:00,22.526886
2024-06-28 12:00:00,21.805267
2024-06-28 13:00:00,21.663635
2024-06-28 14:00:00,20.402008
2024-06-28 15:00:00,18.844086
2024-06-28 16:00:00,18.33612
2024-06-28 17:00:00,19.11139
2024-06-28 18:00:00,17.319977
2024-06-28 19:00:00,16.385406
2024-06-28 20:00:00,16.19284
2024-06-28 21:00:00,16.511322
2024-06-28 22:00:00,16.448029
2024-06-28 23:00:00,16.116425
2024-06-29 00:00:00,15.598419
2024-06-29 01:00:00,14.346344
2024-06-29 02:00:00,13.408112
2024-06-29 03:00:00,11.705475
2024-06-29 04:00:00,10.952911
2024-06-29 05:00:00,10.904419
2024-06-29 06:00:00,11.097931
2024-06-29 07:00:00,11.736633
2024-06-29 08:00:00,12.441345
2024-06-29 09:00:00,13.261017
2024-06-29 10:00:00,13.913788
2024-06-29 11:00:00,14.688385
2024-06-29 12:00:00,15.194183
2024-06-29 13:00:00,14.997101
2024-06-29 14:00:00,14.841949
2024-06-29 15:00:00,14.989868
2024-06-29 16:00:00,14.9930725
2024-06-29 17:00:00,14.914154
2024-06-29 18:00:00,14.5997925
2024-06-29 19:00:00,14.123077
2024-06-29 20:00:00,13.586029
2024-06-29 21:00:00,13.133179
2024-06-29 22:00:00,12.799927
2024-06-29 23:00:00,12.561432
2024-06-30 00:00:00,12.477325
2024-06-30 01:00:00,12.4479065
2024-06-30 02:00:00,12.39621
2024-06-30 03:00:00,12.363098
2024-06-30 04:00:00,12.373627
2024-06-30 05:00:00,12.444458
2024-06-30 06:00:00,12.566742
2024-06-30 07:00:00,12.90506
2024-06-30 08:00:00,13.081757
2024-06-30 09:00:00,13.052338
2024-06-30 10:00:00,13.041351
2024-06-30 11:00:00,12.944
2024-06-30 12:00:00,12.539337
2024-06-30 13:00:00,12.027008
2024-06-30 14:00:00,11.610199
2024-06-30 15:00:00,11.423218
2024-06-30 16:00:00,11.529724
2024-06-30 17:00:00,11.628143
2024-06-30 18:00:00,11.89801
2024-06-30 19:00:00,12.142883
2024-06-30 20:00:00,12.24762
2024-06-30 21:00:00,12.239471
2024-06-30 22:00:00,12.5321045
2024-06-30 23:00:00,12.470428
2024-07-01 00:00:00,12.346649
2024-07-01 01:00:00,12.258453
2024-07-01 02:00:00,12.148773
2024-07-01 03:00:00,11.739166
2024-07-01 04:00:00,11.302307
2024-07-01 05:00:00,11.2170105
2024-07-01 06:00:00,11.409027
2024-07-01 07:00:00,11.869476
2024-07-01 08:00:00,12.585724
2024-07-01 09:00:00,13.614777
2024-07-01 10:00:00,14.257538
2024-07-01 11:00:00,14.967865
2024-07-01 12:00:00,15.471039
2024-07-01 13:00:00,15.83255
2024-07-01 14:00:00,15.973053
2024-07-01 15:00:00,16.057526
2024-07-01 16:00:00,16.211487
2024-07-01 17:00:00,16.13919
2024-07-01 18:00:00,15.906891
2024-07-01 19:00:00,15.61142
2024-07-01 20:00:00,15.21048
2024-07-01 21:00:00,14.555389
2024-07-01 22:00:00,13.656403
2024-07-01 23:00:00,12.809845
2024-07-02 00:00:00,12.332642
2024-07-02 01:00:00,12.116852
2024-07-02 02:00:00,11.796661
2024-07-02 03:00:00,11.318146
2024-07-02 04:00:00,10.8480835
2024-07-02 05:00:00,10.385193
2024-07-02 06:00:00,11.010559
2024-07-02 07:00:00,11.613068
2024-07-02 08:00:00,12.296722
2024-07-02 09:00:00,13.323669
2024-07-02 10:00:00,13.957245
2024-07-02 11:00:00,14.421051
2024-07-02 12:00:00,14.740387
2024-07-02 13:00:00,15.286072
2024-07-02 14:00:00,15.516876
2024-07-02 15:00:00,15.45929
2024-07-02 16:00:00,15.319946
2024-07-02 17:00:00,15.1666565
2024-07-02 18:00:00,14.858948
2024-07-02 19:00:00,14.71463
2024-07-02 20:00:00,14.612579
2024-07-02 21:00:00,14.591217
2024-07-02 22:00:00,14.78183
2024-07-02 23:00:00,14.648163
2024-07-03 00:00:00,14.5078125
2024-07-03 01:00:00,14.386658
2024-07-03 02:00:00,14.325867
2024-07-03 03:00:00,14.188293
2024-07-03 04:00:00,13.830841
2024-07-03 05:00:00,13.268219
2024-07-03 06:00:00,13.042267
2024-07-03 07:00:00,13.2552185
2024-07-03 08:00:00,13.29361
2024-07-03 09:00:00,13.263306
2024-07-03 10:00:00,13.665619
2024-07-03 11:00:00,13.438202
2024-07-03 12:00:00,13.739471
2024-07-03 13:00:00,13.524261
2024-07-03 14:00:00,13.465637
2024-07-03 15:00:00,13.555054
2024-07-03 16:00:00,13.644165
2024-07-03 17:00:00,14.056244
2024-07-03 18:00:00,13.939758
2024-07-03 19:00:00,13.846954
2024-07-03 20:00:00,13.452789
2024-07-03 21:00:00,13.191437
2024-07-03 22:00:00,12.682098
2024-07-03 23:00:00,12.569305
2024-07-04 00:00:00,12.248962
2024-07-04 01:00:00,11.799225
2024-07-04 02:00:00,11.4878845
2024-07-04 03:00:00,11.434174
2024-07-04 04:00:00,11.384613
2024-07-04 05:00:00,11.233734
2024-07-04 06:00:00,11.120148
2024-07-04 07:00:00,11.391083
2024-07-04 08:00:00,11.816803
2024-07-04 09:00:00,12.059235
2024-07-04 10:00:00,12.297424
2024-07-04 11:00:00,12.515259
2024-07-04 12:00:00,12.247864
2024-07-04 13:00:00,11.9566345
2024-07-04 14:00:00,11.396973
2024-07-04 15:00:00,11.055908
2024-07-04 16:00:00,10.835663
2024-07-04 17:00:00,10.902374
2024-07-04 18:00:00,10.893463
2024-07-04 19:00:00,11.010803
2024-07-04 20:00:00,10.8671875
2024-07-04 21:00:00,10.801422
2024-07-04 22:00:00,10.39444
2024-07-04 23:00:00,10.204254
2024-07-05 00:00:00,9.714508
2024-07-05 01:00:00,9.335754
2024-07-05 02:00:00,8.625061
2024-07-05 03:00:00,8.246429
2024-07-05 04:00:00,8.046295
2024-07-05 05:00:00,7.954712
2024-07-05 06:00:00,8.470428
2024-07-05 07:00:00,9.044037
2024-07-05 08:00:00,9.651642
2024-07-05 09:00:00,10.241058
2024-07-05 10:00:00,11.031158
2024-07-05 11:00:00,11.378326
2024-07-05 12:00:00,11.552002
2024-07-05 13:00:00,11.942657
2024-07-05 14:00:00,12.211975
2024-07-05 15:00:00,11.602356
2024-07-05 16:00:00,10.195465
2024-07-05 17:00:00,10.294159
2024-07-05 18:00:00,10.5208435
2024-07-05 19:00:00,10.777008
2024-07-05 20:00:00,10.968048
2024-07-05 21:00:00,10.972992
2024-07-05 22:00:00,10.363922
2024-07-05 23:00:00,10.142334
2024-07-06 00:00:00,9.738586
2024-07-06 01:00:00,9.308319
2024-07-06 02:00:00,8.992096
2024-07-06 03:00:00,8.837219
2024-07-06 04:00:00,8.896851
2024-07-06 05:00:00,9.159912
2024-07-06 06:00:00,9.594391
2024-07-06 07:00:00,10.123077
2024-07-06 08:00:00,11.271576
2024-07-06 09:00:00,11.794342
2024-07-06 10:00:00,11.450592
2024-07-06 11:00:00,11.727997
2024-07-06 12:00:00,12.3637085
2024-07-06 13:00:00,13.045319
2024-07-06 14:00:00,13.196808
2024-07-06 15:00:00,12.956085
2024-07-06 16:00:00,12.57959
2024-07-06 17:00:00,12.456055
2024-07-06 18:00:00,13.015045
2024-07-06 19:00:00,14.1701355
2024-07-06 20:00:00,15.407593
2024-07-06 21:00:00,16.380005
2024-07-06 22:00:00,16.368591
2024-07-06 23:00:00,16.107635
2024-07-07 00:00:00,15.729309
2024-07-07 01:00:00,15.750702
2024-07-07 02:00:00,15.572052
2024-07-07 03:00:00,14.62439
2024-07-07 04:00:00,13.808685
2024-07-07 05:00:00,12.540009
2024-07-07 06:00:00,11.556671
2024-07-07 07:00:00,11.333099
2024-07-07 08:00:00,11.7153015
2024-07-07 09:00:00,12.322662
2024-07-07 10:00:00,12.933075
2024-07-07 11:00:00,13.677887
2024-07-07 12:00:00,13.960358
2024-07-07 13:00:00,14.202179
2024-07-07 14:00:00,14.589691
2024-07-07 15:00:00,14.701263
2024-07-07 16:00:00,14.625763
2024-07-07 17:00:00,14.472565
2024-07-07 18:00:00,14.029755
2024-07-07 19:00:00,13.401611
2024-07-07 20:00:00,12.767303
2024-07-07 21:00:00,12.242371
2024-07-07 22:00:00,11.785126
2024-07-07 23:00:00,11.18869
2024-07-08 00:00:00,10.631348
2024-07-08 01:00:00,10.2099
2024-07-08 02:00:00,9.85202
2024-07-08 03:00:00,9.600555
2024-07-08 04:00:00,9.54184
2024-07-08 05:00:00,9.595154
2024-07-08 06:00:00,9.580048
2024-07-08 07:00:00,10.264252
2024-07-08 08:00:00,11.179016
2024-07-08 09:00:00,11.804657
2024-07-08 10:00:00,12.26062
2024-07-08 11:00:00,12.625793
2024-07-08 12:00:00,12.532257
2024-07-08 13:00:00,12.313873
2024-07-08 14:00:00,12.476837
2024-07-08 15:00:00,12.132721
2024-07-08 16:00:00,11.798065
2024-07-08 17:00:00,11.316681
2024-07-08 18:00:00,12.12735
2024-07-08 19:00:00,12.142395
2024-07-08 20:00:00,12.127319
2024-07-08 21:00:00,12.008118
2024-07-08 22:00:00,12.308441
2024-07-08 23:00:00,12.020142
2024-07-09 00:00:00,11.639923
2024-07-09 01:00:00,11.357208
2024-07-09 02:00:00,11.084198
2024-07-09 03:00:00,10.669281
2024-07-09 04:00:00,10.243561
2024-07-09 05:00:00,10.012726
2024-07-09 06:00:00,9.638092
2024-07-09 07:00:00,9.935699
2024-07-09 08:00:00,10.595428
2024-07-09 09:00:00,11.362549
2024-07-09 10:00:00,12.304352
2024-07-09 11:00:00,12.940826
2024-07-09 12:00:00,13.553925
2024-07-09 13:00:00,14.2118225
2024-07-09 14:00:00,14.648254
2024-07-09 15:00:00,14.808929
2024-07-09 16:00:00,14.825958
2024-07-09 17:00:00,14.787811
2024-07-09 18:00:00,14.769928
2024-07-09 19:00:00,14.757416
2024-07-09 20:00:00,14.656342
2024-07-09 21:00:00,14.525665
2024-07-09 22:00:00,14.640686
2024-07-09 23:00:00,14.544464
2024-07-10 00:00:00,14.497711
2024-07-10 01:00:00,14.456268
2024-07-10 02:00:00,14.404877
2024-07-10 03:00:00,14.360992
2024-07-10 04:00:00,14.318695
2024-07-10 05:00:00,14.215424
2024-07-10 06:00:00,14.010254
2024-07-10 07:00:00,13.923004
2024-07-10 08:00:00,14.028046
2024-07-10 09:00:00,14.178589
2024-07-10 10:00:00,15.091766
2024-07-10 11:00:00,15.502838
2024-07-10 12:00:00,15.978485
2024-07-10 13:00:00,16.180084
2024-07-10 14:00:00,16.391174
2024-07-10 15:00:00,16.984253
2024-07-10 16:00:00,17.396881
2024-07-10 17:00:00,17.77768
2024-07-10 18:00:00,18.763672
2024-07-10 19:00:00,19.591217
2024-07-10 20:00:00,20.360962
2024-07-10 21:00:00,19.19696
2024-07-10 22:00:00,19.077026
2024-07-10 23:00:00,18.134247
2024-07-11 00:00:00,17.511932
2024-07-11 01:00:00,17.311981
2024-07-11 02:00:00,17.298126
2024-07-11 03:00:00,16.870544
2024-07-11 04:00:00,16.842438
2024-07-11 05:00:00,16.861115
2024-07-11 06:00:00,16.578766
2024-07-11 07:00:00,15.971283
2024-07-11 08:00:00,15.477844
2024-07-11 09:00:00,15.084473
2024-07-11 10:00:00,14.71579
2024-07-11 11:00:00,15.170074
2024-07-11 12:00:00,15.316681
2024-07-11 13:00:00,15.40921
2024-07-11 14:00:00,15.670013
2024-07-11 15:00:00,16.057678
2024-07-11 16:00:00,16.409271
2024-07-11 17:00:00,16.62497
2024-07-11 18:00:00,16.773254
2024-07-11 19:00:00,16.8815
2024-07-11 20:00:00,16.961578
2024-07-11 21:00:00,17.034332
2024-07-11 22:00:00,17.095795
2024-07-11 23:00:00,17.096527
2024-07-12 00:00:00,16.954498
2024-07-12 01:00:00,17.015228
2024-07-12 02:00:00,17.025238
2024-07-12 03:00:00,16.885773
2024-07-12 04:00:00,16.78009
2024-07-12 05:00:00,16.670319
2024-07-12 06:00:00,16.445343
2024-07-12 07:00:00,16.044037
2024-07-12 08:00:00,15.830597
2024-07-12 09:00:00,16.325897
2024-07-12 10:00:00,17.081635
2024-07-12 11:00:00,17.153534
2024-07-12 12:00:00,17.776428
2024-07-12 13:00:00,18.27243
2024-07-12 14:00:00,18.550598
2024-07-12 15:00:00,18.590363
2024-07-12 16:00:00,17.606018
2024-07-12 17:00:00,17.695404
2024-07-12 18:00:00,17.826324
2024-07-12 19:00:00,17.92627
2024-07-12 20:00:00,17.930939
2024-07-12 21:00:00,17.835907
2024-07-12 22:00:00,18.207458
2024-07-12 23:00:00,18.070099
2024-07-13 00:00:00,17.819946
2024-07-13 01:00:00,17.536896
2024-07-13 02:00:00,17.2294
2024-07-13 03:00:00,16.995575
2024-07-13 04:00:00,16.814789
2024-07-13 05:00:00,16.585663
2024-07-13 06:00:00,16.276642
2024-07-13 07:00:00,15.974731
2024-07-13 08:00:00,15.542206
2024-07-13 09:00:00,15.330048
2024-07-13 10:00:00,15.350739
2024-07-13 11:00:00,15.541229
2024-07-13 12:00:00,15.654022
2024-07-13 13:00:00,15.778473
2024-07-13 14:00:00,15.815582
2024-07-13 15:00:00,15.818756
2024-07-13 16:00:00,15.636871
2024-07-13 17:00:00,15.493225
2024-07-13 18:00:00,15.5798645
2024-07-13 19:00:00,15.549347
2024-07-13 20:00:00,15.872772
2024-07-13 21:00:00,16.288177
2024-07-13 22:00:00,15.552032
2024-07-13 23:00:00,15.710419
2024-07-14 00:00:00,15.743317
2024-07-14 01:00:00,15.353729
2024-07-14 02:00:00,14.923004
2024-07-14 03:00:00,14.644257
2024-07-14 04:00:00,14.345795
2024-07-14 05:00:00,14.436188
2024-07-14 06:00:00,14.498993
2024-07-14 07:00:00,14.405334
2024-07-14 08:00:00,14.32431
2024-07-14 09:00:00,14.00061
2024-07-14 10:00:00,13.55658
2024-07-14 11:00:00,13.963226
2024-07-14 12:00:00,14.540802
2024-07-14 13:00:00,15.150391
2024-07-14 14:00:00,15.464447
2024-07-14 15:00:00,15.612152
2024-07-14 16:00:00,15.703064
2024-07-14 17:00:00,15.773712
2024-07-14 18:00:00,15.85318
2024-07-14 19:00:00,15.814728
2024-07-14 20:00:00,15.74646
2024-07-14 21:00:00,15.632965
2024-07-14 22:00:00,15.620972
2024-07-14 23:00:00,15.002563
2024-07-15 00:00:00,14.585663
2024-07-15 01:00:00,14.733643
2024-07-15 02:00:00,14.458099
2024-07-15 03:00:00,14.1319275
2024-07-15 04:00:00,13.797852
2024-07-15 05:00:00,13.30838
2024-07-15 06:00:00,13.349915
2024-07-15 07:00:00,13.290558
2024-07-15 08:00:00,13.281067
2024-07-15 09:00:00,13.803619
2024-07-15 10:00:00,14.844696
2024-07-15 11:00:00,15.25293
2024-07-15 12:00:00,15.369965
2024-07-15 13:00:00,15.014313
2024-07-15 14:00:00,14.722137
2024-07-15 15:00:00,14.688507
2024-07-15 16:00:00,14.792633
2024-07-15 17:00:00,14.936981
2024-07-15 18:00:00,15.104767
2024-07-15 19:00:00,15.144592
2024-07-15 20:00:00,15.103668
2024-07-15 21:00:00,15.223541
2024-07-15 22:00:00,14.982391
2024-07-15 23:00:00,15.180267
2024-07-16 00:00:00,15.084778
2024-07-16 01:00:00,14.956451
2024-07-16 02:00:00,14.7969055
2024-07-16 03:00:00,14.644928
2024-07-16 04:00:00,14.606384
2024-07-16 05:00:00,14.576019
2024-07-16 06:00:00,14.510132
2024-07-16 07:00:00,14.431793
2024-07-16 08:00:00,14.42276
2024-07-16 09:00:00,14.897308
2024-07-16 10:00:00,15.418488
2024-07-16 11:00:00,15.777069
2024-07-16 12:00:00,16.0029
2024-07-16 13:00:00,16.129578
2024-07-16 14:00:00,16.24585
2024-07-16 15:00:00,16.42511
2024-07-16 16:00:00,16.486115
2024-07-16 17:00:00,16.43814
2024-07-16 18:00:00,16.256287
2024-07-16 19:00:00,16.38095
2024-07-16 20:00:00,16.911041
2024-07-16 21:00:00,17.391205
2024-07-16 22:00:00,18.146118
2024-07-16 23:00:00,18.195465
2024-07-17 00:00:00,17.99533
2024-07-17 01:00:00,17.529816
2024-07-17 02:00:00,16.985168
2024-07-17 03:00:00,17.0289
2024-07-17 04:00:00,16.70108
2024-07-17 05:00:00,16.27182
2024-07-17 06:00:00,16.22467
2024-07-17 07:00:00,15.961456
2024-07-17 08:00:00,15.456238
2024-07-17 09:00:00,15.209717
2024-07-17 10:00:00,15.378601
2024-07-17 11:00:00,15.276581
2024-07-17 12:00:00,15.157257
2024-07-17 13:00:00,15.413818
2024-07-17 14:00:00,15.570709
2024-07-17 15:00:00,14.93808
2024-07-17 16:00:00,14.59964
2024-07-17 17:00:00,14.584839
2024-07-17 18:00:00,14.570679
2024-07-17 19:00:00,14.343903
2024-07-17 20:00:00,13.961456
2024-07-17 21:00:00,13.539978
2024-07-17 22:00:00,13.730072
2024-07-17 23:00:00,13.212769
2024-07-18 00:00:00,12.73288
2024-07-18 01:00:00,12.535126
2024-07-18 02:00:00,12.484833
2024-07-18 03:00:00,12.430389
2024-07-18 04:00:00,12.484283
2024-07-18 05:00:00,12.694672
2024-07-18 06:00:00,12.933594
2024-07-18 07:00:00,13.442657
2024-07-18 08:00:00,13.433441
2024-07-18 09:00:00,13.240448
2024-07-18 10:00:00,13.0177
2024-07-18 11:00:00,13.7752075
2024-07-18 12:00:00,14.550201
2024-07-18 13:00:00,14.983734
2024-07-18 14:00:00,15.260895
2024-07-18 15:00:00,15.398285
2024-07-18 16:00:00,15.706696
2024-07-18 17:00:00,15.7343445
2024-07-18 18:00:00,15.65448
2024-07-18 19:00:00,15.433624
2024-07-18 20:00:00,15.149872
2024-07-18 21:00:00,14.798248
2024-07-18 22:00:00,14.651276
2024-07-18 23:00:00,14.46814
2024-07-19 00:00:00,14.257782
2024-07-19 01:00:00,13.918671
2024-07-19 02:00:00,13.507782
2024-07-19 03:00:00,13.133514
2024-07-19 04:00:00,12.832428
2024-07-19 05:00:00,12.655243
2024-07-19 06:00:00,12.382294
2024-07-19 07:00:00,12.702789
2024-07-19 08:00:00,13.709808
2024-07-19 09:00:00,14.652924
2024-07-19 10:00:00,14.77182
2024-07-19 11:00:00,15.712463
2024-07-19 12:00:00,16.369293
2024-07-19 13:00:00,16.775421
2024-07-19 14:00:00,17.132355
2024-07-19 15:00:00,17.413422
2024-07-19 16:00:00,17.666199
2024-07-19 17:00:00,17.716919
2024-07-19 18:00:00,17.696838
2024-07-19 19:00:00,17.705841
2024-07-19 20:00:00,17.741425
2024-07-19 21:00:00,17.765106
2024-07-19 22:00:00,18.358582
2024-07-19 23:00:00,18.42569
2024-07-20 00:00:00,18.357758
2024-07-20 01:00:00,18.180206
2024-07-20 02:00:00,17.960602
2024-07-20 03:00:00,17.63092
2024-07-20 04:00:00,17.194244
2024-07-20 05:00:00,16.704865
2024-07-20 06:00:00,16.27707
2024-07-20 07:00:00,15.732819
2024-07-20 08:00:00,15.80069
2024-07-20 09:00:00,16.45517
2024-07-20 10:00:00,17.20456
2024-07-20 11:00:00,17.485992
2024-07-20 12:00:00,17.426208
2024-07-20 13:00:00,17.264984
2024-07-20 14:00:00,17.03006
2024-07-20 15:00:00,16.759247
2024-07-20 16:00:00,16.368713
2024-07-20 17:00:00,16.016724
2024-07-20 18:00:00,15.670898
2024-07-20 19:00:00,15.288544
2024-07-20 20:00:00,14.866486
2024-07-20 21:00:00,14.465637
2024-07-20 22:00:00,14.054474
2024-07-20 23:00:00,13.880188
2024-07-21 00:00:00,13.701141
2024-07-21 01:00:00,13.960358
2024-07-21 02:00:00,14.604645
2024-07-21 03:00:00,15.015015
2024-07-21 04:00:00,15.290741
2024-07-21 05:00:00,15.141388
2024-07-21 06:00:00,14.740662
2024-07-21 07:00:00,14.169708
2024-07-21 08:00:00,14.200043
2024-07-21 09:00:00,14.42276
2024-07-21 10:00:00,15.0095825
2024-07-21 11:00:00,15.554413
2024-07-21 12:00:00,15.9461975
2024-07-21 13:00:00,16.276031
2024-07-21 14:00:00,16.40329
2024-07-21 15:00:00,16.272339
2024-07-21 16:00:00,16.103058
2024-07-21 17:00:00,16.069305
2024-07-21 18:00:00,15.999664
2024-07-21 19:00:00,15.980255
2024-07-21 20:00:00,15.979797
2024-07-21 21:00:00,15.902618
2024-07-21 22:00:00,15.698212
2024-07-21 23:00:00,15.691345
2024-07-22 00:00:00,15.648651
2024-07-22 01:00:00,15.619904
2024-07-22 02:00:00,15.635284
2024-07-22 03:00:00,15.536804
2024-07-22 04:00:00,15.221924
2024-07-22 05:00:00,14.779724
2024-07-22 06:00:00,14.607513
2024-07-22 07:00:00,14.416107
2024-07-22 08:00:00,14.543182
2024-07-22 09:00:00,15.201782
2024-07-22 10:00:00,15.183563
2024-07-22 11:00:00,15.6319275
2024-07-22 12:00:00,15.79422
2024-07-22 13:00:00,15.68692
2024-07-22 14:00:00,15.6171875
2024-07-22 15:00:00,15.363678
2024-07-22 16:00:00,15.072784
2024-07-22 17:00:00,14.63797
2024-07-22 18:00:00,14.437225
2024-07-22 19:00:00,13.997589
2024-07-22 20:00:00,13.799225
2024-07-22 21:00:00,13.706146
2024-07-22 22:00:00,14.403595
2024-07-22 23:00:00,14.473175
2024-07-23 00:00:00,14.55777
2024-07-23 01:00:00,14.830536
2024-07-23 02:00:00,15.152618
2024-07-23 03:00:00,15.220398
2024-07-23 04:00:00,15.272736
2024-07-23 05:00:00,15.150269
2024-07-23 06:00:00,15.048004
2024-07-23 07:00:00,14.845245
2024-07-23 08:00:00,14.577087
2024-07-23 09:00:00,14.280762
2024-07-23 10:00:00,14.702057
2024-07-23 11:00:00,15.074524
2024-07-23 12:00:00,15.526184
2024-07-23 13:00:00,16.10852
2024-07-23 14:00:00,16.760895
2024-07-23 15:00:00,17.093353
2024-07-23 16:00:00,16.894318
2024-07-23 17:00:00,16.71695
2024-07-23 18:00:00,16.793243
2024-07-23 19:00:00,16.84488
2024-07-23 20:00:00,16.847168
2024-07-23 21:00:00,16.752655
2024-07-23 22:00:00,17.043304
2024-07-23 23:00:00,16.804016
2024-07-24 00:00:00,16.626312
2024-07-24 01:00:00,16.403412
2024-07-24 02:00:00,16.191528
2024-07-24 03:00:00,15.994934
2024-07-24 04:00:00,15.826019
2024-07-24 05:00:00,15.679413
2024-07-24 06:00:00,15.574951
2024-07-24 07:00:00,15.331909
2024-07-24 08:00:00,15.903717
2024-07-24 09:00:00,16.357422
2024-07-24 10:00:00,16.545288
2024-07-24 11:00:00,16.789429
2024-07-24 12:00:00,17.136444
2024-07-24 13:00:00,17.477966
2024-07-24 14:00:00,17.36142
2024-07-24 15:00:00,17.094421
2024-07-24 16:00:00,17.148956
2024-07-24 17:00:00,17.08725
2024-07-24 18:00:00,17.064484
2024-07-24 19:00:00,16.750458
2024-07-24 20:00:00,16.340027
2024-07-24 21:00:00,16.0766
2024-07-24 22:00:00,16.14035
2024-07-24 23:00:00,16.13446
2024-07-25 00:00:00,16.050812
2024-07-25 01:00:00,15.794159
2024-07-25 02:00:00,15.435883
2024-07-25 03:00:00,14.998596
2024-07-25 04:00:00,14.615143
2024-07-25 05:00:00,14.358734
2024-07-25 06:00:00,14.221649
2024-07-25 07:00:00,14.275787
2024-07-25 08:00:00,14.412079
2024-07-25 09:00:00,14.754303
2024-07-25 10:00:00,14.8871765
2024-07-25 11:00:00,15.544006
2024-07-25 12:00:00,16.03891
2024-07-25 13:00:00,16.423126
2024-07-25 14:00:00,16.769135
2024-07-25 15:00:00,16.892609
2024-07-25 16:00:00,16.89447
2024-07-25 17:00:00,16.814606
2024-07-25 18:00:00,16.784637
2024-07-25 19:00:00,16.693329
2024-07-25 20:00:00,16.52652
2024-07-25 21:00:00,16.2919
2024-07-25 22:00:00,16.403625
2024-07-25 23:00:00,16.132599
2024-07-26 00:00:00,15.878998
2024-07-26 01:00:00,15.668701
2024-07-26 02:00:00,15.5156555
2024-07-26 03:00:00,15.38028
2024-07-26 04:00:00,15.287109
2024-07-26 05:00:00,15.236359
2024-07-26 06:00:00,15.263031
2024-07-26 07:00:00,15.22641
2024-07-26 08:00:00,15.648834
2024-07-26 09:00:00,16.10498
2024-07-26 10:00:00,16.669434
2024-07-26 11:00:00,16.800568
2024-07-26 12:00:00,16.92929
2024-07-26 13:00:00,16.963287
2024-07-26 14:00:00,16.945953
2024-07-26 15:00:00,16.966644
2024-07-26 16:00:00,17.071991
2024-07-26 17:00:00,17.048798
2024-07-26 18:00:00,16.98581
2024-07-26 19:00:00,16.877289
2024-07-26 20:00:00,16.601196
2024-07-26 21:00:00,16.429352
2024-07-26 22:00:00,15.986237
2024-07-26 23:00:00,15.753265
2024-07-27 00:00:00,15.6683655
2024-07-27 01:00:00,15.504608
2024-07-27 02:00:00,15.340851
2024-07-27 03:00:00,15.375458
2024-07-27 04:00:00,15.347504
2024-07-27 05:00:00,15.2239685
2024-07-27 06:00:00,14.710541
2024-07-27 07:00:00,14.344971
2024-07-27 08:00:00,14.087738
2024-07-27 09:00:00,14.100861
2024-07-27 10:00:00,14.343689
2024-07-27 11:00:00,14.317657
2024-07-27 12:00:00,14.575043
2024-07-27 13:00:00,15.188324
2024-07-27 14:00:00,15.950165
2024-07-27 15:00:00,15.799957
2024-07-27 16:00:00,15.992767
2024-07-27 17:00:00,16.186676
2024-07-27 18:00:00,16.152405
2024-07-27 19:00:00,15.930817
2024-07-27 20:00:00,15.4835205
2024-07-27 21:00:00,14.888824
2024-07-27 22:00:00,14.813324
2024-07-27 23:00:00,14.368927
2024-07-28 00:00:00,13.874176
2024-07-28 01:00:00,13.352081
2024-07-28 02:00:00,13.055817
2024-07-28 03:00:00,12.939972
2024-07-28 04:00:00,12.646759
2024-07-28 05:00:00,11.881195
2024-07-28 06:00:00,11.570404
2024-07-28 07:00:00,12.127869
2024-07-28 08:00:00,12.858246
2024-07-28 09:00:00,13.648529
2024-07-28 10:00:00,14.749756
2024-07-28 11:00:00,15.075226
2024-07-28 12:00:00,14.863922
2024-07-28 13:00:00,14.306549
2024-07-28 14:00:00,14.401642
2024-07-28 15:00:00,14.176849
2024-07-28 16:00:00,13.791962
2024-07-28 17:00:00,13.895111
2024-07-28 18:00:00,14.001312
2024-07-28 19:00:00,14.347687
2024-07-28 20:00:00,14.746918
2024-07-28 21:00:00,14.922485
2024-07-28 22:00:00,14.775513
2024-07-28 23:00:00,14.0902405
2024-07-29 00:00:00,13.402557
2024-07-29 01:00:00,12.890717
2024-07-29 02:00:00,12.507416
2024-07-29 03:00:00,12.109924
2024-07-29 04:00:00,11.725922
2024-07-29 05:00:00,11.504181
2024-07-29 06:00:00,11.394897
2024-07-29 07:00:00,11.727173
2024-07-29 08:00:00,12.444061
2024-07-29 09:00:00,13.671234
2024-07-29 10:00:00,13.788025
2024-07-29 11:00:00,14.428406
2024-07-29 12:00:00,14.900421
2024-07-29 13:00:00,15.155792
2024-07-29 14:00:00,15.4566345
2024-07-29 15:00:00,15.59137
2024-07-29 16:00:00,15.666718
2024-07-29 17:00:00,15.6996155
2024-07-29 18:00:00,15.632477
2024-07-29 19:00:00,15.451752
2024-07-29 20:00:00,15.273163
2024-07-29 21:00:00,15.161224
2024-07-29 22:00:00,14.974365
2024-07-29 23:00:00,15.039581
2024-07-30 00:00:00,15.050201
2024-07-30 01:00:00,14.997467
2024-07-30 02:00:00,14.898285
2024-07-30 03:00:00,14.84671
2024-07-30 04:00:00,14.86203
2024-07-30 05:00:00,14.941193
2024-07-30 06:00:00,15.042084
2024-07-30 07:00:00,15.110077
2024-07-30 08:00:00,14.9219055
2024-07-30 09:00:00,15.280548
2024-07-30 10:00:00,15.456146
2024-07-30 11:00:00,16.067688
2024-07-30 12:00:00,16.786346
2024-07-30 13:00:00,17.705902
2024-07-30 14:00:00,18.370667
2024-07-30 15:00:00,18.559082
2024-07-30 16:00:00,18.620209
2024-07-30 17:00:00,18.47461
2024-07-30 18:00:00,17.979156
2024-07-30 19:00:00,17.499603
2024-07-30 20:00:00,17.160736
2024-07-30 21:00:00,16.962555
2024-07-30 22:00:00,16.823578
2024-07-30 23:00:00,16.807281
2024-07-31 00:00:00,16.701141
2024-07-31 01:00:00,16.499603
2024-07-31 02:00:00,16.285309
2024-07-31 03:00:00,15.791962
2024-07-31 04:00:00,14.996002
2024-07-31 05:00:00,14.298859
2024-07-31 06:00:00,13.395355
2024-07-31 07:00:00,13.766876
2024-07-31 08:00:00,14.125092
2024-07-31 09:00:00,14.314423
2024-07-31 10:00:00,14.899567
2024-07-31 11:00:00,15.681702
2024-07-31 12:00:00,16.33731
2024-07-31 13:00:00,16.609467
2024-07-31 14:00:00,15.484467
2024-07-31 15:00:00,15.55838
2024-07-31 16:00:00,15.869446
2024-07-31 17:00:00,15.310181
2024-07-31 18:00:00,14.804413
2024-07-31 19:00:00,14.599457
2024-07-31 20:00:00,14.481049
2024-07-31 21:00:00,14.237427
2024-07-31 22:00:00,14.510773
2024-07-31 23:00:00,14.2291565
2024-08-01 00:00:00,13.8151245
2024-08-01 01:00:00,13.304779
2024-08-01 02:00:00,12.71817
2024-08-01 03:00:00,12.091461
2024-08-01 04:00:00,11.561859
2024-08-01 05:00:00,11.226227
2024-08-01 06:00:00,10.8619995
2024-08-01 07:00:00,10.9328
2024-08-01 08:00:00,11.665436
2024-08-01 09:00:00,12.636078
2024-08-01 10:00:00,13.121002
2024-08-01 11:00:00,14.126587
2024-08-01 12:00:00,14.778473
2024-08-01 13:00:00,15.372406
2024-08-01 14:00:00,15.92276
2024-08-01 15:00:00,16.319092
2024-08-01 16:00:00,16.52237
2024-08-01 17:00:00,16.548096
2024-08-01 18:00:00,16.532562
2024-08-01 19:00:00,16.507843
2024-08-01 20:00:00,16.402802
2024-08-01 21:00:00,16.167023
2024-08-01 22:00:00,15.302032
2024-08-01 23:00:00,14.892914
2024-08-02 00:00:00,14.511505
2024-08-02 01:00:00,14.189117
2024-08-02 02:00:00,13.797821
2024-08-02 03:00:00,13.345947
2024-08-02 04:00:00,12.99295
2024-08-02 05:00:00,12.755493
2024-08-02 06:00:00,12.553009
2024-08-02 07:00:00,12.158783
2024-08-02 08:00:00,12.929382
2024-08-02 09:00:00,14.1180725
2024-08-02 10:00:00,14.31604
2024-08-02 11:00:00,14.881622
2024-08-02 12:00:00,15.14743
2024-08-02 13:00:00,15.274872
2024-08-02 14:00:00,15.35495
2024-08-02 15:00:00,15.349884
2024-08-02 16:00:00,15.238068
2024-08-02 17:00:00,15.16861
2024-08-02 18:00:00,15.099518
2024-08-02 19:00:00,15.0815735
2024-08-02 20:00:00,15.058258
2024-08-02 21:00:00,15.013062
2024-08-02 22:00:00,14.657532
2024-08-02 23:00:00,14.603973
2024-08-03 00:00:00,14.455292
2024-08-03 01:00:00,14.2039795
2024-08-03 02:00:00,13.910858
2024-08-03 03:00:00,13.65741
2024-08-03 04:00:00,13.489105
2024-08-03 05:00:00,13.408844
2024-08-03 06:00:00,13.333771
2024-08-03 07:00:00,13.063995
2024-08-03 08:00:00,13.76535
2024-08-03 09:00:00,14.506744
2024-08-03 10:00:00,14.672821
2024-08-03 11:00:00,15.226532
2024-08-03 12:00:00,15.853577
2024-08-03 13:00:00,16.191742
2024-08-03 14:00:00,16.608368
2024-08-03 15:00:00,16.680176
2024-08-03 16:00:00,15.5816345
2024-08-03 17:00:00,15.3628845
2024-08-03 18:00:00,15.372894
2024-08-03 19:00:00,15.377838
2024-08-03 20:00:00,15.341309
2024-08-03 21:00:00,15.307434
2024-08-03 22:00:00,15.592316
2024-08-03 23:00:00,15.404633
2024-08-04 00:00:00,15.164459
2024-08-04 01:00:00,14.943817
2024-08-04 02:00:00,14.780426
2024-08-04 03:00:00,14.625641
2024-08-04 04:00:00,14.491425
2024-08-04 05:00:00,14.337677
2024-08-04 06:00:00,14.265259
2024-08-04 07:00:00,13.647736
2024-08-04 08:00:00,13.517639
2024-08-04 09:00:00,14.078033
2024-08-04 10:00:00,14.691376
2024-08-04 11:00:00,14.897247
2024-08-04 12:00:00,14.843109
2024-08-04 13:00:00,14.774567
2024-08-04 14:00:00,14.943695
2024-08-04 15:00:00,15.401428
2024-08-04 16:00:00,15.716583
2024-08-04 17:00:00,15.781036
2024-08-04 18:00:00,15.719635
2024-08-04 19:00:00,15.644257
2024-08-04 20:00:00,15.600861
2024-08-04 21:00:00,15.484314
2024-08-04 22:00:00,15.196014
2024-08-04 23:00:00,14.886322
2024-08-05 00:00:00,14.718384
2024-08-05 01:00:00,14.654388
2024-08-05 02:00:00,14.5312805
2024-08-05 03:00:00,14.219574
2024-08-05 04:00:00,13.818695
2024-08-05 05:00:00,13.630798
2024-08-05 06:00:00,13.372223
2024-08-05 07:00:00,12.8177185
2024-08-05 08:00:00,13.660614
2024-08-05 09:00:00,14.273926
2024-08-05 10:00:00,14.827972
2024-08-05 11:00:00,15.464508
2024-08-05 12:00:00,16.122192
2024-08-05 13:00:00,16.611969
2024-08-05 14:00:00,16.83847
2024-08-05 15:00:00,16.845917
2024-08-05 16:00:00,16.743256
2024-08-05 17:00:00,16.575958
2024-08-05 18:00:00,16.384583
2024-08-05 19:00:00,16.221039
2024-08-05 20:00:00,16.065521
2024-08-05 21:00:00,16.00241
2024-08-05 22:00:00,15.952209
2024-08-05 23:00:00,16.00879
2024-08-06 00:00:00,16.036133
2024-08-06 01:00:00,16.006317
2024-08-06 02:00:00,15.95285
2024-08-06 03:00:00,15.922699
2024-08-06 04:00:00,15.874115
2024-08-06 05:00:00,15.791107
2024-08-06 06:00:00,15.700348
2024-08-06 07:00:00,15.635284
2024-08-06 08:00:00,15.591492
2024-08-06 09:00:00,15.439789
2024-08-06 10:00:00,16.121246
2024-08-06 11:00:00,16.791016
2024-08-06 12:00:00,17.327423
2024-08-06 13:00:00,17.550842
2024-08-06 14:00:00,17.35083
2024-08-06 15:00:00,17.026093
2024-08-06 16:00:00,17.008759
2024-08-06 17:00:00,17.016815
2024-08-06 18:00:00,16.96759
2024-08-06 19:00:00,17.09732
2024-08-06 20:00:00,17.175568
2024-08-06 21:00:00,16.993042
2024-08-06 22:00:00,16.910797
2024-08-06 23:00:00,16.783691
2024-08-07 00:00:00,16.753204
2024-08-07 01:00:00,16.813385
2024-08-07 02:00:00,16.775604
2024-08-07 03:00:00,16.622833
2024-08-07 04:00:00,16.489777
2024-08-07 05:00:00,16.36621
2024-08-07 06:00:00,16.223328
2024-08-07 07:00:00,16.053131
2024-08-07 08:00:00,15.393707
2024-08-07 09:00:00,15.785065
2024-08-07 10:00:00,16.971832
2024-08-07 11:00:00,17.18576
2024-08-07 12:00:00,17.259674
2024-08-07 13:00:00,17.259064
2024-08-07 14:00:00,17.133087
2024-08-07 15:00:00,17.084412
2024-08-07 16:00:00,17.179504
2024-08-07 17:00:00,17.248474
2024-08-07 18:00:00,17.377472
2024-08-07 19:00:00,17.388367
2024-08-07 20:00:00,17.266052
2024-08-07 21:00:00,17.13797
2024-08-07 22:00:00,17.141815
2024-08-07 23:00:00,17.039276
2024-08-08 00:00:00,16.86383
2024-08-08 01:00:00,16.652985
2024-08-08 02:00:00,16.694641
2024-08-08 03:00:00,16.8154
2024-08-08 04:00:00,16.832428
2024-08-08 05:00:00,16.708282
2024-08-08 06:00:00,16.08252
2024-08-08 07:00:00,15.289703
2024-08-08 08:00:00,15.531097
2024-08-08 09:00:00,15.904327
2024-08-08 10:00:00,16.066803
2024-08-08 11:00:00,16.26706
2024-08-08 12:00:00,16.239899
2024-08-08 13:00:00,16.118652
2024-08-08 14:00:00,16.044556
2024-08-08 15:00:00,16.076294
2024-08-08 16:00:00,16.11972
2024-08-08 17:00:00,16.106232
2024-08-08 18:00:00,15.778107
2024-08-08 19:00:00,15.446991
2024-08-08 20:00:00,15.2677
2024-08-08 21:00:00,15.020782
2024-08-08 22:00:00,14.557404
2024-08-08 23:00:00,14.498932
2024-08-09 00:00:00,14.290802
2024-08-09 01:00:00,14.084015
2024-08-09 02:00:00,13.901733
2024-08-09 03:00:00,13.79306
2024-08-09 04:00:00,13.7743225
2024-08-09 05:00:00,13.78775
2024-08-09 06:00:00,13.868927
2024-08-09 07:00:00,13.902496
2024-08-09 08:00:00,13.510223
2024-08-09 09:00:00,14.186432
2024-08-09 10:00:00,14.746033
2024-08-09 11:00:00,15.342957
2024-08-09 12:00:00,15.556702
2024-08-09 13:00:00,15.453491
2024-08-09 14:00:00,15.46463
2024-08-09 15:00:00,15.159119
2024-08-09 16:00:00,14.518829
2024-08-09 17:00:00,14.513519
2024-08-09 18:00:00,14.468109
2024-08-09 19:00:00,14.291626
2024-08-09 20:00:00,14.520172
2024-08-09 21:00:00,14.712677
2024-08-09 22:00:00,15.575775
2024-08-09 23:00:00,15.270447
2024-08-10 00:00:00,14.487091
2024-08-10 01:00:00,13.356476
2024-08-10 02:00:00,12.57077
2024-08-10 03:00:00,12.164825
2024-08-10 04:00:00,11.946014
2024-08-10 05:00:00,11.885223
2024-08-10 06:00:00,11.948486
2024-08-10 07:00:00,12.521515
2024-08-10 08:00:00,13.2638855
2024-08-10 09:00:00,13.951355
2024-08-10 10:00:00,14.792267
2024-08-10 11:00:00,14.940033
2024-08-10 12:00:00,15.466888
2024-08-10 13:00:00,15.942688
2024-08-10 14:00:00,14.040924
2024-08-10 15:00:00,14.765076
2024-08-10 16:00:00,14.578522
2024-08-10 17:00:00,14.714569
2024-08-10 18:00:00,14.490387
2024-08-10 19:00:00,14.04129
2024-08-10 20:00:00,13.577637
2024-08-10 21:00:00,13.145874
2024-08-10 22:00:00,13.304474
2024-08-10 23:00:00,12.71347
2024-08-11 00:00:00,12.26889
2024-08-11 01:00:00,11.887543
2024-08-11 02:00:00,11.692749
2024-08-11 03:00:00,11.638763
2024-08-11 04:00:00,11.515778
2024-08-11 05:00:00,11.478607
2024-08-11 06:00:00,11.471802
2024-08-11 07:00:00,11.982513
2024-08-11 08:00:00,12.893646
2024-08-11 09:00:00,13.902863
2024-08-11 10:00:00,14.008057
2024-08-11 11:00:00,14.778381
2024-08-11 12:00:00,15.484711
2024-08-11 13:00:00,16.169128
2024-08-11 14:00:00,16.378937
2024-08-11 15:00:00,16.325226
2024-08-11 16:00:00,16.303192
2024-08-11 17:00:00,16.397919
2024-08-11 18:00:00,16.421265
2024-08-11 19:00:00,16.136017
2024-08-11 20:00:00,16.070282
2024-08-11 21:00:00,15.897369
2024-08-11 22:00:00,14.216461
2024-08-11 23:00:00,13.463196
2024-08-12 00:00:00,12.47702
2024-08-12 01:00:00,11.509705
2024-08-12 02:00:00,10.796387
2024-08-12 03:00:00,10.345703
2024-08-12 04:00:00,10.177032
2024-08-12 05:00:00,10.116028
2024-08-12 06:00:00,10.096771
2024-08-12 07:00:00,10.280304
2024-08-12 08:00:00,11.08197
2024-08-12 09:00:00,12.000336
2024-08-12 10:00:00,12.589813
2024-08-12 11:00:00,13.589447
2024-08-12 12:00:00,14.001434
2024-08-12 13:00:00,14.283539
2024-08-12 14:00:00,14.474274
2024-08-12 15:00:00,14.653381
2024-08-12 16:00:00,14.742828
2024-08-12 17:00:00,14.634155
2024-08-12 18:00:00,14.452881
2024-08-12 19:00:00,14.316193
2024-08-12 20:00:00,14.270294
2024-08-12 21:00:00,14.297516
2024-08-12 22:00:00,14.578278
2024-08-12 23:00:00,14.52243
2024-08-13 00:00:00,14.46933
2024-08-13 01:00:00,14.569672
2024-08-13 02:00:00,14.611511
2024-08-13 03:00:00,14.442474
2024-08-13 04:00:00,14.324738
2024-08-13 05:00:00,14.328644
2024-08-13 06:00:00,14.284271
2024-08-13 07:00:00,14.235565
2024-08-13 08:00:00,14.134949
2024-08-13 09:00:00,14.5052185
2024-08-13 10:00:00,15.319611
2024-08-13 11:00:00,16.191986
2024-08-13 12:00:00,16.792694
2024-08-13 13:00:00,17.167633
2024-08-13 14:00:00,17.379364
2024-08-13 15:00:00,17.408691
2024-08-13 16:00:00,17.34198
2024-08-13 17:00:00,17.249603
2024-08-13 18:00:00,17.185272
2024-08-13 19:00:00,17.215637
2024-08-13 20:00:00,17.19217
2024-08-13 21:00:00,17.103119
2024-08-13 22:00:00,17.415924
2024-08-13 23:00:00,17.200897
2024-08-14 00:00:00,17.128693
2024-08-14 01:00:00,17.055298
2024-08-14 02:00:00,17.02185
2024-08-14 03:00:00,16.935791
2024-08-14 04:00:00,16.7789
2024-08-14 05:00:00,16.614777
2024-08-14 06:00:00,16.485107
2024-08-14 07:00:00,16.451324
2024-08-14 08:00:00,16.343506
2024-08-14 09:00:00,16.023987
2024-08-14 10:00:00,16.447845
2024-08-14 11:00:00,16.487701
2024-08-14 12:00:00,16.61612
2024-08-14 13:00:00,16.424896
2024-08-14 14:00:00,16.24646
2024-08-14 15:00:00,16.31253
2024-08-14 16:00:00,16.549835
2024-08-14 17:00:00,16.573608
2024-08-14 18:00:00,16.529633
2024-08-14 19:00:00,16.667328
2024-08-14 20:00:00,16.622284
2024-08-14 21:00:00,16.273468
2024-08-14 22:00:00,16.017487
2024-08-14 23:00:00,16.181244
2024-08-15 00:00:00,16.429169
2024-08-15 01:00:00,16.555817
2024-08-15 02:00:00,16.62967
2024-08-15 03:00:00,16.759247
2024-08-15 04:00:00,16.90271
2024-08-15 05:00:00,17.022247
2024-08-15 06:00:00,17.155457
2024-08-15 07:00:00,17.299072
2024-08-15 08:00:00,17.470062
2024-08-15 09:00:00,17.462128
2024-08-15 10:00:00,17.925995
2024-08-15 11:00:00,18.149933
2024-08-15 12:00:00,18.70285
2024-08-15 13:00:00,19.255829
2024-08-15 14:00:00,19.780884
2024-08-15 15:00:00,20.214386
2024-08-15 16:00:00,20.470734
2024-08-15 17:00:00,20.226227
2024-08-15 18:00:00,19.719543
2024-08-15 19:00:00,19.37143
2024-08-15 20:00:00,19.218475
2024-08-15 21:00:00,19.167175
2024-08-15 22:00:00,18.795471
2024-08-15 23:00:00,18.083923
2024-08-16 00:00:00,17.84024
2024-08-16 01:00:00,17.816559
2024-08-16 02:00:00,17.69101
2024-08-16 03:00:00,17.63977
2024-08-16 04:00:00,17.398956
2024-08-16 05:00:00,16.19168
2024-08-16 06:00:00,15.108673
2024-08-16 07:00:00,14.86142
2024-08-16 08:00:00,14.953125
2024-08-16 09:00:00,15.137238
2024-08-16 10:00:00,14.744537
2024-08-16 11:00:00,15.321472
2024-08-16 12:00:00,15.995026
2024-08-16 13:00:00,16.56839
2024-08-16 14:00:00,16.453644
2024-08-16 15:00:00,16.244354
2024-08-16 16:00:00,16.15036
2024-08-16 17:00:00,16.06137
2024-08-16 18:00:00,15.998505
2024-08-16 19:00:00,15.9010315
2024-08-16 20:00:00,15.724335
2024-08-16 21:00:00,15.470917
2024-08-16 22:00:00,15.394104
2024-08-16 23:00:00,15.139374
2024-08-17 00:00:00,14.927582
2024-08-17 01:00:00,14.757629
2024-08-17 02:00:00,14.554779
2024-08-17 03:00:00,14.311005
2024-08-17 04:00:00,13.99231
2024-08-17 05:00:00,13.573517
2024-08-17 06:00:00,13.118378
2024-08-17 07:00:00,11.953766
2024-08-17 08:00:00,12.018829
2024-08-17 09:00:00,12.551331
2024-08-17 10:00:00,12.84552
2024-08-17 11:00:00,13.672699
2024-08-17 12:00:00,14.467255
2024-08-17 13:00:00,15.109161
2024-08-17 14:00:00,15.378479
2024-08-17 15:00:00,15.431122
2024-08-17 16:00:00,15.284393
2024-08-17 17:00:00,14.883759
2024-08-17 18:00:00,14.362488
2024-08-17 19:00:00,13.889282
2024-08-17 20:00:00,13.4687195
2024-08-17 21:00:00,13.033661
2024-08-17 22:00:00,12.671722
2024-08-17 23:00:00,12.441437
2024-08-18 00:00:00,12.272797
2024-08-18 01:00:00,12.095001
2024-08-18 02:00:00,11.8591
2024-08-18 03:00:00,11.593048
2024-08-18 04:00:00,11.430664
2024-08-18 05:00:00,11.3003845
2024-08-18 06:00:00,10.9652405
2024-08-18 07:00:00,11.16153
2024-08-18 08:00:00,11.83902
2024-08-18 09:00:00,12.474518
2024-08-18 10:00:00,13.344147
2024-08-18 11:00:00,13.711212
2024-08-18 12:00:00,14.104431
2024-08-18 13:00:00,14.367157
2024-08-18 14:00:00,14.411896
2024-08-18 15:00:00,14.398224
2024-08-18 16:00:00,14.373383
2024-08-18 17:00:00,14.351379
2024-08-18 18:00:00,14.278168
2024-08-18 19:00:00,14.13681
2024-08-18 20:00:00,14.026642
2024-08-18 21:00:00,13.937408
2024-08-18 22:00:00,13.679962
2024-08-18 23:00:00,13.133636
2024-08-19 00:00:00,12.694122
2024-08-19 01:00:00,12.457123
2024-08-19 02:00:00,12.241364
2024-08-19 03:00:00,11.944061
2024-08-19 04:00:00,11.626617
2024-08-19 05:00:00,11.391144
2024-08-19 06:00:00,11.09903
2024-08-19 07:00:00,11.292297
2024-08-19 08:00:00,11.88031
2024-08-19 09:00:00,12.701538
2024-08-19 10:00:00,13.852386
2024-08-19 11:00:00,14.593353
2024-08-19 12:00:00,15.259735
2024-08-19 13:00:00,15.766113
2024-08-19 14:00:00,16.15799
2024-08-19 15:00:00,16.394287
2024-08-19 16:00:00,16.467316
2024-08-19 17:00:00,16.425537
2024-08-19 18:00:00,16.22293
2024-08-19 19:00:00,15.833557
2024-08-19 20:00:00,15.310333
2024-08-19 21:00:00,14.870758
2024-08-19 22:00:00,14.4729
2024-08-19 23:00:00,14.127594
2024-08-20 00:00:00,13.721527
2024-08-20 01:00:00,13.361847
2024-08-20 02:00:00,13.0589905
2024-08-20 03:00:00,12.856232
2024-08-20 04:00:00,12.785126
2024-08-20 05:00:00,12.85257
2024-08-20 06:00:00,12.967926
2024-08-20 07:00:00,13.080292
2024-08-20 08:00:00,12.968475
2024-08-20 09:00:00,13.508148
2024-08-20 10:00:00,14.015167
2024-08-20 11:00:00,14.286438
2024-08-20 12:00:00,14.595734
2024-08-20 13:00:00,14.658081
2024-08-20 14:00:00,14.646912
2024-08-20 15:00:00,14.39151
2024-08-20 16:00:00,14.201141
2024-08-20 17:00:00,14.092407
2024-08-20 18:00:00,13.97702
2024-08-20 19:00:00,14.001282
2024-08-20 20:00:00,14.044037
2024-08-20 21:00:00,14.006073
2024-08-20 22:00:00,13.556732
2024-08-20 23:00:00,13.424164
2024-08-21 00:00:00,13.240326
2024-08-21 01:00:00,13.0336
2024-08-21 02:00:00,12.732758
2024-08-21 03:00:00,12.619476
2024-08-21 04:00:00,12.59079
2024-08-21 05:00:00,12.517609
2024-08-21 06:00:00,12.595184
2024-08-21 07:00:00,12.814423
2024-08-21 08:00:00,13.317108
2024-08-21 09:00:00,13.956085
2024-08-21 10:00:00,13.832611
2024-08-21 11:00:00,14.500641
2024-08-21 12:00:00,14.752319
2024-08-21 13:00:00,14.333649
2024-08-21 14:00:00,14.111298
2024-08-21 15:00:00,13.92453
2024-08-21 16:00:00,13.521271
2024-08-21 17:00:00,12.987335
2024-08-21 18:00:00,13.312134
2024-08-21 19:00:00,13.710907
2024-08-21 20:00:00,13.7170105
2024-08-21 21:00:00,13.469452
2024-08-21 22:00:00,14.602631
2024-08-21 23:00:00,14.255402
2024-08-22 00:00:00,13.753845
2024-08-22 01:00:00,13.046875
2024-08-22 02:00:00,12.528351
2024-08-22 03:00:00,12.344452
2024-08-22 04:00:00,12.32016
2024-08-22 05:00:00,12.111237
2024-08-22 06:00:00,11.715668
2024-08-22 07:00:00,11.032013
2024-08-22 08:00:00,11.312408
2024-08-22 09:00:00,12.201935
2024-08-22 10:00:00,12.960236
2024-08-22 11:00:00,13.787872
2024-08-22 12:00:00,14.318817
2024-08-22 13:00:00,14.692047
2024-08-22 14:00:00,14.895325
2024-08-22 15:00:00,14.944122
2024-08-22 16:00:00,14.869843
2024-08-22 17:00:00,14.694366
2024-08-22 18:00:00,14.372925
2024-08-22 19:00:00,13.81488
2024-08-22 20:00:00,13.142181
2024-08-22 21:00:00,12.63266
2024-08-22 22:00:00,12.389404
2024-08-22 23:00:00,12.328339
2024-08-23 00:00:00,12.203949
2024-08-23 01:00:00,12.155914
2024-08-23 02:00:00,12.248077
2024-08-23 03:00:00,12.417816
2024-08-23 04:00:00,12.534821
2024-08-23 05:00:00,12.598907
2024-08-23 06:00:00,12.869232
2024-08-23 07:00:00,12.974884
2024-08-23 08:00:00,13.961395
2024-08-23 09:00:00,14.574463
2024-08-23 10:00:00,14.667267
2024-08-23 11:00:00,14.878265
2024-08-23 12:00:00,14.987152
2024-08-23 13:00:00,15.200745
2024-08-23 14:00:00,15.50296
2024-08-23 15:00:00,15.553375
2024-08-23 16:00:00,15.523376
2024-08-23 17:00:00,15.42395
2024-08-23 18:00:00,15.35791
2024-08-23 19:00:00,15.385345
2024-08-23 20:00:00,15.813782
2024-08-23 21:00:00,15.937653
2024-08-23 22:00:00,15.066132
2024-08-23 23:00:00,14.406525
2024-08-24 00:00:00,13.897705
2024-08-24 01:00:00,13.106201
2024-08-24 02:00:00,12.441437
2024-08-24 03:00:00,12.06131
2024-08-24 04:00:00,11.722412
2024-08-24 05:00:00,11.440613
2024-08-24 06:00:00,11.2612
2024-08-24 07:00:00,11.508606
2024-08-24 08:00:00,12.022308
2024-08-24 09:00:00,12.742157
2024-08-24 10:00:00,13.277496
2024-08-24 11:00:00,14.03891
2024-08-24 12:00:00,14.690582
2024-08-24 13:00:00,15.196869
2024-08-24 14:00:00,15.491669
2024-08-24 15:00:00,15.413239
2024-08-24 16:00:00,15.182037
2024-08-24 17:00:00,15.136139
2024-08-24 18:00:00,15.3741455
2024-08-24 19:00:00,15.864532
2024-08-24 20:00:00,16.42508
2024-08-24 21:00:00,16.484924
2024-08-24 22:00:00,15.911072
2024-08-24 23:00:00,16.023468
2024-08-25 00:00:00,16.381561
2024-08-25 01:00:00,16.811829
2024-08-25 02:00:00,17.67453
2024-08-25 03:00:00,18.537628
2024-08-25 04:00:00,18.78128
2024-08-25 05:00:00,18.189575
2024-08-25 06:00:00,17.673187
2024-08-25 07:00:00,17.335724
2024-08-25 08:00:00,17.196655
2024-08-25 09:00:00,16.930145
2024-08-25 10:00:00,16.471497
2024-08-25 11:00:00,16.218231
2024-08-25 12:00:00,15.724884
2024-08-25 13:00:00,15.123688
2024-08-25 14:00:00,14.772949
2024-08-25 15:00:00,14.82193
2024-08-25 16:00:00,14.492889
2024-08-25 17:00:00,14.027313
2024-08-25 18:00:00,13.360016
2024-08-25 19:00:00,12.65921
2024-08-25 20:00:00,12.089905
2024-08-25 21:00:00,11.540619
2024-08-25 22:00:00,10.936005
2024-08-25 23:00:00,10.433868
2024-08-26 00:00:00,10.004303
2024-08-26 01:00:00,9.692352
2024-08-26 02:00:00,9.4808655
2024-08-26 03:00:00,9.334564
2024-08-26 04:00:00,9.280426
2024-08-26 05:00:00,9.4687805
2024-08-26 06:00:00,10.052826
2024-08-26 07:00:00,10.437225
2024-08-26 08:00:00,10.864441
2024-08-26 09:00:00,11.728485
2024-08-26 10:00:00,12.608429
2024-08-26 11:00:00,12.8237
2024-08-26 12:00:00,13.248383
2024-08-26 13:00:00,13.720856
2024-08-26 14:00:00,14.2074585
2024-08-26 15:00:00,14.67923
2024-08-26 16:00:00,14.993805
2024-08-26 17:00:00,14.927887
2024-08-26 18:00:00,14.794403
2024-08-26 19:00:00,14.634247
2024-08-26 20:00:00,14.19281
2024-08-26 21:00:00,13.559967
2024-08-26 22:00:00,13.788055
2024-08-26 23:00:00,13.207428
2024-08-27 00:00:00,12.681793
2024-08-27 01:00:00,12.252014
2024-08-27 02:00:00,11.864471
2024-08-27 03:00:00,11.510345
2024-08-27 04:00:00,11.2048645
2024-08-27 05:00:00,11.106781
2024-08-27 06:00:00,11.141937
2024-08-27 07:00:00,10.989471
2024-08-27 08:00:00,11.12973
2024-08-27 09:00:00,11.778656
2024-08-27 10:00:00,12.506805
2024-08-27 11:00:00,12.895264
2024-08-27 12:00:00,13.345337
2024-08-27 13:00:00,13.985962
2024-08-27 14:00:00,14.3471985
2024-08-27 15:00:00,14.54776
2024-08-27 16:00:00,14.536102
2024-08-27 17:00:00,14.347015
2024-08-27 18:00:00,14.063019
2024-08-27 19:00:00,13.868103
2024-08-27 20:00:00,13.828278
2024-08-27 21:00:00,13.799103
2024-08-27 22:00:00,13.783173
2024-08-27 23:00:00,13.827698
2024-08-28 00:00:00,13.830536
2024-08-28 01:00:00,13.916718
2024-08-28 02:00:00,14.132996
2024-08-28 03:00:00,14.351318
2024-08-28 04:00:00,14.478973
2024-08-28 05:00:00,14.552948
2024-08-28 06:00:00,14.58551
2024-08-28 07:00:00,14.57196
2024-08-28 08:00:00,14.602173
2024-08-28 09:00:00,14.534515
2024-08-28 10:00:00,15.284943
2024-08-28 11:00:00,15.856079
2024-08-28 12:00:00,16.374756
2024-08-28 13:00:00,16.906555
2024-08-28 14:00:00,17.13623
2024-08-28 15:00:00,17.14215
2024-08-28 16:00:00,17.219208
2024-08-28 17:00:00,17.152252
2024-08-28 18:00:00,17.102814
2024-08-28 19:00:00,17.113281
2024-08-28 20:00:00,17.087433
2024-08-28 21:00:00,16.978668
2024-08-28 22:00:00,17.247742
2024-08-28 23:00:00,16.973755
2024-08-29 00:00:00,16.654022
2024-08-29 01:00:00,16.33725
2024-08-29 02:00:00,15.974182
2024-08-29 03:00:00,15.569244
2024-08-29 04:00:00,15.265533
2024-08-29 05:00:00,15.167633
2024-08-29 06:00:00,15.228851
2024-08-29 07:00:00,15.420013
2024-08-29 08:00:00,15.665558
2024-08-29 09:00:00,15.853668
2024-08-29 10:00:00,16.549011
2024-08-29 11:00:00,16.837738
2024-08-29 12:00:00,17.134247
2024-08-29 13:00:00,17.468842
2024-08-29 14:00:00,17.889679
2024-08-29 15:00:00,18.478058
2024-08-29 16:00:00,19.11148
2024-08-29 17:00:00,19.455444
2024-08-29 18:00:00,19.44516
2024-08-29 19:00:00,19.639221
2024-08-29 20:00:00,19.904572
2024-08-29 21:00:00,20.104034
2024-08-29 22:00:00,20.390533
2024-08-29 23:00:00,20.18924
2024-08-30 00:00:00,20.181396
2024-08-30 01:00:00,19.874023
2024-08-30 02:00:00,19.839325
2024-08-30 03:00:00,20.040497
2024-08-30 04:00:00,20.279694
2024-08-30 05:00:00,20.307465
2024-08-30 06:00:00,20.099579
2024-08-30 07:00:00,19.25882
2024-08-30 08:00:00,17.745697
2024-08-30 09:00:00,16.80954
2024-08-30 10:00:00,14.831451
2024-08-30 11:00:00,14.689117
2024-08-30 12:00:00,14.588501
2024-08-30 13:00:00,14.563507
2024-08-30 14:00:00,14.732605
2024-08-30 15:00:00,14.805939
2024-08-30 16:00:00,14.527985
2024-08-30 17:00:00,13.991669
2024-08-30 18:00:00,13.454987
2024-08-30 19:00:00,13.08017
2024-08-30 20:00:00,12.787231
2024-08-30 21:00:00,12.382599
2024-08-30 22:00:00,11.744202
2024-08-30 23:00:00,11.455292
2024-08-31 00:00:00,11.2491455
2024-08-31 01:00:00,10.9062195
2024-08-31 02:00:00,10.649445
2024-08-31 03:00:00,10.283905
2024-08-31 04:00:00,10.000946
2024-08-31 05:00:00,9.8038025
2024-08-31 06:00:00,9.624817
2024-08-31 07:00:00,9.884338
2024-08-31 08:00:00,9.888947
2024-08-31 09:00:00,10.285065
2024-08-31 10:00:00,11.045532
2024-08-31 11:00:00,11.052338
2024-08-31 12:00:00,11.123322
2024-08-31 13:00:00,11.437775
2024-08-31 14:00:00,11.685181
2024-08-31 15:00:00,11.831268
2024-08-31 16:00:00,11.872284
2024-08-31 17:00:00,11.689178
2024-08-31 18:00:00,11.502228
2024-08-31 19:00:00,11.317963
2024-08-31 20:00:00,11.085632
2024-08-31 21:00:00,10.792053
2024-08-31 22:00:00,10.25943
2024-08-31 23:00:00,9.632965
2024-09-01 00:00:00,8.989655
2024-09-01 01:00:00,8.569061
2024-09-01 02:00:00,8.378967
2024-09-01 03:00:00,8.217773
2024-09-01 04:00:00,8.020172
2024-09-01 05:00:00,7.9839783
2024-09-01 06:00:00,8.109375
2024-09-01 07:00:00,8.230316
2024-09-01 08:00:00,8.1405945
2024-09-01 09:00:00,9.294891
2024-09-01 10:00:00,9.600159
2024-09-01 11:00:00,10.23703
2024-09-01 12:00:00,10.415802
2024-09-01 13:00:00,10.298706
2024-09-01 14:00:00,9.581482
2024-09-01 15:00:00,9.289215
2024-09-01 16:00:00,9.105743
2024-09-01 17:00:00,8.870941
2024-09-01 18:00:00,8.653961
2024-09-01 19:00:00,8.443939
2024-09-01 20:00:00,8.203033
2024-09-01 21:00:00,8.169495
2024-09-01 22:00:00,8.545074
2024-09-01 23:00:00,8.574249
2024-09-02 00:00:00,8.585327
2024-09-02 01:00:00,8.712738
2024-09-02 02:00:00,8.74295
2024-09-02 03:00:00,8.632416
2024-09-02 04:00:00,8.62558
2024-09-02 05:00:00,8.630035
2024-09-02 06:00:00,8.622162
2024-09-02 07:00:00,8.583923
2024-09-02 08:00:00,8.625305
2024-09-02 09:00:00,8.77063
2024-09-02 10:00:00,10.025726
2024-09-02 11:00:00,10.026581
2024-09-02 12:00:00,10.126434
2024-09-02 13:00:00,10.08963
2024-09-02 14:00:00,10.142731
2024-09-02 15:00:00,10.56723
2024-09-02 16:00:00,10.817963
2024-09-02 17:00:00,10.878204
2024-09-02 18:00:00,10.990692
2024-09-02 19:00:00,11.063629
2024-09-02 20:00:00,11.272858
2024-09-02 21:00:00,11.431366
2024-09-02 22:00:00,11.527496
2024-09-02 23:00:00,11.514618
2024-09-03 00:00:00,11.588654
2024-09-03 01:00:00,11.756866
2024-09-03 02:00:00,12.078949
2024-09-03 03:00:00,12.39563
2024-09-03 04:00:00,12.52771
2024-09-03 05:00:00,12.542145
2024-09-03 06:00:00,12.5159
2024-09-03 07:00:00,12.338593
2024-09-03 08:00:00,12.103607
2024-09-03 09:00:00,11.72757
2024-09-03 10:00:00,12.0408325
2024-09-03 11:00:00,12.477722
2024-09-03 12:00:00,12.741119
2024-09-03 13:00:00,12.784515
2024-09-03 14:00:00,12.982574
2024-09-03 15:00:00,13.4653015
2024-09-03 16:00:00,14.148651
2024-09-03 17:00:00,14.645782
2024-09-03 18:00:00,14.691345
2024-09-03 19:00:00,14.641388
2024-09-03 20:00:00,14.798981
2024-09-03 21:00:00,15.169189
2024-09-03 22:00:00,15.526978
2024-09-03 23:00:00,15.953949
2024-09-04 00:00:00,16.34848
2024-09-04 01:00:00,16.513947
2024-09-04 02:00:00,16.485687
2024-09-04 03:00:00,16.622772
2024-09-04 04:00:00,17.03128
2024-09-04 05:00:00,17.461487
2024-09-04 06:00:00,17.943054
2024-09-04 07:00:00,18.476593
2024-09-04 08:00:00,18.902588
2024-09-04 09:00:00,19.292084
2024-09-04 10:00:00,19.956818
2024-09-04 11:00:00,20.348389
2024-09-04 12:00:00,20.888397
2024-09-04 13:00:00,21.325653
2024-09-04 14:00:00,21.573639
2024-09-04 15:00:00,21.462494
2024-09-04 16:00:00,21.141876
2024-09-04 17:00:00,20.831055
2024-09-04 18:00:00,20.64798
2024-09-04 19:00:00,20.57019
2024-09-04 20:00:00,20.51825
2024-09-04 21:00:00,20.536194
2024-09-04 22:00:00,20.872528
2024-09-04 23:00:00,20.941376
2024-09-05 00:00:00,20.936554
2024-09-05 01:00:00,20.937225
2024-09-05 02:00:00,20.927094
2024-09-05 03:00:00,20.916779
2024-09-05 04:00:00,20.866425
2024-09-05 05:00:00,20.778992
2024-09-05 06:00:00,20.632233
2024-09-05 07:00:00,20.449768
2024-09-05 08:00:00,20.247284
2024-09-05 09:00:00,20.02353
2024-09-05 10:00:00,20.140503
2024-09-05 11:00:00,20.066803
2024-09-05 12:00:00,19.991852
2024-09-05 13:00:00,19.987823
2024-09-05 14:00:00,19.964508
2024-09-05 15:00:00,19.950989
2024-09-05 16:00:00,19.88498
2024-09-05 17:00:00,19.742096
2024-09-05 18:00:00,19.546417
2024-09-05 19:00:00,19.313507
2024-09-05 20:00:00,19.089142
2024-09-05 21:00:00,18.866974
2024-09-05 22:00:00,18.646759
2024-09-05 23:00:00,18.431793
2024-09-06 00:00:00,18.250336
2024-09-06 01:00:00,18.11734
2024-09-06 02:00:00,18.0206
2024-09-06 03:00:00,17.944855
2024-09-06 04:00:00,17.873993
2024-09-06 05:00:00,17.821045
2024-09-06 06:00:00,17.764343
2024-09-06 07:00:00,17.640778
2024-09-06 08:00:00,17.375153
2024-09-06 09:00:00,16.911469
2024-09-06 10:00:00,16.792572
2024-09-06 11:00:00,16.513824
2024-09-06 12:00:00,16.243713
2024-09-06 13:00:00,16.011444
2024-09-06 14:00:00,15.697601
2024-09-06 15:00:00,15.36554
2024-09-06 16:00:00,15.12442
2024-09-06 17:00:00,14.927582
2024-09-06 18:00:00,14.772797
2024-09-06 19:00:00,14.682831
2024-09-06 20:00:00,14.737122
2024-09-06 21:00:00,14.930389
2024-09-06 22:00:00,15.010529
2024-09-06 23:00:00,15.250458
2024-09-07 00:00:00,15.439789
2024-09-07 01:00:00,15.563324
2024-09-07 02:00:00,15.676849
2024-09-07 03:00:00,15.801117
2024-09-07 04:00:00,15.961456
2024-09-07 05:00:00,16.187775
2024-09-07 06:00:00,16.542694
2024-09-07 07:00:00,16.940643
2024-09-07 08:00:00,17.275116
2024-09-07 09:00:00,17.47882
2024-09-07 10:00:00,17.58139
2024-09-07 11:00:00,17.806946
2024-09-07 12:00:00,18.104706
2024-09-07 13:00:00,18.448975
2024-09-07 14:00:00,18.667511
2024-09-07 15:00:00,18.904755
2024-09-07 16:00:00,19.19992
2024-09-07 17:00:00,19.440887
2024-09-07 18:00:00,19.60733
2024-09-07 19:00:00,19.77829
2024-09-07 20:00:00,19.972992
2024-09-07 21:00:00,20.144562
2024-09-07 22:00:00,20.125153
2024-09-07 23:00:00,20.072906
2024-09-08 00:00:00,19.968536
2024-09-08 01:00:00,19.889557
2024-09-08 02:00:00,19.84433
2024-09-08 03:00:00,19.762726
2024-09-08 04:00:00,19.619781
2024-09-08 05:00:00,19.493103
2024-09-08 06:00:00,19.487091
2024-09-08 07:00:00,19.511383
2024-09-08 08:00:00,19.415741
2024-09-08 09:00:00,19.149445
2024-09-08 10:00:00,19.658386
2024-09-08 11:00:00,19.774567
2024-09-08 12:00:00,20.016296
2024-09-08 13:00:00,20.363678
2024-09-08 14:00:00,20.68283
2024-09-08 15:00:00,20.9711
2024-09-08 16:00:00,21.111542
2024-09-08 17:00:00,21.051788
2024-09-08 18:00:00,20.74707
2024-09-08 19:00:00,20.26651
2024-09-08 20:00:00,20.01297
2024-09-08 21:00:00,20.107147
2024-09-08 22:00:00,19.773224
2024-09-08 23:00:00,19.97934
2024-09-09 00:00:00,20.397766
2024-09-09 01:00:00,20.374298
2024-09-09 02:00:00,19.962006
2024-09-09 03:00:00,19.411835
2024-09-09 04:00:00,18.706024
2024-09-09 05:00:00,18.188507
2024-09-09 06:00:00,17.46463
2024-09-09 07:00:00,16.768799
2024-09-09 08:00:00,16.18106
2024-09-09 09:00:00,15.9618225
2024-09-09 10:00:00,16.047302
2024-09-09 11:00:00,16.46991
2024-09-09 12:00:00,16.82248
2024-09-09 13:00:00,16.93637
2024-09-09 14:00:00,17.098785
2024-09-09 15:00:00,17.38153
2024-09-09 16:00:00,17.587616
2024-09-09 17:00:00,17.842743
2024-09-09 18:00:00,18.062958
2024-09-09 19:00:00,18.268097
2024-09-09 20:00:00,17.989319
2024-09-09 21:00:00,16.574707
2024-09-09 22:00:00,14.538116
2024-09-09 23:00:00,14.4548645
2024-09-10 00:00:00,14.9487915
2024-09-10 01:00:00,15.261505
2024-09-10 02:00:00,15.317108
2024-09-10 03:00:00,15.373199
2024-09-10 04:00:00,15.432465
2024-09-10 05:00:00,15.050446
2024-09-10 06:00:00,14.297699
2024-09-10 07:00:00,13.379303
2024-09-10 08:00:00,12.723236
2024-09-10 09:00:00,12.572937
2024-09-10 10:00:00,13.295013
2024-09-10 11:00:00,13.675903
2024-09-10 12:00:00,13.943146
2024-09-10 13:00:00,13.946808
2024-09-10 14:00:00,13.96286
2024-09-10 15:00:00,14.093414
2024-09-10 16:00:00,13.948029
2024-09-10 17:00:00,13.734772
2024-09-10 18:00:00,13.509857
2024-09-10 19:00:00,13.329529
2024-09-10 20:00:00,13.230255
2024-09-10 21:00:00,13.186432
2024-09-10 22:00:00,12.391724
2024-09-10 23:00:00,12.196259
2024-09-11 00:00:00,12.227386
2024-09-11 01:00:00,12.314056
2024-09-11 02:00:00,12.322662
2024-09-11 03:00:00,12.339569
2024-09-11 04:00:00,12.19397
2024-09-11 05:00:00,11.877838
2024-09-11 06:00:00,11.83371
2024-09-11 07:00:00,12.013336
2024-09-11 08:00:00,12.056915
2024-09-11 09:00:00,12.3055725
2024-09-11 10:00:00,11.609833
2024-09-11 11:00:00,11.961151
2024-09-11 12:00:00,12.248688
2024-09-11 13:00:00,12.173248
2024-09-11 14:00:00,12.111023
2024-09-11 15:00:00,12.502777
2024-09-11 16:00:00,11.775177
2024-09-11 17:00:00,9.71106
2024-09-11 18:00:00,8.8237
2024-09-11 19:00:00,8.4973755
2024-09-11 20:00:00,8.173157
2024-09-11 21:00:00,8.141693
2024-09-11 22:00:00,8.185333
2024-09-11 23:00:00,8.567291
2024-09-12 00:00:00,8.871979
2024-09-12 01:00:00,9.038055
2024-09-12 02:00:00,9.068451
2024-09-12 03:00:00,9.132629
2024-09-12 04:00:00,9.180847
2024-09-12 05:00:00,9.1206665
2024-09-12 06:00:00,8.954315
2024-09-12 07:00:00,9.013702
2024-09-12 08:00:00,9.270294
2024-09-12 09:00:00,9.497406
2024-09-12 10:00:00,9.297913
2024-09-12 11:00:00,9.649506
2024-09-12 12:00:00,9.939484
2024-09-12 13:00:00,9.966522
2024-09-12 14:00:00,9.707764
2024-09-12 15:00:00,9.417938
2024-09-12 16:00:00,9.334198
2024-09-12 17:00:00,9.326141
2024-09-12 18:00:00,9.226837
2024-09-12 19:00:00,8.980896
2024-09-12 20:00:00,8.876587
2024-09-12 21:00:00,8.9184265
2024-09-12 22:00:00,9.213715
2024-09-12 23:00:00,9.180939
2024-09-13 00:00:00,9.053558
2024-09-13 01:00:00,9.086945
2024-09-13 02:00:00,9.124054
2024-09-13 03:00:00,9.1458435
2024-09-13 04:00:00,9.15564
2024-09-13 05:00:00,9.159241
2024-09-13 06:00:00,9.182892
2024-09-13 07:00:00,9.111786
2024-09-13 08:00:00,9.095551
2024-09-13 09:00:00,8.896576
2024-09-13 10:00:00,9.510223
2024-09-13 11:00:00,9.836639
2024-09-13 12:00:00,10.319794
2024-09-13 13:00:00,10.647217
2024-09-13 14:00:00,10.948608
2024-09-13 15:00:00,10.995575
2024-09-13 16:00:00,10.927765
2024-09-13 17:00:00,10.823364
2024-09-13 18:00:00,10.720673
2024-09-13 19:00:00,10.628387
2024-09-13 20:00:00,10.565033
2024-09-13 21:00:00,10.525604
2024-09-13 22:00:00,10.463654
2024-09-13 23:00:00,10.375824
2024-09-14 00:00:00,10.358307
2024-09-14 01:00:00,10.377594
2024-09-14 02:00:00,10.3284
2024-09-14 03:00:00,10.2560425
2024-09-14 04:00:00,10.151978
2024-09-14 05:00:00,10.04126
2024-09-14 06:00:00,9.978943
2024-09-14 07:00:00,9.947235
2024-09-14 08:00:00,9.935577
2024-09-14 09:00:00,9.813965
2024-09-14 10:00:00,9.467743
2024-09-14 11:00:00,10.021332
2024-09-14 12:00:00,10.431213
2024-09-14 13:00:00,10.651947
2024-09-14 14:00:00,10.5086975
2024-09-14 15:00:00,9.972076
2024-09-14 16:00:00,9.539032
2024-09-14 17:00:00,9.785065
2024-09-14 18:00:00,10.057953
2024-09-14 19:00:00,10.009674
2024-09-14 20:00:00,9.974396
2024-09-14 21:00:00,9.96875
2024-09-14 22:00:00,10.130371
2024-09-14 23:00:00,10.024811
2024-09-15 00:00:00,9.935516
2024-09-15 01:00:00,9.822235
2024-09-15 02:00:00,9.711212
2024-09-15 03:00:00,9.709503
2024-09-15 04:00:00,9.690338
2024-09-15 05:00:00,9.608795
2024-09-15 06:00:00,9.493622
2024-09-15 07:00:00,9.378387
2024-09-15 08:00:00,9.298004
2024-09-15 09:00:00,9.184418
2024-09-15 10:00:00,8.948578
2024-09-15 11:00:00,9.451752
2024-09-15 12:00:00,9.945526
2024-09-15 13:00:00,10.261932
2024-09-15 14:00:00,10.381317
2024-09-15 15:00:00,10.344818
2024-09-15 16:00:00,10.301178
2024-09-15 17:00:00,10.269043
2024-09-15 18:00:00,10.221466
2024-09-15 19:00:00,10.194458
2024-09-15 20:00:00,10.189148
2024-09-15 21:00:00,10.1528015
2024-09-15 22:00:00,9.662018
2024-09-15 23:00:00,9.702301
2024-09-16 00:00:00,9.8498535
2024-09-16 01:00:00,9.894318
2024-09-16 02:00:00,9.797699
2024-09-16 03:00:00,9.714264
2024-09-16 04:00:00,9.778412
2024-09-16 05:00:00,9.768524
2024-09-16 06:00:00,9.6432495
2024-09-16 07:00:00,9.570587
2024-09-16 08:00:00,9.578064
2024-09-16 09:00:00,9.659943
2024-09-16 10:00:00,9.888031
2024-09-16 11:00:00,9.929657
2024-09-16 12:00:00,9.841553
2024-09-16 13:00:00,9.988983
2024-09-16 14:00:00,10.0659485
2024-09-16 15:00:00,10.100433
2024-09-16 16:00:00,10.072357
2024-09-16 17:00:00,10.162598
2024-09-16 18:00:00,10.513763
2024-09-16 19:00:00,10.888794
2024-09-16 20:00:00,11.161835
2024-09-16 21:00:00,10.596588
2024-09-16 22:00:00,10.664093
2024-09-16 23:00:00,10.834473
2024-09-17 00:00:00,10.72934
2024-09-17 01:00:00,10.971741
2024-09-17 02:00:00,11.469727
2024-09-17 03:00:00,11.679291
2024-09-17 04:00:00,11.426361
2024-09-17 05:00:00,11.442169
2024-09-17 06:00:00,11.510681
2024-09-17 07:00:00,11.526825
2024-09-17 08:00:00,11.61911
2024-09-17 09:00:00,11.671326
2024-09-17 10:00:00,12.648163
2024-09-17 11:00:00,12.614288
2024-09-17 12:00:00,12.498871
2024-09-17 13:00:00,12.397491
2024-09-17 14:00:00,12.32254
2024-09-17 15:00:00,12.099396
2024-09-17 16:00:00,11.9328
2024-09-17 17:00:00,11.792511
2024-09-17 18:00:00,11.801849
2024-09-17 19:00:00,11.874298
2024-09-17 20:00:00,11.872101
2024-09-17 21:00:00,11.897675
2024-09-17 22:00:00,11.665558
2024-09-17 23:00:00,11.601776
2024-09-18 00:00:00,11.600189
2024-09-18 01:00:00,11.779144
2024-09-18 02:00:00,11.996796
2024-09-18 03:00:00,12.031952
2024-09-18 04:00:00,11.953278
2024-09-18 05:00:00,11.850433
2024-09-18 06:00:00,11.694611
2024-09-18 07:00:00,11.55838
2024-09-18 08:00:00,11.480072
2024-09-18 09:00:00,11.376923
2024-09-18 10:00:00,11.933014
2024-09-18 11:00:00,11.913116
2024-09-18 12:00:00,11.79538
2024-09-18 13:00:00,11.712494
2024-09-18 14:00:00,11.816498
2024-09-18 15:00:00,11.860626
2024-09-18 16:00:00,11.834076
2024-09-18 17:00:00,11.9062805
2024-09-18 18:00:00,12.1203
2024-09-18 19:00:00,12.425903
2024-09-18 20:00:00,12.659393
2024-09-18 21:00:00,12.67453
2024-09-18 22:00:00,12.677765
2024-09-18 23:00:00,12.6423645
2024-09-19 00:00:00,12.656464
2024-09-19 01:00:00,12.598328
2024-09-19 02:00:00,12.511749
2024-09-19 03:00:00,12.445923
2024-09-19 04:00:00,12.409546
2024-09-19 05:00:00,12.391602
2024-09-19 06:00:00,12.401459
2024-09-19 07:00:00,12.49942
2024-09-19 08:00:00,12.635193
2024-09-19 09:00:00,12.814911
2024-09-19 10:00:00,13.278107
2024-09-19 11:00:00,13.353149
2024-09-19 12:00:00,13.394623
2024-09-19 13:00:00,13.350739
2024-09-19 14:00:00,13.424713
2024-09-19 15:00:00,13.570953
2024-09-19 16:00:00,13.802643
2024-09-19 17:00:00,14.069122
2024-09-19 18:00:00,14.342041
2024-09-19 19:00:00,14.470612
2024-09-19 20:00:00,14.459442
2024-09-19 21:00:00,14.335663
2024-09-19 22:00:00,14.7204895
2024-09-19 23:00:00,14.459564
2024-09-20 00:00:00,14.345978
2024-09-20 01:00:00,14.400726
2024-09-20 02:00:00,14.548737
2024-09-20 03:00:00,14.713165
2024-09-20 04:00:00,14.767914
2024-09-20 05:00:00,14.620178
2024-09-20 06:00:00,14.454681
2024-09-20 07:00:00,14.485443
2024-09-20 08:00:00,14.79184
2024-09-20 09:00:00,15.162994
2024-09-20 10:00:00,15.498901
2024-09-20 11:00:00,15.510712
2024-09-20 12:00:00,15.084656
2024-09-20 13:00:00,14.473907
2024-09-20 14:00:00,14.476379
2024-09-20 15:00:00,14.522614
2024-09-20 16:00:00,14.521881
2024-09-20 17:00:00,14.516205
2024-09-20 18:00:00,14.536224
2024-09-20 19:00:00,14.560364
2024-09-20 20:00:00,14.596497
2024-09-20 21:00:00,14.596344
2024-09-20 22:00:00,14.4496155
2024-09-20 23:00:00,14.380646
2024-09-21 00:00:00,14.347504
2024-09-21 01:00:00,14.327393
2024-09-21 02:00:00,14.172211
2024-09-21 03:00:00,13.929535
2024-09-21 04:00:00,13.72818
2024-09-21 05:00:00,13.615387
2024-09-21 06:00:00,13.549042
2024-09-21 07:00:00,13.222137
2024-09-21 08:00:00,12.418274
2024-09-21 09:00:00,10.93045
2024-09-21 10:00:00,10.358307
2024-09-21 11:00:00,9.531586
2024-09-21 12:00:00,8.745544
2024-09-21 13:00:00,8.095703
2024-09-21 14:00:00,7.554901
2024-09-21 15:00:00,7.174988
2024-09-21 16:00:00,6.740967
2024-09-21 17:00:00,6.4697266
2024-09-21 18:00:00,6.1644287
2024-09-21 19:00:00,5.872101
2024-09-21 20:00:00,5.7379456
2024-09-21 21:00:00,5.754181
2024-09-21 22:00:00,5.7122498
2024-09-21 23:00:00,5.711334
2024-09-22 00:00:00,5.728546
2024-09-22 01:00:00,5.778534
2024-09-22 02:00:00,5.917816
2024-09-22 03:00:00,6.0386047
2024-09-22 04:00:00,6.1772766
2024-09-22 05:00:00,6.3924255
2024-09-22 06:00:00,6.5887756
2024-09-22 07:00:00,6.751068
2024-09-22 08:00:00,6.9476624
2024-09-22 09:00:00,7.1007996
2024-09-22 10:00:00,7.6788025
2024-09-22 11:00:00,8.001282
2024-09-22 12:00:00,8.303314
2024-09-22 13:00:00,8.615448
2024-09-22 14:00:00,8.893829
2024-09-22 15:00:00,9.1319275
2024-09-22 16:00:00,9.377716
2024-09-22 17:00:00,9.615692
2024-09-22 18:00:00,9.81958
2024-09-22 19:00:00,9.98172
2024-09-22 20:00:00,10.178314
2024-09-22 21:00:00,10.364532
2024-09-22 22:00:00,10.535675
2024-09-22 23:00:00,10.618164
2024-09-23 00:00:00,10.705017
2024-09-23 01:00:00,10.744293
2024-09-23 02:00:00,10.794403
2024-09-23 03:00:00,10.855774
2024-09-23 04:00:00,10.897186
2024-09-23 05:00:00,10.876617
2024-09-23 06:00:00,10.811981
2024-09-23 07:00:00,10.703064
2024-09-23 08:00:00,10.66861
2024-09-23 09:00:00,10.663971
2024-09-23 10:00:00,10.29187
2024-09-23 11:00:00,10.9357605
2024-09-23 12:00:00,11.416931
2024-09-23 13:00:00,11.653198
2024-09-23 14:00:00,11.578888
2024-09-23 15:00:00,11.613159
2024-09-23 16:00:00,11.787384
2024-09-23 17:00:00,12.007416
2024-09-23 18:00:00,12.3385315
2024-09-23 19:00:00,12.63443
2024-09-23 20:00:00,12.827423
2024-09-23 21:00:00,12.849976
2024-09-23 22:00:00,12.403961
2024-09-23 23:00:00,12.60318
2024-09-24 00:00:00,12.888306
2024-09-24 01:00:00,13.248444
2024-09-24 02:00:00,13.467865
2024-09-24 03:00:00,13.558563
2024-09-24 04:00:00,13.743622
2024-09-24 05:00:00,13.87677
2024-09-24 06:00:00,13.953369
2024-09-24 07:00:00,13.999176
2024-09-24 08:00:00,13.754303
2024-09-24 09:00:00,13.58371
2024-09-24 10:00:00,13.2230835
2024-09-24 11:00:00,13.073334
2024-09-24 12:00:00,13.067291
2024-09-24 13:00:00,13.153107
2024-09-24 14:00:00,13.420502
2024-09-24 15:00:00,13.857422
2024-09-24 16:00:00,14.368134
2024-09-24 17:00:00,14.7247925
2024-09-24 18:00:00,14.914276
2024-09-24 19:00:00,14.905182
2024-09-24 20:00:00,14.809662
2024-09-24 21:00:00,14.877655
2024-09-24 22:00:00,15.411438
2024-09-24 23:00:00,15.816437
2024-09-25 00:00:00,15.897308
2024-09-25 01:00:00,15.729523
2024-09-25 02:00:00,15.2187195
2024-09-25 03:00:00,14.222412
2024-09-25 04:00:00,13.448395
2024-09-25 05:00:00,12.721436
2024-09-25 06:00:00,12.187042
2024-09-25 07:00:00,11.806641
2024-09-25 08:00:00,11.550018
2024-09-25 09:00:00,11.369965
2024-09-25 10:00:00,12.733551
2024-09-25 11:00:00,12.552643
2024-09-25 12:00:00,12.878204
2024-09-25 13:00:00,13.272186
2024-09-25 14:00:00,13.220306
2024-09-25 15:00:00,13.047699
2024-09-25 16:00:00,12.88913
2024-09-25 17:00:00,12.530365
2024-09-25 18:00:00,11.97934
2024-09-25 19:00:00,11.459991
2024-09-25 20:00:00,11.045685
2024-09-25 21:00:00,10.636963
2024-09-25 22:00:00,9.938263
2024-09-25 23:00:00,9.649597
2024-09-26 00:00:00,9.438232
2024-09-26 01:00:00,9.236298
2024-09-26 02:00:00,9.0672
2024-09-26 03:00:00,8.963348
2024-09-26 04:00:00,8.885925
2024-09-26 05:00:00,8.78244
2024-09-26 06:00:00,8.663391
2024-09-26 07:00:00,8.681427
2024-09-26 08:00:00,8.715332
2024-09-26 09:00:00,9.390747
2024-09-26 10:00:00,9.958374
2024-09-26 11:00:00,10.753387
2024-09-26 12:00:00,11.027496
2024-09-26 13:00:00,11.29837
2024-09-26 14:00:00,11.257416
2024-09-26 15:00:00,10.843475
2024-09-26 16:00:00,10.681793
2024-09-26 17:00:00,11.019592
2024-09-26 18:00:00,11.492828
2024-09-26 19:00:00,11.730713
2024-09-26 20:00:00,12.092804
2024-09-26 21:00:00,12.628143
2024-09-26 22:00:00,11.939911
2024-09-26 23:00:00,11.8591
2024-09-27 00:00:00,11.741638
2024-09-27 01:00:00,11.817535
2024-09-27 02:00:00,11.715485
2024-09-27 03:00:00,11.457855
2024-09-27 04:00:00,11.307648
2024-09-27 05:00:00,11.2682495
2024-09-27 06:00:00,11.205078
2024-09-27 07:00:00,11.126434
2024-09-27 08:00:00,10.925568
2024-09-27 09:00:00,10.720245
2024-09-27 10:00:00,9.38501
2024-09-27 11:00:00,9.177368
2024-09-27 12:00:00,8.96225
2024-09-27 13:00:00,8.864868
2024-09-27 14:00:00,8.639191
2024-09-27 15:00:00,8.18161
2024-09-27 16:00:00,7.4997253
2024-09-27 17:00:00,6.6929016
2024-09-27 18:00:00,6.0408936
2024-09-27 19:00:00,5.686737
2024-09-27 20:00:00,5.566986
2024-09-27 21:00:00,5.531708
2024-09-27 22:00:00,5.6893005
2024-09-27 23:00:00,5.6246643
2024-09-28 00:00:00,5.547577
2024-09-28 01:00:00,5.5119934
2024-09-28 02:00:00,5.6073914
2024-09-28 03:00:00,5.6789246
2024-09-28 04:00:00,5.8052063
2024-09-28 05:00:00,5.896332
2024-09-28 06:00:00,5.926605
2024-09-28 07:00:00,5.8856506
2024-09-28 08:00:00,5.8486633
2024-09-28 09:00:00,5.561493
2024-09-28 10:00:00,5.4981384
2024-09-28 11:00:00,5.938568
2024-09-28 12:00:00,6.249481
2024-09-28 13:00:00,6.594757
2024-09-28 14:00:00,6.6237793
2024-09-28 15:00:00,6.476959
2024-09-28 16:00:00,5.82901
2024-09-28 17:00:00,4.858612
2024-09-28 18:00:00,4.506653
2024-09-28 19:00:00,4.4199524
2024-09-28 20:00:00,4.6003723
2024-09-28 21:00:00,5.0341187
2024-09-28 22:00:00,5.49292
2024-09-28 23:00:00,5.8461914
2024-09-29 00:00:00,5.555176
2024-09-29 01:00:00,4.7956543
2024-09-29 02:00:00,4.304138
2024-09-29 03:00:00,3.9328308
2024-09-29 04:00:00,3.5454712
2024-09-29 05:00:00,3.0815735
2024-09-29 06:00:00,2.8752136
2024-09-29 07:00:00,2.8660583
2024-09-29 08:00:00,2.887848
2024-09-29 09:00:00,2.5480042
2024-09-29 10:00:00,3.0263062
2024-09-29 11:00:00,3.7519836
2024-09-29 12:00:00,4.335907
2024-09-29 13:00:00,4.735199
2024-09-29 14:00:00,4.9295654
2024-09-29 15:00:00,4.9703064
2024-09-29 16:00:00,5.0389404
2024-09-29 17:00:00,5.1628723
2024-09-29 18:00:00,5.2230225
2024-09-29 19:00:00,5.1825867
2024-09-29 20:00:00,5.1075745
2024-09-29 21:00:00,5.014862
2024-09-29 22:00:00,4.8471375
2024-09-29 23:00:00,4.7994995
2024-09-30 00:00:00,4.7567444
2024-09-30 01:00:00,4.698303
2024-09-30 02:00:00,4.6260376
2024-09-30 03:00:00,4.5436096
2024-09-30 04:00:00,4.4701843
2024-09-30 05:00:00,4.4289856
2024-09-30 06:00:00,4.4265137
2024-09-30 07:00:00,4.426941
2024-09-30 08:00:00,4.450897
2024-09-30 09:00:00,4.463379
2024-09-30 10:00:00,5.0713196
2024-09-30 11:00:00,5.21109
2024-09-30 12:00:00,5.4335938
2024-09-30 13:00:00,5.6585693
2024-09-30 14:00:00,5.826996
2024-09-30 15:00:00,5.875519
2024-09-30 16:00:00,5.847412
2024-09-30 17:00:00,5.815155
2024-09-30 18:00:00,5.795929
2024-09-30 19:00:00,5.779419
2024-09-30 20:00:00,5.790161
2024-09-30 21:00:00,5.819916
2024-09-30 22:00:00,5.9839783
2024-09-30 23:00:00,6.036865
2024-10-01 00:00:00,6.0783386
2024-10-01 01:00:00,6.077545
2024-10-01 02:00:00,6.0726624
2024-10-01 03:00:00,6.056671
2024-10-01 04:00:00,5.9482117
2024-10-01 05:00:00,5.8076477
2024-10-01 06:00:00,5.6962585
2024-10-01 07:00:00,5.5610046
2024-10-01 08:00:00,5.3820496
2024-10-01 09:00:00,5.275299
2024-10-01 10:00:00,5.8823547
2024-10-01 11:00:00,5.8637695
2024-10-01 12:00:00,5.8695374
2024-10-01 13:00:00,5.774353
2024-10-01 14:00:00,5.7893066
2024-10-01 15:00:00,5.689209
2024-10-01 16:00:00,5.519867
2024-10-01 17:00:00,5.3293457
2024-10-01 18:00:00,5.1807556
2024-10-01 19:00:00,5.124115
2024-10-01 20:00:00,5.15921
2024-10-01 21:00:00,5.268219
2024-10-01 22:00:00,5.544739
2024-10-01 23:00:00,5.4667053
2024-10-02 00:00:00,5.4326477
2024-10-02 01:00:00,5.4124756
2024-10-02 02:00:00,5.352661
2024-10-02 03:00:00,5.2794495
2024-10-02 04:00:00,5.2201843
2024-10-02 05:00:00,5.2485046
2024-10-02 06:00:00,5.3227844
2024-10-02 07:00:00,5.3524475
2024-10-02 08:00:00,5.3994446
2024-10-02 09:00:00,5.4282227
2024-10-02 10:00:00,5.554901
2024-10-02 11:00:00,5.706024
2024-10-02 12:00:00,5.953705
2024-10-02 13:00:00,6.0575867
2024-10-02 14:00:00,6.071869
2024-10-02 15:00:00,6.1020203
2024-10-02 16:00:00,6.102295
2024-10-02 17:00:00,6.2062683
2024-10-02 18:00:00,6.195709
2024-10-02 19:00:00,6.0003357
2024-10-02 20:00:00,5.801483
2024-10-02 21:00:00,5.7343445
2024-10-02 22:00:00,5.608795
2024-10-02 23:00:00,5.5636597
2024-10-03 00:00:00,5.5372925
2024-10-03 01:00:00,5.499481
2024-10-03 02:00:00,5.4635315
2024-10-03 03:00:00,5.4444275
2024-10-03 04:00:00,5.3427734
2024-10-03 05:00:00,5.2809753
2024-10-03 06:00:00,5.315338
2024-10-03 07:00:00,5.3874207
2024-10-03 08:00:00,5.4365845
2024-10-03 09:00:00,5.0205383
2024-10-03 10:00:00,4.510803
2024-10-03 11:00:00,5.4593506
2024-10-03 12:00:00,5.982971
2024-10-03 13:00:00,5.8960876
2024-10-03 14:00:00,5.7786255
2024-10-03 15:00:00,5.7150574
2024-10-03 16:00:00,5.675873
2024-10-03 17:00:00,5.6609497
2024-10-03 18:00:00,5.65213
2024-10-03 19:00:00,5.6733093
2024-10-03 20:00:00,5.721222
2024-10-03 21:00:00,5.758789
2024-10-03 22:00:00,5.7746277
2024-10-03 23:00:00,5.7493286
2024-10-04 00:00:00,5.799408
2024-10-04 01:00:00,5.8889465
2024-10-04 02:00:00,6.00473
2024-10-04 03:00:00,6.125458
2024-10-04 04:00:00,6.165161
2024-10-04 05:00:00,6.266632
2024-10-04 06:00:00,6.381256
2024-10-04 07:00:00,6.538025
2024-10-04 08:00:00,6.686554
2024-10-04 09:00:00,6.808319
2024-10-04 10:00:00,7.6393127
2024-10-04 11:00:00,7.8296204
2024-10-04 12:00:00,7.9150085
2024-10-04 13:00:00,7.9310303
2024-10-04 14:00:00,8.050873
2024-10-04 15:00:00,8.207428
2024-10-04 16:00:00,8.330139
2024-10-04 17:00:00,8.383392
2024-10-04 18:00:00,8.373871
2024-10-04 19:00:00,8.322784
2024-10-04 20:00:00,8.241364
2024-10-04 21:00:00,8.126678
2024-10-04 22:00:00,7.948456
2024-10-04 23:00:00,7.8905945
2024-10-05 00:00:00,7.8004456
2024-10-05 01:00:00,7.669922
2024-10-05 02:00:00,7.536438
2024-10-05 03:00:00,7.5016174
2024-10-05 04:00:00,7.5101624
2024-10-05 05:00:00,7.475067
2024-10-05 06:00:00,7.3674927
2024-10-05 07:00:00,7.2221375
2024-10-05 08:00:00,7.084503
2024-10-05 09:00:00,6.954071
2024-10-05 10:00:00,7.2485657
2024-10-05 11:00:00,6.913574
2024-10-05 12:00:00,7.0459595
2024-10-05 13:00:00,7.133911
2024-10-05 14:00:00,7.187195
2024-10-05 15:00:00,7.188324
2024-10-05 16:00:00,7.235504
2024-10-05 17:00:00,7.3919983
2024-10-05 18:00:00,7.637207
2024-10-05 19:00:00,7.8678894
2024-10-05 20:00:00,8.000671
2024-10-05 21:00:00,7.9313354
2024-10-05 22:00:00,8.089447
2024-10-05 23:00:00,7.8921814
2024-10-06 00:00:00,7.669403
2024-10-06 01:00:00,7.6946106
2024-10-06 02:00:00,7.902252
2024-10-06 03:00:00,7.981781
2024-10-06 04:00:00,7.8436584
2024-10-06 05:00:00,7.7602234
2024-10-06 06:00:00,7.5467834
2024-10-06 07:00:00,7.553131
2024-10-06 08:00:00,7.5762634
2024-10-06 09:00:00,7.5093384
2024-10-06 10:00:00,8.016998
2024-10-06 11:00:00,8.353851
2024-10-06 12:00:00,8.790558
2024-10-06 13:00:00,9.019501
2024-10-06 14:00:00,9.031708
2024-10-06 15:00:00,8.960144
2024-10-06 16:00:00,8.828522
2024-10-06 17:00:00,8.645416
2024-10-06 18:00:00,8.390259
2024-10-06 19:00:00,8.10199
2024-10-06 20:00:00,7.9457703
2024-10-06 21:00:00,7.9623413
2024-10-06 22:00:00,8.096344
2024-10-06 23:00:00,8.181793
2024-10-07 00:00:00,8.150452
2024-10-07 01:00:00,8.064148
2024-10-07 02:00:00,7.97287
2024-10-07 03:00:00,7.900421
2024-10-07 04:00:00,7.840393
2024-10-07 05:00:00,7.783478
2024-10-07 06:00:00,7.7141113
2024-10-07 07:00:00,7.6223145
2024-10-07 08:00:00,7.499176
2024-10-07 09:00:00,7.3642273
2024-10-07 10:00:00,7.506439
2024-10-07 11:00:00,7.3880005
2024-10-07 12:00:00,7.27829
2024-10-07 13:00:00,7.4597473
2024-10-07 14:00:00,7.5467834
2024-10-07 15:00:00,7.528717
2024-10-07 16:00:00,7.5018005
2024-10-07 17:00:00,7.4634705
2024-10-07 18:00:00,7.412506
2024-10-07 19:00:00,7.3588257
2024-10-07 20:00:00,7.38266
2024-10-07 21:00:00,7.4575806
2024-10-07 22:00:00,7.679962
2024-10-07 23:00:00,7.7723694
2024-10-08 00:00:00,7.724945
2024-10-08 01:00:00,7.563019
2024-10-08 02:00:00,7.454315
2024-10-08 03:00:00,7.51355
2024-10-08 04:00:00,7.5228577
2024-10-08 05:00:00,7.4932556
2024-10-08 06:00:00,7.6268616
2024-10-08 07:00:00,7.80484
2024-10-08 08:00:00,7.9653015
2024-10-08 09:00:00,8.149292
2024-10-08 10:00:00,8.539337
2024-10-08 11:00:00,8.697632
2024-10-08 12:00:00,8.801636
2024-10-08 13:00:00,8.893433
2024-10-08 14:00:00,9.045258
2024-10-08 15:00:00,9.182098
2024-10-08 16:00:00,9.289886
2024-10-08 17:00:00,9.200623
2024-10-08 18:00:00,9.009369
2024-10-08 19:00:00,8.733276
2024-10-08 20:00:00,8.429962
2024-10-08 21:00:00,8.404205
2024-10-08 22:00:00,8.435455
2024-10-08 23:00:00,8.105194
2024-10-09 00:00:00,7.808075
2024-10-09 01:00:00,7.8927307
2024-10-09 02:00:00,8.276337
2024-10-09 03:00:00,8.654877
2024-10-09 04:00:00,8.905823
2024-10-09 05:00:00,9.179291
2024-10-09 06:00:00,9.591827
2024-10-09 07:00:00,9.964203
2024-10-09 08:00:00,10.234802
2024-10-09 09:00:00,10.429749
2024-10-09 10:00:00,11.097137
2024-10-09 11:00:00,11.054657
2024-10-09 12:00:00,11.123322
2024-10-09 13:00:00,11.243134
2024-10-09 14:00:00,11.303589
2024-10-09 15:00:00,11.2621765
2024-10-09 16:00:00,11.744598
2024-10-09 17:00:00,11.821075
2024-10-09 18:00:00,11.1521
2024-10-09 19:00:00,10.333832
2024-10-09 20:00:00,9.989929
2024-10-09 21:00:00,10.084106
2024-10-09 22:00:00,10.025024
2024-10-09 23:00:00,10.027039
2024-10-10 00:00:00,10.133484
2024-10-10 01:00:00,10.4149475
2024-10-10 02:00:00,10.626678
2024-10-10 03:00:00,10.602509
2024-10-10 04:00:00,10.560883
2024-10-10 05:00:00,10.57077
2024-10-10 06:00:00,10.747711
2024-10-10 07:00:00,10.966583
2024-10-10 08:00:00,11.2187195
2024-10-10 09:00:00,11.407623
2024-10-10 10:00:00,11.226471
2024-10-10 11:00:00,11.119385
2024-10-10 12:00:00,11.2586975
2024-10-10 13:00:00,11.523285
2024-10-10 14:00:00,12.040558
2024-10-10 15:00:00,12.255463
2024-10-10 16:00:00,12.4236145
2024-10-10 17:00:00,12.402496
2024-10-10 18:00:00,12.283539
2024-10-10 19:00:00,12.106689
2024-10-10 20:00:00,11.744415
2024-10-10 21:00:00,10.866211
2024-10-10 22:00:00,10.835907
2024-10-10 23:00:00,9.482391
2024-10-11 00:00:00,8.4183655
2024-10-11 01:00:00,7.8979187
2024-10-11 02:00:00,7.6996155
2024-10-11 03:00:00,7.5947876
2024-10-11 04:00:00,7.4319153
2024-10-11 05:00:00,7.030243
2024-10-11 06:00:00,6.4657288
2024-10-11 07:00:00,5.7480774
2024-10-11 08:00:00,4.769562
2024-10-11 09:00:00,3.6682434
2024-10-11 10:00:00,2.50943
2024-10-11 11:00:00,2.6765442
2024-10-11 12:00:00,3.082611
2024-10-11 13:00:00,3.7642517
2024-10-11 14:00:00,3.9355774
2024-10-11 15:00:00,4.0649414
2024-10-11 16:00:00,4.316925
2024-10-11 17:00:00,4.5572205
2024-10-11 18:00:00,4.7792053
2024-10-11 19:00:00,4.958679
2024-10-11 20:00:00,5.0887146
2024-10-11 21:00:00,5.288452
2024-10-11 22:00:00,5.4291687
2024-10-11 23:00:00,5.205902
2024-10-12 00:00:00,4.8796997
2024-10-12 01:00:00,4.6335754
2024-10-12 02:00:00,4.4535522
2024-10-12 03:00:00,4.375458
2024-10-12 04:00:00,4.110321
2024-10-12 05:00:00,3.6768494
2024-10-12 06:00:00,3.2088928
2024-10-12 07:00:00,2.611786
2024-10-12 08:00:00,2.0909119
2024-10-12 09:00:00,2.1609802
2024-10-12 10:00:00,3.4936218
2024-10-12 11:00:00,4.0174255
2024-10-12 12:00:00,4.4266663
2024-10-12 13:00:00,4.6216125
2024-10-12 14:00:00,4.6508484
2024-10-12 15:00:00,4.6693115
2024-10-12 16:00:00,4.832184
2024-10-12 17:00:00,5.260803
2024-10-12 18:00:00,5.7242737
2024-10-12 19:00:00,6.0624695
2024-10-12 20:00:00,6.160858
2024-10-12 21:00:00,6.09198
2024-10-12 22:00:00,6.2289124
2024-10-12 23:00:00,6.203766
2024-10-13 00:00:00,6.240631
2024-10-13 01:00:00,6.466339
2024-10-13 02:00:00,6.661499
2024-10-13 03:00:00,6.673767
2024-10-13 04:00:00,6.6679993
2024-10-13 05:00:00,6.6563416
2024-10-13 06:00:00,6.410919
2024-10-13 07:00:00,6.1977844
2024-10-13 08:00:00,6.267761
2024-10-13 09:00:00,6.3800354
2024-10-13 10:00:00,6.733917
2024-10-13 11:00:00,6.888397
2024-10-13 12:00:00,6.9777527
2024-10-13 13:00:00,6.9580994
2024-10-13 14:00:00,6.850464
2024-10-13 15:00:00,6.768585
2024-10-13 16:00:00,6.769562
2024-10-13 17:00:00,6.87088
2024-10-13 18:00:00,6.911133
2024-10-13 19:00:00,6.788849
2024-10-13 20:00:00,6.687317
2024-10-13 21:00:00,6.654419
2024-10-13 22:00:00,7.129425
2024-10-13 23:00:00,6.9578857
2024-10-14 00:00:00,6.9308777
2024-10-14 01:00:00,6.939575
2024-10-14 02:00:00,6.8897095
2024-10-14 03:00:00,6.732727
2024-10-14 04:00:00,6.703705
2024-10-14 05:00:00,6.6877747
2024-10-14 06:00:00,6.6694946
2024-10-14 07:00:00,6.6374817
2024-10-14 08:00:00,6.6469116
2024-10-14 09:00:00,6.6067505
2024-10-14 10:00:00,6.7775574
2024-10-14 11:00:00,6.7548523
2024-10-14 12:00:00,6.669403
2024-10-14 13:00:00,6.377594
2024-10-14 14:00:00,6.052307
2024-10-14 15:00:00,5.993866
2024-10-14 16:00:00,5.752716
2024-10-14 17:00:00,5.5973206
2024-10-14 18:00:00,5.370758
2024-10-14 19:00:00,5.0487366
2024-10-14 20:00:00,4.6069336
2024-10-14 21:00:00,4.198517
2024-10-14 22:00:00,3.334015
2024-10-14 23:00:00,2.7449646
2024-10-15 00:00:00,2.393219
2024-10-15 01:00:00,1.9829102
2024-10-15 02:00:00,1.4771729
2024-10-15 03:00:00,1.1538696
2024-10-15 04:00:00,1.0080872
2024-10-15 05:00:00,0.9554138
2024-10-15 06:00:00,1.0520325
2024-10-15 07:00:00,1.1497498
2024-10-15 08:00:00,1.2101135
2024-10-15 09:00:00,1.337677
2024-10-15 10:00:00,2.1644897
2024-10-15 11:00:00,2.2618103
2024-10-15 12:00:00,2.0877075
2024-10-15 13:00:00,2.207428
2024-10-15 14:00:00,2.353363
2024-10-15 15:00:00,2.4638977
2024-10-15 16:00:00,2.8269043
2024-10-15 17:00:00,3.3894653
2024-10-15 18:00:00,3.703186
2024-10-15 19:00:00,3.7207642
2024-10-15 20:00:00,3.8448486
2024-10-15 21:00:00,3.922821
2024-10-15 22:00:00,4.0368958
2024-10-15 23:00:00,3.94104
2024-10-16 00:00:00,3.8396301
2024-10-16 01:00:00,3.8003235
2024-10-16 02:00:00,3.8504028
2024-10-16 03:00:00,3.960846
2024-10-16 04:00:00,4.152771
2024-10-16 05:00:00,4.33197
2024-10-16 06:00:00,4.304016
2024-10-16 07:00:00,4.1942444
2024-10-16 08:00:00,4.1718445
2024-10-16 09:00:00,4.2322083
2024-10-16 10:00:00,4.6997375
2024-10-16 11:00:00,4.6413574
2024-10-16 12:00:00,4.4360046
2024-10-16 13:00:00,4.3447266
2024-10-16 14:00:00,4.235718
2024-10-16 15:00:00,4.14624
2024-10-16 16:00:00,4.9439087
2024-10-16 17:00:00,5.601288
2024-10-16 18:00:00,5.422638
2024-10-16 19:00:00,5.0864563
2024-10-16 20:00:00,5.2203674
2024-10-16 21:00:00,5.47171
2024-10-16 22:00:00,5.936554
2024-10-16 23:00:00,6.0126953
2024-10-17 00:00:00,6.261627
2024-10-17 01:00:00,6.7020264
2024-10-17 02:00:00,6.8768005
2024-10-17 03:00:00,6.4074097
2024-10-17 04:00:00,6.0555115
2024-10-17 05:00:00,6.183014
2024-10-17 06:00:00,6.613312
2024-10-17 07:00:00,6.93454
2024-10-17 08:00:00,7.1788635
2024-10-17 09:00:00,8.186493
2024-10-17 10:00:00,9.78418
2024-10-17 11:00:00,10.160278
2024-10-17 12:00:00,10.288666
2024-10-17 13:00:00,9.879608
2024-10-17 14:00:00,9.407379
2024-10-17 15:00:00,8.90271
2024-10-17 16:00:00,8.507904
2024-10-17 17:00:00,7.9024963
2024-10-17 18:00:00,7.360443
2024-10-17 19:00:00,7.141876
2024-10-17 20:00:00,7.22995
2024-10-17 21:00:00,7.3846436
2024-10-17 22:00:00,7.6788025
2024-10-17 23:00:00,7.7165833
2024-10-18 00:00:00,7.778351
2024-10-18 01:00:00,7.882782
2024-10-18 02:00:00,7.9335938
2024-10-18 03:00:00,8.030548
2024-10-18 04:00:00,8.115967
2024-10-18 05:00:00,8.269196
2024-10-18 06:00:00,8.546661
2024-10-18 07:00:00,8.82785
2024-10-18 08:00:00,8.977631
2024-10-18 09:00:00,9.046661
2024-10-18 10:00:00,8.895599
2024-10-18 11:00:00,8.455963
2024-10-18 12:00:00,8.872803
2024-10-18 13:00:00,9.118866
2024-10-18 14:00:00,9.289429
2024-10-18 15:00:00,9.427277
2024-10-18 16:00:00,9.395294
2024-10-18 17:00:00,9.287537
2024-10-18 18:00:00,9.307953
2024-10-18 19:00:00,9.515259
2024-10-18 20:00:00,9.5234375
2024-10-18 21:00:00,9.470032
2024-10-18 22:00:00,9.564575
2024-10-18 23:00:00,9.852417
2024-10-19 00:00:00,9.822479
2024-10-19 01:00:00,9.46048
2024-10-19 02:00:00,9.42099
2024-10-19 03:00:00,9.567047
2024-10-19 04:00:00,9.612152
2024-10-19 05:00:00,9.532074
2024-10-19 06:00:00,9.646515
2024-10-19 07:00:00,9.919952
2024-10-19 08:00:00,10.079559
2024-10-19 09:00:00,10.033966
2024-10-19 10:00:00,10.796112
2024-10-19 11:00:00,10.292938
2024-10-19 12:00:00,9.3489685
2024-10-19 13:00:00,9.4687805
2024-10-19 14:00:00,9.420319
2024-10-19 15:00:00,9.011627
2024-10-19 16:00:00,8.586975
2024-10-19 17:00:00,8.925934
2024-10-19 18:00:00,8.528595
2024-10-19 19:00:00,8.477966
2024-10-19 20:00:00,8.730072
2024-10-19 21:00:00,9.155426
2024-10-19 22:00:00,10.046234
2024-10-19 23:00:00,10.101044
2024-10-20 00:00:00,9.942108
2024-10-20 01:00:00,9.902588
2024-10-20 02:00:00,10.3116455
2024-10-20 03:00:00,10.770172
2024-10-20 04:00:00,11.02536
2024-10-20 05:00:00,11.224182
2024-10-20 06:00:00,11.424286
2024-10-20 07:00:00,11.363434
2024-10-20 08:00:00,11.1805725
2024-10-20 09:00:00,11.126312
2024-10-20 10:00:00,10.695282
2024-10-20 11:00:00,10.742035
2024-10-20 12:00:00,10.599915
2024-10-20 13:00:00,10.447235
2024-10-20 14:00:00,10.196747
2024-10-20 15:00:00,10.058685
2024-10-20 16:00:00,10.009674
2024-10-20 17:00:00,10.082031
2024-10-20 18:00:00,10.344025
2024-10-20 19:00:00,10.689911
2024-10-20 20:00:00,10.970367
2024-10-20 21:00:00,11.35672
2024-10-20 22:00:00,11.437286
2024-10-20 23:00:00,11.28183
2024-10-21 00:00:00,10.932037
2024-10-21 01:00:00,10.556732
2024-10-21 02:00:00,9.456207
2024-10-21 03:00:00,9.398743
2024-10-21 04:00:00,9.665924
2024-10-21 05:00:00,9.73233
2024-10-21 06:00:00,10.2308655
2024-10-21 07:00:00,10.583099
2024-10-21 08:00:00,10.892517
2024-10-21 09:00:00,11.052765
2024-10-21 10:00:00,10.415222
2024-10-21 11:00:00,10.528229
2024-10-21 12:00:00,10.4938965
2024-10-21 13:00:00,10.454773
2024-10-21 14:00:00,10.407928
2024-10-21 15:00:00,10.273621
2024-10-21 16:00:00,10.01593
2024-10-21 17:00:00,9.694397
2024-10-21 18:00:00,9.394928
2024-10-21 19:00:00,9.140839
2024-10-21 20:00:00,8.922943
2024-10-21 21:00:00,8.632904
2024-10-21 22:00:00,8.26001
2024-10-21 23:00:00,7.8838806
2024-10-22 00:00:00,7.5935364
2024-10-22 01:00:00,7.415741
2024-10-22 02:00:00,7.2041626
2024-10-22 03:00:00,6.9373474
2024-10-22 04:00:00,6.82547
2024-10-22 05:00:00,6.93338
2024-10-22 06:00:00,7.0887146
2024-10-22 07:00:00,7.1095886
2024-10-22 08:00:00,7.3399353
2024-10-22 09:00:00,7.695038
2024-10-22 10:00:00,7.01886
2024-10-22 11:00:00,7.525055
2024-10-22 12:00:00,7.6445007
2024-10-22 13:00:00,7.7512817
2024-10-22 14:00:00,7.8859863
2024-10-22 15:00:00,7.990631
2024-10-22 16:00:00,7.953583
2024-10-22 17:00:00,7.8081055
2024-10-22 18:00:00,7.53302
2024-10-22 19:00:00,7.2419434
2024-10-22 20:00:00,6.976715
2024-10-22 21:00:00,6.693939
2024-10-22 22:00:00,7.160858
2024-10-22 23:00:00,6.8338623
2024-10-23 00:00:00,6.6075745
2024-10-23 01:00:00,6.4167786
2024-10-23 02:00:00,6.0939026
2024-10-23 03:00:00,5.803528
2024-10-23 04:00:00,5.6253967
2024-10-23 05:00:00,5.4510803
2024-10-23 06:00:00,5.4947815
2024-10-23 07:00:00,5.741852
2024-10-23 08:00:00,6.236389
2024-10-23 09:00:00,6.902069
2024-10-23 10:00:00,6.0805664
2024-10-23 11:00:00,6.1460876
2024-10-23 12:00:00,6.4098816
2024-10-23 13:00:00,6.6790466
2024-10-23 14:00:00,6.805176
2024-10-23 15:00:00,6.824066
2024-10-23 16:00:00,6.7841187
2024-10-23 17:00:00,6.524872
2024-10-23 18:00:00,6.3198547
2024-10-23 19:00:00,6.2883606
2024-10-23 20:00:00,6.42276
2024-10-23 21:00:00,6.655243
2024-10-23 22:00:00,6.761688
2024-10-23 23:00:00,7.28891
2024-10-24 00:00:00,7.606964
2024-10-24 01:00:00,7.9778748
2024-10-24 02:00:00,8.350983
2024-10-24 03:00:00,9.068573
2024-10-24 04:00:00,9.9722595
2024-10-24 05:00:00,10.333679
2024-10-24 06:00:00,9.975372
2024-10-24 07:00:00,10.050751
2024-10-24 08:00:00,9.986389
2024-10-24 09:00:00,9.631805
2024-10-24 10:00:00,9.6970825
2024-10-24 11:00:00,8.86615
2024-10-24 12:00:00,8.015045
2024-10-24 13:00:00,8.020569
2024-10-24 14:00:00,8.01651
2024-10-24 15:00:00,7.884308
2024-10-24 16:00:00,7.656372
2024-10-24 17:00:00,7.476166
2024-10-24 18:00:00,7.41626
2024-10-24 19:00:00,7.3518066
2024-10-24 20:00:00,7.1756897
2024-10-24 21:00:00,6.932434
2024-10-24 22:00:00,7.5625916
2024-10-24 23:00:00,7.2814026
2024-10-25 00:00:00,6.764099
2024-10-25 01:00:00,6.4446106
2024-10-25 02:00:00,6.4743347
2024-10-25 03:00:00,6.3328857
2024-10-25 04:00:00,6.1079407
2024-10-25 05:00:00,6.280945
2024-10-25 06:00:00,6.8940125
2024-10-25 07:00:00,7.4254456
2024-10-25 08:00:00,8.034027
2024-10-25 09:00:00,9.239655
2024-10-25 10:00:00,9.89035
2024-10-25 11:00:00,9.98642
2024-10-25 12:00:00,9.92569
2024-10-25 13:00:00,9.890442
2024-10-25 14:00:00,10.35733
2024-10-25 15:00:00,10.74884
2024-10-25 16:00:00,10.622955
2024-10-25 17:00:00,9.071442
2024-10-25 18:00:00,7.3526917
2024-10-25 19:00:00,6.7135925
2024-10-25 20:00:00,6.9026184
2024-10-25 21:00:00,6.9687195
2024-10-25 22:00:00,7.808563
2024-10-25 23:00:00,7.648346
2024-10-26 00:00:00,7.565338
2024-10-26 01:00:00,7.555664
2024-10-26 02:00:00,7.4632874
2024-10-26 03:00:00,7.4295044
2024-10-26 04:00:00,7.4525757
2024-10-26 05:00:00,7.5238037
2024-10-26 06:00:00,7.503235
2024-10-26 07:00:00,7.405792
2024-10-26 08:00:00,7.416687
2024-10-26 09:00:00,7.483032
2024-10-26 10:00:00,7.4336243
2024-10-26 11:00:00,7.5829163
2024-10-26 12:00:00,7.648041
2024-10-26 13:00:00,7.5481873
2024-10-26 14:00:00,7.5589905
2024-10-26 15:00:00,7.690033
2024-10-26 16:00:00,7.827667
2024-10-26 17:00:00,7.7407227
2024-10-26 18:00:00,7.5592346
2024-10-26 19:00:00,7.4014587
2024-10-26 20:00:00,7.330963
2024-10-26 21:00:00,7.2249756
2024-10-26 22:00:00,7.439911
2024-10-26 23:00:00,7.5164185
2024-10-27 00:00:00,7.541168
2024-10-27 01:00:00,7.6087646
2024-10-27 02:00:00,7.7913513
2024-10-27 03:00:00,8.018402
2024-10-27 04:00:00,8.069061
2024-10-27 05:00:00,7.759186
2024-10-27 06:00:00,7.5554504
2024-10-27 07:00:00,7.651825
2024-10-27 08:00:00,7.3018494
2024-10-27 09:00:00,6.9078674
2024-10-27 10:00:00,7.669159
2024-10-27 11:00:00,7.9079895
2024-10-27 12:00:00,8.136139
2024-10-27 13:00:00,8.350311
2024-10-27 14:00:00,8.600342
2024-10-27 15:00:00,8.67215
2024-10-27 16:00:00,8.220062
2024-10-27 17:00:00,7.893341
2024-10-27 18:00:00,6.9356384
2024-10-27 19:00:00,6.3962708
2024-10-27 20:00:00,6.1617126
2024-10-27 21:00:00,5.9668274
2024-10-27 22:00:00,5.971405
2024-10-27 23:00:00,5.8445435
2024-10-28 00:00:00,5.4089355
2024-10-28 01:00:00,4.968628
2024-10-28 02:00:00,4.782501
2024-10-28 03:00:00,4.6905212
2024-10-28 04:00:00,4.5975037
2024-10-28 05:00:00,4.531952
2024-10-28 06:00:00,4.5830383
2024-10-28 07:00:00,4.612213
2024-10-28 08:00:00,4.6249695
2024-10-28 09:00:00,4.747589
2024-10-28 10:00:00,4.430237
2024-10-28 11:00:00,4.9881897
2024-10-28 12:00:00,5.445099
2024-10-28 13:00:00,5.5837097
2024-10-28 14:00:00,5.8048706
2024-10-28 15:00:00,6.1079407
2024-10-28 16:00:00,6.2967224
2024-10-28 17:00:00,6.2742004
2024-10-28 18:00:00,6.0418396
2024-10-28 19:00:00,5.619232
2024-10-28 20:00:00,5.1127014
2024-10-28 21:00:00,4.617279
2024-10-28 22:00:00,4.0311584
2024-10-28 23:00:00,3.6390991
2024-10-29 00:00:00,3.4630737
2024-10-29 01:00:00,3.388977
2024-10-29 02:00:00,3.4373474
2024-10-29 03:00:00,3.4515686
2024-10-29 04:00:00,3.4029236
2024-10-29 05:00:00,3.342682
2024-10-29 06:00:00,3.4565125
2024-10-29 07:00:00,3.7067566
2024-10-29 08:00:00,4.054535
2024-10-29 09:00:00,4.5360413
2024-10-29 10:00:00,4.507538
2024-10-29 11:00:00,4.4458313
2024-10-29 12:00:00,4.667389
2024-10-29 13:00:00,4.5541687
2024-10-29 14:00:00,5.1429443
2024-10-29 15:00:00,5.820221
2024-10-29 16:00:00,6.3449707
2024-10-29 17:00:00,6.819641
2024-10-29 18:00:00,7.009674
2024-10-29 19:00:00,6.799164
2024-10-29 20:00:00,6.33902
2024-10-29 21:00:00,5.898712
2024-10-29 22:00:00,6.1400146
2024-10-29 23:00:00,5.7073364
2024-10-30 00:00:00,5.534424
2024-10-30 01:00:00,5.780609
2024-10-30 02:00:00,5.98349
2024-10-30 03:00:00,6.12854
2024-10-30 04:00:00,6.6303406
2024-10-30 05:00:00,7.3838196
2024-10-30 06:00:00,8.367065
2024-10-30 07:00:00,8.851776
2024-10-30 08:00:00,8.660828
2024-10-30 09:00:00,7.926056
2024-10-30 10:00:00,6.6125183
2024-10-30 11:00:00,6.589325
2024-10-30 12:00:00,6.7406006
2024-10-30 13:00:00,6.811737
2024-10-30 14:00:00,7.01297
2024-10-30 15:00:00,6.9928894
2024-10-30 16:00:00,6.771332
2024-10-30 17:00:00,6.407593
2024-10-30 18:00:00,6.0507507
2024-10-30 19:00:00,5.7897644
2024-10-30 20:00:00,5.720276
2024-10-30 21:00:00,5.705597
2024-10-30 22:00:00,5.0035095
2024-10-30 23:00:00,5.1078796
2024-10-31 00:00:00,5.362976
2024-10-31 01:00:00,5.683258
2024-10-31 02:00:00,5.978821
2024-10-31 03:00:00,6.171631
2024-10-31 04:00:00,6.2103577
2024-10-31 05:00:00,5.9565735
2024-10-31 06:00:00,5.6714478
2024-10-31 07:00:00,5.8105774
2024-10-31 08:00:00,5.661865
2024-10-31 09:00:00,5.327179
2024-10-31 10:00:00,4.620819
2024-10-31 11:00:00,5.135956
2024-10-31 12:00:00,5.79068
2024-10-31 13:00:00,6.327545
2024-10-31 14:00:00,7.0137024
2024-10-31 15:00:00,7.6610413
2024-10-31 16:00:00,8.028473
2024-10-31 17:00:00,8.263977
2024-10-31 18:00:00,8.295319
2024-10-31 19:00:00,8.218903
2024-10-31 20:00:00,8.127075
2024-10-31 21:00:00,8.063232
2024-10-31 22:00:00,8.526886
2024-10-31 23:00:00,8.809967
2024-11-01 00:00:00,9.0035095
2024-11-01 01:00:00,9.333038
2024-11-01 02:00:00,9.661346
2024-11-01 03:00:00,9.9158325
2024-11-01 04:00:00,10.064789
2024-11-01 05:00:00,10.474731
2024-11-01 06:00:00,10.64035
2024-11-01 07:00:00,10.654938
2024-11-01 08:00:00,10.344238
2024-11-01 09:00:00,9.169586
2024-11-01 10:00:00,7.5326233
2024-11-01 11:00:00,6.9761963
2024-11-01 12:00:00,6.2539062
2024-11-01 13:00:00,5.9589844
2024-11-01 14:00:00,5.4341125
2024-11-01 15:00:00,4.9515686
2024-11-01 16:00:00,4.1630554
2024-11-01 17:00:00,3.5002136
2024-11-01 18:00:00,2.8647766
2024-11-01 19:00:00,2.159729
2024-11-01 20:00:00,1.4433899
2024-11-01 21:00:00,0.8718567
2024-11-01 22:00:00,-1.092804
2024-11-01 23:00:00,-1.0939026
2024-11-02 00:00:00,-1.2023621
2024-11-02 01:00:00,-1.179718
2024-11-02 02:00:00,-1.0236816
2024-11-02 03:00:00,-0.926239
2024-11-02 04:00:00,-0.8052063
2024-11-02 05:00:00,-0.6003723
2024-11-02 06:00:00,-0.42855835
2024-11-02 07:00:00,-0.30264282
2024-11-02 08:00:00,-0.19876099
2024-11-02 09:00:00,-0.0619812
2024-11-02 10:00:00,-0.62075806
2024-11-02 11:00:00,-0.49887085
2024-11-02 12:00:00,-0.31704712
2024-11-02 13:00:00,-0.12484741
2024-11-02 14:00:00,0.0012512207
2024-11-02 15:00:00,0.017028809
2024-11-02 16:00:00,0.024383545
2024-11-02 17:00:00,0.06863403
2024-11-02 18:00:00,0.10940552
2024-11-02 19:00:00,0.1975708
2024-11-02 20:00:00,0.25759888
2024-11-02 21:00:00,0.29156494
2024-11-02 22:00:00,0.43807983
2024-11-02 23:00:00,0.55477905
2024-11-03 00:00:00,0.48910522
2024-11-03 01:00:00,0.3045349
2024-11-03 02:00:00,0.03894043
2024-11-03 03:00:00,-0.12942505
2024-11-03 04:00:00,0.088531494
2024-11-03 05:00:00,0.7377014
2024-11-03 06:00:00,1.9359436
2024-11-03 07:00:00,3.4858398
2024-11-03 08:00:00,4.887665
2024-11-03 09:00:00,6.2670593
2024-11-03 10:00:00,6.9253845
2024-11-03 11:00:00,8.957214
2024-11-03 12:00:00,11.075195
2024-11-03 13:00:00,11.756226
2024-11-03 14:00:00,10.954681
2024-11-03 15:00:00,9.105804
2024-11-03 16:00:00,7.1810303
2024-11-03 17:00:00,5.1184998
2024-11-03 18:00:00,3.181488
2024-11-03 19:00:00,2.0424194
2024-11-03 20:00:00,1.650238
2024-11-03 21:00:00,1.5268555
2024-11-03 22:00:00,0.7833557
2024-11-03 23:00:00,0.3569641
2024-11-04 00:00:00,0.01864624
2024-11-04 01:00:00,-0.23483276
2024-11-04 02:00:00,-0.17868042
2024-11-04 03:00:00,-0.0718689
2024-11-04 04:00:00,0.15219116
2024-11-04 05:00:00,0.43307495
2024-11-04 06:00:00,0.77789307
2024-11-04 07:00:00,0.99368286
2024-11-04 08:00:00,1.1443176
2024-11-04 09:00:00,1.4568176
2024-11-04 10:00:00,1.8630676
2024-11-04 11:00:00,2.2673645
2024-11-04 12:00:00,2.933197
2024-11-04 13:00:00,3.4762268
2024-11-04 14:00:00,4.0949097
2024-11-04 15:00:00,4.94046
2024-11-04 16:00:00,5.5208435
2024-11-04 17:00:00,5.8243713
2024-11-04 18:00:00,6.1923523
2024-11-04 19:00:00,6.853119
2024-11-04 20:00:00,7.6600037
2024-11-04 21:00:00,8.251434
2024-11-04 22:00:00,8.554901
2024-11-04 23:00:00,8.494598
2024-11-05 00:00:00,8.491699
2024-11-05 01:00:00,8.488525
2024-11-05 02:00:00,8.250305
2024-11-05 03:00:00,8.188751
2024-11-05 04:00:00,8.438599
2024-11-05 05:00:00,8.629669
2024-11-05 06:00:00,8.621429
2024-11-05 07:00:00,8.677887
2024-11-05 08:00:00,8.7276
2024-11-05 09:00:00,8.676392
2024-11-05 10:00:00,8.843536
2024-11-05 11:00:00,8.881256
2024-11-05 12:00:00,9.010529
2024-11-05 13:00:00,9.173248
2024-11-05 14:00:00,9.215424
2024-11-05 15:00:00,9.048828
2024-11-05 16:00:00,8.746399
2024-11-05 17:00:00,8.448883
2024-11-05 18:00:00,8.392487
2024-11-05 19:00:00,8.474579
2024-11-05 20:00:00,8.548462
2024-11-05 21:00:00,8.569763
2024-11-05 22:00:00,8.6718445
2024-11-05 23:00:00,8.890472
2024-11-06 00:00:00,9.11673
2024-11-06 01:00:00,9.388947
2024-11-06 02:00:00,9.625366
2024-11-06 03:00:00,9.866577
2024-11-06 04:00:00,10.031097
2024-11-06 05:00:00,10.032257
2024-11-06 06:00:00,10.0729065
2024-11-06 07:00:00,10.144257
2024-11-06 08:00:00,10.228149
2024-11-06 09:00:00,10.2239685
2024-11-06 10:00:00,10.629669
2024-11-06 11:00:00,10.009674
2024-11-06 12:00:00,9.074799
2024-11-06 13:00:00,8.548737
2024-11-06 14:00:00,7.7358704
2024-11-06 15:00:00,7.039154
2024-11-06 16:00:00,6.5031433
2024-11-06 17:00:00,5.308075
2024-11-06 18:00:00,4.2518005
2024-11-06 19:00:00,3.8535767
2024-11-06 20:00:00,3.4700012
2024-11-06 21:00:00,3.1641846
2024-11-06 22:00:00,3.066742
2024-11-06 23:00:00,3.4737244
2024-11-07 00:00:00,3.6728516
2024-11-07 01:00:00,4.316864
2024-11-07 02:00:00,4.742218
2024-11-07 03:00:00,5.021637
2024-11-07 04:00:00,5.363098
2024-11-07 05:00:00,5.9263306
2024-11-07 06:00:00,6.6775208
2024-11-07 07:00:00,6.612152
2024-11-07 08:00:00,5.76651
2024-11-07 09:00:00,5.925476
2024-11-07 10:00:00,6.3628235
2024-11-07 11:00:00,6.1763
2024-11-07 12:00:00,6.048065
2024-11-07 13:00:00,6.06308
2024-11-07 14:00:00,6.193634
2024-11-07 15:00:00,6.3974304
2024-11-07 16:00:00,6.737091
2024-11-07 17:00:00,7.3456726
2024-11-07 18:00:00,7.837555
2024-11-07 19:00:00,7.9708557
2024-11-07 20:00:00,7.9993286
2024-11-07 21:00:00,8.099884
2024-11-07 22:00:00,8.525299
2024-11-07 23:00:00,8.482269
2024-11-08 00:00:00,8.403381
2024-11-08 01:00:00,8.407745
2024-11-08 02:00:00,8.47879
2024-11-08 03:00:00,8.598572
2024-11-08 04:00:00,8.764557
2024-11-08 05:00:00,8.918732
2024-11-08 06:00:00,9.108002
2024-11-08 07:00:00,9.245941
2024-11-08 08:00:00,9.326324
2024-11-08 09:00:00,9.389404
2024-11-08 10:00:00,9.147186
2024-11-08 11:00:00,8.840851
2024-11-08 12:00:00,8.4670105
2024-11-08 13:00:00,8.264343
2024-11-08 14:00:00,8.402496
2024-11-08 15:00:00,8.670502
2024-11-08 16:00:00,9.054779
2024-11-08 17:00:00,9.465759
2024-11-08 18:00:00,9.765167
2024-11-08 19:00:00,9.824188
2024-11-08 20:00:00,9.729095
2024-11-08 21:00:00,9.678253
2024-11-08 22:00:00,10.171234
2024-11-08 23:00:00,9.801056
2024-11-09 00:00:00,9.417664
2024-11-09 01:00:00,9.209381
2024-11-09 02:00:00,8.896637
2024-11-09 03:00:00,7.721344
2024-11-09 04:00:00,6.833069
2024-11-09 05:00:00,6.460846
2024-11-09 06:00:00,6.2573853
2024-11-09 07:00:00,6.7122498
2024-11-09 08:00:00,7.3648987
2024-11-09 09:00:00,7.867218
2024-11-09 10:00:00,8.1753235
2024-11-09 11:00:00,7.084198
2024-11-09 12:00:00,6.2674866
2024-11-09 13:00:00,5.9707336
2024-11-09 14:00:00,5.545166
2024-11-09 15:00:00,4.7608337
2024-11-09 16:00:00,4.4632263
2024-11-09 17:00:00,4.628418
2024-11-09 18:00:00,5.003937
2024-11-09 19:00:00,4.435852
2024-11-09 20:00:00,3.3512268
2024-11-09 21:00:00,2.7002869
2024-11-09 22:00:00,2.882721
2024-11-09 23:00:00,2.0343018
2024-11-10 00:00:00,0.9757385
2024-11-10 01:00:00,0.36410522
2024-11-10 02:00:00,0.12081909
2024-11-10 03:00:00,0.11453247
2024-11-10 04:00:00,0.100982666
2024-11-10 05:00:00,0.08352661
2024-11-10 06:00:00,0.13293457
2024-11-10 07:00:00,0.21270752
2024-11-10 08:00:00,0.43875122
2024-11-10 09:00:00,0.83380127
2024-11-10 10:00:00,1.2882385
2024-11-10 11:00:00,1.4696655
2024-11-10 12:00:00,1.4664001
2024-11-10 13:00:00,1.3694763
2024-11-10 14:00:00,1.3470764
2024-11-10 15:00:00,1.2654419
2024-11-10 16:00:00,1.2936707
2024-11-10 17:00:00,1.3774719
2024-11-10 18:00:00,1.4369202
2024-11-10 19:00:00,1.4793396
2024-11-10 20:00:00,1.5198059
2024-11-10 21:00:00,1.50354
2024-11-10 22:00:00,1.8874817
2024-11-10 23:00:00,1.8418884
2024-11-11 00:00:00,1.6786804
2024-11-11 01:00:00,1.4958801
2024-11-11 02:00:00,1.3412476
2024-11-11 03:00:00,1.1805115
2024-11-11 04:00:00,1.0746155
2024-11-11 05:00:00,1.0038147
2024-11-11 06:00:00,0.90411377
2024-11-11 07:00:00,0.7097168
2024-11-11 08:00:00,0.43344116
2024-11-11 09:00:00,0.31924438
2024-11-11 10:00:00,0.13180542
2024-11-11 11:00:00,0.15924072
2024-11-11 12:00:00,0.10568237
2024-11-11 13:00:00,0.13290405
2024-11-11 14:00:00,0.05496216
2024-11-11 15:00:00,0.0057373047
2024-11-11 16:00:00,0.07739258
2024-11-11 17:00:00,-0.106536865
2024-11-11 18:00:00,-0.34851074
2024-11-11 19:00:00,-0.5057678
2024-11-11 20:00:00,-0.59176636
2024-11-11 21:00:00,-0.48709106
2024-11-11 22:00:00,-0.6996155
2024-11-11 23:00:00,-0.6029663
2024-11-12 00:00:00,-0.77822876
2024-11-12 01:00:00,-1.0640259
2024-11-12 02:00:00,-1.0347595
2024-11-12 03:00:00,-0.69470215
2024-11-12 04:00:00,-0.26278687
2024-11-12 05:00:00,0.5812683
2024-11-12 06:00:00,1.3504944
2024-11-12 07:00:00,1.9726868
2024-11-12 08:00:00,2.5970764
2024-11-12 09:00:00,2.9973145
2024-11-12 10:00:00,3.0837097
2024-11-12 11:00:00,2.7692566
2024-11-12 12:00:00,2.5386047
2024-11-12 13:00:00,2.3130798
2024-11-12 14:00:00,2.1994324
2024-11-12 15:00:00,2.0960693
2024-11-12 16:00:00,2.0611572
2024-11-12 17:00:00,2.0475159
2024-11-12 18:00:00,2.094574
2024-11-12 19:00:00,2.150177
2024-11-12 20:00:00,2.2743225
2024-11-12 21:00:00,2.4766235
2024-11-12 22:00:00,2.4268188
2024-11-12 23:00:00,2.6550293
2024-11-13 00:00:00,2.9653015
2024-11-13 01:00:00,3.251709
2024-11-13 02:00:00,3.5127563
2024-11-13 03:00:00,3.8093567
2024-11-13 04:00:00,4.0973206
2024-11-13 05:00:00,4.230896
2024-11-13 06:00:00,4.545746
2024-11-13 07:00:00,5.055481
2024-11-13 08:00:00,5.2862854
2024-11-13 09:00:00,5.3868713
2024-11-13 10:00:00,4.438202
2024-11-13 11:00:00,4.722534
2024-11-13 12:00:00,5.4273987
2024-11-13 13:00:00,5.0688477
2024-11-13 14:00:00,3.8712463
2024-11-13 15:00:00,2.6740417
2024-11-13 16:00:00,2.719757
2024-11-13 17:00:00,2.9768982
2024-11-13 18:00:00,2.9916687
2024-11-13 19:00:00,2.740509
2024-11-13 20:00:00,2.7062988
2024-11-13 21:00:00,2.9124146
2024-11-13 22:00:00,3.6943665
2024-11-13 23:00:00,4.808655
2024-11-14 00:00:00,5.9065857
2024-11-14 01:00:00,6.2794495
2024-11-14 02:00:00,6.3623047
2024-11-14 03:00:00,6.6509094
2024-11-14 04:00:00,6.6687927
2024-11-14 05:00:00,6.338867
2024-11-14 06:00:00,5.795471
2024-11-14 07:00:00,5.2031555
2024-11-14 08:00:00,4.6092224
2024-11-14 09:00:00,4.224884
2024-11-14 10:00:00,3.4862976
2024-11-14 11:00:00,3.386078
2024-11-14 12:00:00,3.431305
2024-11-14 13:00:00,3.4341125
2024-11-14 14:00:00,3.4351196
2024-11-14 15:00:00,3.5259705
2024-11-14 16:00:00,3.735138
2024-11-14 17:00:00,3.9787598
2024-11-14 18:00:00,4.2483215
2024-11-14 19:00:00,4.4321594
2024-11-14 20:00:00,4.5491943
2024-11-14 21:00:00,4.841858
2024-11-14 22:00:00,4.582794
2024-11-14 23:00:00,4.9754333
2024-11-15 00:00:00,5.570526
2024-11-15 01:00:00,6.3225403
2024-11-15 02:00:00,6.9371033
2024-11-15 03:00:00,7.4046326
2024-11-15 04:00:00,7.484619
2024-11-15 05:00:00,7.508209
2024-11-15 06:00:00,8.590851
2024-11-15 07:00:00,9.39505
2024-11-15 08:00:00,9.766876
2024-11-15 09:00:00,10.654022
2024-11-15 10:00:00,11.867554
2024-11-15 11:00:00,12.081512
2024-11-15 12:00:00,11.799866
2024-11-15 13:00:00,12.604401
2024-11-15 14:00:00,12.285461
2024-11-15 15:00:00,12.021454
2024-11-15 16:00:00,11.642792
2024-11-15 17:00:00,11.779938
2024-11-15 18:00:00,11.889191
2024-11-15 19:00:00,9.534729
2024-11-15 20:00:00,7.0871277
2024-11-15 21:00:00,6.524353
2024-11-15 22:00:00,7.2218323
2024-11-15 23:00:00,6.914398
2024-11-16 00:00:00,6.6162415
2024-11-16 01:00:00,5.936737
2024-11-16 02:00:00,5.5828247
2024-11-16 03:00:00,5.874359
2024-11-16 04:00:00,6.2295227
2024-11-16 05:00:00,6.4591675
2024-11-16 06:00:00,7.0704956
2024-11-16 07:00:00,7.6943054
2024-11-16 08:00:00,8.098419
2024-11-16 09:00:00,8.302734
2024-11-16 10:00:00,8.398102
2024-11-16 11:00:00,8.020355
2024-11-16 12:00:00,7.490387
2024-11-16 13:00:00,6.8493347
2024-11-16 14:00:00,6.210724
2024-11-16 15:00:00,5.6079407
2024-11-16 16:00:00,5.001129
2024-11-16 17:00:00,4.4244385
2024-11-16 18:00:00,4.0630493
2024-11-16 19:00:00,3.9033508
2024-11-16 20:00:00,3.7895203
2024-11-16 21:00:00,3.6481628
2024-11-16 22:00:00,3.1939087
2024-11-16 23:00:00,3.306305
2024-11-17 00:00:00,3.3480835
2024-11-17 01:00:00,3.3876953
2024-11-17 02:00:00,3.4500122
2024-11-17 03:00:00,3.403839
2024-11-17 04:00:00,3.3188171
2024-11-17 05:00:00,3.21109
2024-11-17 06:00:00,3.1078796
2024-11-17 07:00:00,3.0557556
2024-11-17 08:00:00,3.0241394
2024-11-17 09:00:00,3.196991
2024-11-17 10:00:00,3.9736328
2024-11-17 11:00:00,4.1148376
2024-11-17 12:00:00,4.183075
2024-11-17 13:00:00,4.2499084
2024-11-17 14:00:00,4.288452
2024-11-17 15:00:00,4.1328735
2024-11-17 16:00:00,3.8821106
2024-11-17 17:00:00,3.4483337
2024-11-17 18:00:00,2.9545593
2024-11-17 19:00:00,2.6298218
2024-11-17 20:00:00,2.4510193
2024-11-17 21:00:00,2.2673645
2024-11-17 22:00:00,1.6650085
2024-11-17 23:00:00,1.5473938
2024-11-18 00:00:00,1.4421082
2024-11-18 01:00:00,1.3585815
2024-11-18 02:00:00,1.2635193
2024-11-18 03:00:00,1.1152649
2024-11-18 04:00:00,0.9392395
2024-11-18 05:00:00,0.7452698
2024-11-18 06:00:00,0.540802
2024-11-18 07:00:00,0.36367798
2024-11-18 08:00:00,0.2475586
2024-11-18 09:00:00,0.10531616
2024-11-18 10:00:00,-0.75808716
2024-11-18 11:00:00,-0.8200989
2024-11-18 12:00:00,-0.7845154
2024-11-18 13:00:00,-0.7019348
2024-11-18 14:00:00,-0.6586914
2024-11-18 15:00:00,-0.63256836
2024-11-18 16:00:00,-0.57507324
2024-11-18 17:00:00,-0.5531311
2024-11-18 18:00:00,-0.5446472
2024-11-18 19:00:00,-0.5569763
2024-11-18 20:00:00,-0.65097046
2024-11-18 21:00:00,-0.8038635
2024-11-18 22:00:00,-0.55960083
2024-11-18 23:00:00,-0.6529236
2024-11-19 00:00:00,-0.7012024
2024-11-19 01:00:00,-0.7234497
2024-11-19 02:00:00,-0.74697876
2024-11-19 03:00:00,-0.8377991
2024-11-19 04:00:00,-1.085083
2024-11-19 05:00:00,-1.3659363
2024-11-19 06:00:00,-1.5577698
2024-11-19 07:00:00,-1.6470032
2024-11-19 08:00:00,-1.7082825
2024-11-19 09:00:00,-1.8206482
2024-11-19 10:00:00,-1.3295288
2024-11-19 11:00:00,-1.3905945
2024-11-19 12:00:00,-1.3030396
2024-11-19 13:00:00,-1.1307068
2024-11-19 14:00:00,-0.980072
2024-11-19 15:00:00,-0.95144653
2024-11-19 16:00:00,-0.9976196
2024-11-19 17:00:00,-0.94644165
2024-11-19 18:00:00,-0.9572754
2024-11-19 19:00:00,-0.8328247
2024-11-19 20:00:00,-0.7536011
2024-11-19 21:00:00,-0.6559143
2024-11-19 22:00:00,-0.52593994
2024-11-19 23:00:00,-0.7314148
2024-11-20 00:00:00,-0.92193604
2024-11-20 01:00:00,-1.0108948
2024-11-20 02:00:00,-1.1369019
2024-11-20 03:00:00,-1.3553772
2024-11-20 04:00:00,-1.6861267
2024-11-20 05:00:00,-1.903717
2024-11-20 06:00:00,-1.9040527
2024-11-20 07:00:00,-1.7858582
2024-11-20 08:00:00,-1.5716858
2024-11-20 09:00:00,-1.2971802
2024-11-20 10:00:00,-1.2910461
2024-11-20 11:00:00,-1.164154
2024-11-20 12:00:00,-1.1930847
2024-11-20 13:00:00,-1.4318542
2024-11-20 14:00:00,-1.5501709
2024-11-20 15:00:00,-1.6142273
2024-11-20 16:00:00,-1.7721252
2024-11-20 17:00:00,-1.9085388
2024-11-20 18:00:00,-1.9507751
2024-11-20 19:00:00,-1.9567566
2024-11-20 20:00:00,-1.9931641
2024-11-20 21:00:00,-2.091217
2024-11-20 22:00:00,-2.0908813
2024-11-20 23:00:00,-2.3895874
2024-11-21 00:00:00,-2.5852356
2024-11-21 01:00:00,-2.776764
2024-11-21 02:00:00,-2.9665222
2024-11-21 03:00:00,-3.2032776
2024-11-21 04:00:00,-3.5852356
2024-11-21 05:00:00,-4.0256653
2024-11-21 06:00:00,-4.49234
2024-11-21 07:00:00,-4.858429
2024-11-21 08:00:00,-5.1213684
2024-11-21 09:00:00,-5.3484497
2024-11-21 10:00:00,-7.207062
2024-11-21 11:00:00,-7.2417297
2024-11-21 12:00:00,-7.14682
2024-11-21 13:00:00,-7.059662
2024-11-21 14:00:00,-6.988312
2024-11-21 15:00:00,-6.9839783
2024-11-21 16:00:00,-6.9924316
2024-11-21 17:00:00,-7.013397
2024-11-21 18:00:00,-7.040436
2024-11-21 19:00:00,-7.092865
2024-11-21 20:00:00,-7.160187
2024-11-21 21:00:00,-7.2555237
2024-11-21 22:00:00,-7.9544983
2024-11-21 23:00:00,-7.996063
2024-11-22 00:00:00,-8.01001
2024-11-22 01:00:00,-8.03186
2024-11-22 02:00:00,-8.049591
2024-11-22 03:00:00,-8.0903015
2024-11-22 04:00:00,-8.141663
2024-11-22 05:00:00,-8.209442
2024-11-22 06:00:00,-8.302826
2024-11-22 07:00:00,-8.362549
2024-11-22 08:00:00,-8.391541
2024-11-22 09:00:00,-8.331787
2024-11-22 10:00:00,-8.159363
2024-11-22 11:00:00,-7.802643
2024-11-22 12:00:00,-7.4170227
2024-11-22 13:00:00,-7.164337
2024-11-22 14:00:00,-6.9755554
2024-11-22 15:00:00,-6.7951965
2024-11-22 16:00:00,-6.601532
2024-11-22 17:00:00,-6.45401
2024-11-22 18:00:00,-6.350952
2024-11-22 19:00:00,-6.236145
2024-11-22 20:00:00,-6.1239014
2024-11-22 21:00:00,-5.889862
2024-11-22 22:00:00,-5.808655
2024-11-22 23:00:00,-5.306244
2024-11-23 00:00:00,-4.780426
2024-11-23 01:00:00,-4.447998
2024-11-23 02:00:00,-4.295532
2024-11-23 03:00:00,-3.914032
2024-11-23 04:00:00,-3.6669922
2024-11-23 05:00:00,-3.8926697
2024-11-23 06:00:00,-3.9966125
2024-11-23 07:00:00,-3.8901367
2024-11-23 08:00:00,-3.749115
2024-11-23 09:00:00,-3.5715027
2024-11-23 10:00:00,-3.7015991
2024-11-23 11:00:00,-3.3009338
2024-11-23 12:00:00,-2.6978455
2024-11-23 13:00:00,-1.9378357
2024-11-23 14:00:00,-1.2216492
2024-11-23 15:00:00,-0.72332764
2024-11-23 16:00:00,-0.71865845
2024-11-23 17:00:00,-0.8253479
2024-11-23 18:00:00,-0.622406
2024-11-23 19:00:00,-0.45077515
2024-11-23 20:00:00,-0.26837158
2024-11-23 21:00:00,-0.22357178
2024-11-23 22:00:00,-0.18347168
2024-11-23 23:00:00,-0.076812744
2024-11-24 00:00:00,0.10891724
2024-11-24 01:00:00,0.1781311
2024-11-24 02:00:00,0.24642944
2024-11-24 03:00:00,0.24838257
2024-11-24 04:00:00,0.12667847
2024-11-24 05:00:00,0.29574585
2024-11-24 06:00:00,0.61505127
2024-11-24 07:00:00,0.7746582
2024-11-24 08:00:00,0.67770386
2024-11-24 09:00:00,0.7201233
2024-11-24 10:00:00,0.6600342
2024-11-24 11:00:00,0.68411255
2024-11-24 12:00:00,0.7219238
2024-11-24 13:00:00,0.7187805
2024-11-24 14:00:00,0.8328552
2024-11-24 15:00:00,0.8000183
2024-11-24 16:00:00,0.82125854
2024-11-24 17:00:00,1.0028992
2024-11-24 18:00:00,1.3866882
2024-11-24 19:00:00,2.252655
2024-11-24 20:00:00,3.5322266
2024-11-24 21:00:00,4.946869
2024-11-24 22:00:00,5.9913025
2024-11-24 23:00:00,6.556549
2024-11-25 00:00:00,7.4609985
2024-11-25 01:00:00,7.957245
2024-11-25 02:00:00,7.669739
2024-11-25 03:00:00,8.140991
2024-11-25 04:00:00,8.370117
2024-11-25 05:00:00,8.533417
2024-11-25 06:00:00,9.099884
2024-11-25 07:00:00,9.429932
2024-11-25 08:00:00,9.652374
2024-11-25 09:00:00,9.75116
2024-11-25 10:00:00,8.962189
2024-11-25 11:00:00,8.710541
2024-11-25 12:00:00,8.699371
2024-11-25 13:00:00,8.372498
2024-11-25 14:00:00,8.269196
2024-11-25 15:00:00,8.432861
2024-11-25 16:00:00,8.444733
2024-11-25 17:00:00,8.427032
2024-11-25 18:00:00,8.322357
2024-11-25 19:00:00,8.24057
2024-11-25 20:00:00,8.325684
2024-11-25 21:00:00,8.264862
2024-11-25 22:00:00,7.578766
2024-11-25 23:00:00,7.6773376
2024-11-26 00:00:00,7.745819
2024-11-26 01:00:00,7.467804
2024-11-26 02:00:00,6.9376526
2024-11-26 03:00:00,6.573639
2024-11-26 04:00:00,6.049774
2024-11-26 05:00:00,5.424469
2024-11-26 06:00:00,4.963043
2024-11-26 07:00:00,4.7580566
2024-11-26 08:00:00,4.7008057
2024-11-26 09:00:00,4.5052185
2024-11-26 10:00:00,4.6436768
2024-11-26 11:00:00,4.4602966
2024-11-26 12:00:00,4.490631
2024-11-26 13:00:00,4.527954
2024-11-26 14:00:00,4.541992
2024-11-26 15:00:00,4.443512
2024-11-26 16:00:00,4.3578796
2024-11-26 17:00:00,4.2324524
2024-11-26 18:00:00,4.016144
2024-11-26 19:00:00,3.6461487
2024-11-26 20:00:00,3.2138062
2024-11-26 21:00:00,3.0091553
2024-11-26 22:00:00,4.106201
2024-11-26 23:00:00,4.281769
2024-11-27 00:00:00,4.1068726
2024-11-27 01:00:00,3.865631
2024-11-27 02:00:00,3.6506042
2024-11-27 03:00:00,3.4647522
2024-11-27 04:00:00,3.405548
2024-11-27 05:00:00,3.426361
2024-11-27 06:00:00,3.4718323
2024-11-27 07:00:00,3.4592896
2024-11-27 08:00:00,3.4317322
2024-11-27 09:00:00,3.330658
2024-11-27 10:00:00,3.2929382
2024-11-27 11:00:00,2.9855347
2024-11-27 12:00:00,2.678009
2024-11-27 13:00:00,2.435089
2024-11-27 14:00:00,2.2034607
2024-11-27 15:00:00,1.8681335
2024-11-27 16:00:00,1.4972534
2024-11-27 17:00:00,1.2167053
2024-11-27 18:00:00,1.0452576
2024-11-27 19:00:00,0.8989563
2024-11-27 20:00:00,0.85665894
2024-11-27 21:00:00,0.9015198
2024-11-27 22:00:00,0.653656
2024-11-27 23:00:00,0.6127014
2024-11-28 00:00:00,0.50613403
2024-11-28 01:00:00,0.3340149
2024-11-28 02:00:00,0.15341187
2024-11-28 03:00:00,0.023590088
2024-11-28 04:00:00,-0.04916382
2024-11-28 05:00:00,0.0013427734
2024-11-28 06:00:00,0.08822632
2024-11-28 07:00:00,0.15145874
2024-11-28 08:00:00,0.15408325
2024-11-28 09:00:00,0.06271362
2024-11-28 10:00:00,-0.6522217
2024-11-28 11:00:00,-0.8034668
2024-11-28 12:00:00,-0.9167175
2024-11-28 13:00:00,-1.0521545
2024-11-28 14:00:00,-1.2263489
2024-11-28 15:00:00,-1.4176941
2024-11-28 16:00:00,-1.6634827
2024-11-28 17:00:00,-1.9163513
2024-11-28 18:00:00,-1.9700623
2024-11-28 19:00:00,-1.5086975
2024-11-28 20:00:00,-1.0064392
2024-11-28 21:00:00,-1.1966248
2024-11-28 22:00:00,-2.0827332
2024-11-28 23:00:00,-1.9197693
2024-11-29 00:00:00,-1.6679688
2024-11-29 01:00:00,-1.8196106
2024-11-29 02:00:00,-1.7050781
2024-11-29 03:00:00,-1.589447
2024-11-29 04:00:00,-1.4970093
2024-11-29 05:00:00,-1.22995
2024-11-29 06:00:00,-1.0500793
2024-11-29 07:00:00,-0.3118286
2024-11-29 08:00:00,-0.19442749
2024-11-29 09:00:00,-0.07397461
2024-11-29 10:00:00,0.2241211
2024-11-29 11:00:00,-0.14160156
2024-11-29 12:00:00,-0.5230408
2024-11-29 13:00:00,-0.5018921
2024-11-29 14:00:00,-0.26834106
2024-11-29 15:00:00,0.11361694
2024-11-29 16:00:00,0.41812134
2024-11-29 17:00:00,0.6177063
2024-11-29 18:00:00,0.81881714
2024-11-29 19:00:00,0.9989319
2024-11-29 20:00:00,1.0942688
2024-11-29 21:00:00,1.1946716
2024-11-29 22:00:00,1.7619324
2024-11-29 23:00:00,2.105133
2024-11-30 00:00:00,2.4950867
2024-11-30 01:00:00,2.752655
2024-11-30 02:00:00,2.9603882
2024-11-30 03:00:00,2.9898987
2024-11-30 04:00:00,2.8795166
2024-11-30 05:00:00,2.6394958
2024-11-30 06:00:00,2.388214
2024-11-30 07:00:00,1.976532
2024-11-30 08:00:00,1.5747681
2024-11-30 09:00:00,1.3920288
2024-11-30 10:00:00,1.6011658
2024-11-30 11:00:00,1.8194275
2024-11-30 12:00:00,1.9065552
2024-11-30 13:00:00,1.4928589
2024-11-30 14:00:00,1.6806641
2024-11-30 15:00:00,1.6226196
2024-11-30 16:00:00,1.2287292
2024-11-30 17:00:00,1.3093262
2024-11-30 18:00:00,1.3559265
2024-11-30 19:00:00,1.5719299
2024-11-30 20:00:00,1.913971
2024-11-30 21:00:00,2.4176025
2024-11-30 22:00:00,2.8416443
2024-11-30 23:00:00,3.0799866
2024-12-01 00:00:00,3.4343567
2024-12-01 01:00:00,3.600006
2024-12-01 02:00:00,3.7388
2024-12-01 03:00:00,3.988556
2024-12-01 04:00:00,4.2481995
2024-12-01 05:00:00,4.1564636
2024-12-01 06:00:00,4.064728
2024-12-01 07:00:00,4.2115784
2024-12-01 08:00:00,4.346161
2024-12-01 09:00:00,4.537506
2024-12-01 10:00:00,4.377411
2024-12-01 11:00:00,4.7059326
2024-12-01 12:00:00,4.842926
2024-12-01 13:00:00,4.795624
2024-12-01 14:00:00,4.6323853
2024-12-01 15:00:00,4.68277
2024-12-01 16:00:00,4.8434753
2024-12-01 17:00:00,5.086212
2024-12-01 18:00:00,5.309784
2024-12-01 19:00:00,5.609955
2024-12-01 20:00:00,6.0606384
2024-12-01 21:00:00,6.436859
2024-12-01 22:00:00,5.8116455
2024-12-01 23:00:00,4.824005
2024-12-02 00:00:00,3.8454285
2024-12-02 01:00:00,3.2748718
2024-12-02 02:00:00,3.4761658
2024-12-02 03:00:00,3.962738
2024-12-02 04:00:00,3.6734314
2024-12-02 05:00:00,2.8910828
2024-12-02 06:00:00,2.3892517
2024-12-02 07:00:00,2.0485535
2024-12-02 08:00:00,1.6625061
2024-12-02 09:00:00,1.4917297
2024-12-02 10:00:00,0.5953064
2024-12-02 11:00:00,1.1186218
2024-12-02 12:00:00,2.217926
2024-12-02 13:00:00,3.044098
2024-12-02 14:00:00,3.5516663
2024-12-02 15:00:00,3.9801025
2024-12-02 16:00:00,4.440216
2024-12-02 17:00:00,4.8256836
2024-12-02 18:00:00,4.9444275
2024-12-02 19:00:00,4.9067383
2024-12-02 20:00:00,4.8208923
2024-12-02 21:00:00,4.549103
2024-12-02 22:00:00,2.7575684
2024-12-02 23:00:00,2.1546326
2024-12-03 00:00:00,0.83114624
2024-12-03 01:00:00,-0.49087524
2024-12-03 02:00:00,-1.8977966
2024-12-03 03:00:00,-2.4995422
2024-12-03 04:00:00,-2.7588196
2024-12-03 05:00:00,-2.8507996
2024-12-03 06:00:00,-3.0106812
2024-12-03 07:00:00,-3.1307678
2024-12-03 08:00:00,-3.1992493
2024-12-03 09:00:00,-3.3819885
2024-12-03 10:00:00,-4.1185303
2024-12-03 11:00:00,-4.473114
2024-12-03 12:00:00,-4.973999
2024-12-03 13:00:00,-5.207367
2024-12-03 14:00:00,-5.142151
2024-12-03 15:00:00,-4.8522034
2024-12-03 16:00:00,-4.4165955
2024-12-03 17:00:00,-4.3401184
2024-12-03 18:00:00,-4.4079895
2024-12-03 19:00:00,-4.450714
2024-12-03 20:00:00,-4.554352
2024-12-03 21:00:00,-4.6046143
2024-12-03 22:00:00,-4.547394
2024-12-03 23:00:00,-4.594574
2024-12-04 00:00:00,-4.627594
2024-12-04 01:00:00,-4.6740723
2024-12-04 02:00:00,-4.747162
2024-12-04 03:00:00,-4.80011
2024-12-04 04:00:00,-4.8303223
2024-12-04 05:00:00,-4.8127747
2024-12-04 06:00:00,-4.7467346
2024-12-04 07:00:00,-4.6081543
2024-12-04 08:00:00,-4.348114
2024-12-04 09:00:00,-3.9656677
2024-12-04 10:00:00,-4.0154114
2024-12-04 11:00:00,-3.8276062
2024-12-04 12:00:00,-3.6483765
2024-12-04 13:00:00,-3.455841
2024-12-04 14:00:00,-3.3700867
2024-12-04 15:00:00,-3.3471375
2024-12-04 16:00:00,-3.4135437
2024-12-04 17:00:00,-3.5227966
2024-12-04 18:00:00,-3.6547852
2024-12-04 19:00:00,-3.8082886
2024-12-04 20:00:00,-3.9666138
2024-12-04 21:00:00,-4.1768494
2024-12-04 22:00:00,-4.544525
2024-12-04 23:00:00,-4.518524
2024-12-05 00:00:00,-4.423218
2024-12-05 01:00:00,-4.3384094
2024-12-05 02:00:00,-4.217102
2024-12-05 03:00:00,-4.110382
2024-12-05 04:00:00,-3.903778
2024-12-05 05:00:00,-3.700348
2024-12-05 06:00:00,-3.414032
2024-12-05 07:00:00,-3.1983948
2024-12-05 08:00:00,-2.9042053
2024-12-05 09:00:00,-2.5139465
2024-12-05 10:00:00,-2.3331604
2024-12-05 11:00:00,-2.1129456
2024-12-05 12:00:00,-1.8716125
2024-12-05 13:00:00,-1.7360535
2024-12-05 14:00:00,-1.7103577
2024-12-05 15:00:00,-1.6835022
2024-12-05 16:00:00,-1.7171631
2024-12-05 17:00:00,-1.9202576
2024-12-05 18:00:00,-2.2063904
2024-12-05 19:00:00,-2.567047
2024-12-05 20:00:00,-2.8487244
2024-12-05 21:00:00,-2.92807
2024-12-05 22:00:00,-2.94812
2024-12-05 23:00:00,-2.3346252
2024-12-06 00:00:00,-1.5816345
2024-12-06 01:00:00,-0.8634949
2024-12-06 02:00:00,-0.25689697
2024-12-06 03:00:00,-0.10531616
2024-12-06 04:00:00,-0.17929077
2024-12-06 05:00:00,-0.08444214
2024-12-06 06:00:00,-0.15768433
2024-12-06 07:00:00,-0.16635132
2024-12-06 08:00:00,-0.1390686
2024-12-06 09:00:00,-0.13757324
2024-12-06 10:00:00,0.22085571
2024-12-06 11:00:00,0.2427063
2024-12-06 12:00:00,0.16525269
2024-12-06 13:00:00,0.031097412
2024-12-06 14:00:00,-0.06500244
2024-12-06 15:00:00,-0.16342163
2024-12-06 16:00:00,-0.30282593
2024-12-06 17:00:00,-0.4386902
2024-12-06 18:00:00,-0.61569214
2024-12-06 19:00:00,-0.69573975
2024-12-06 20:00:00,-0.8918762
2024-12-06 21:00:00,-1.1666565
2024-12-06 22:00:00,-0.90789795
2024-12-06 23:00:00,-1.1429749
2024-12-07 00:00:00,-1.5539856
2024-12-07 01:00:00,-1.5996704
2024-12-07 02:00:00,-1.7302551
2024-12-07 03:00:00,-1.8321838
2024-12-07 04:00:00,-1.8999634
2024-12-07 05:00:00,-1.9690247
2024-12-07 06:00:00,-2.0856628
2024-12-07 07:00:00,-2.1810608
2024-12-07 08:00:00,-2.3301086
2024-12-07 09:00:00,-2.4681702
2024-12-07 10:00:00,-2.1142883
2024-12-07 11:00:00,-2.1219177
2024-12-07 12:00:00,-2.0451355
2024-12-07 13:00:00,-2.0053406
2024-12-07 14:00:00,-1.8717346
2024-12-07 15:00:00,-1.7245483
2024-12-07 16:00:00,-1.6113586
2024-12-07 17:00:00,-1.603363
2024-12-07 18:00:00,-1.6086121
2024-12-07 19:00:00,-1.662262
2024-12-07 20:00:00,-1.7662659
2024-12-07 21:00:00,-1.7672424
2024-12-07 22:00:00,-1.474762
2024-12-07 23:00:00,-1.5734558
2024-12-08 00:00:00,-1.6305237
2024-12-08 01:00:00,-1.6438904
2024-12-08 02:00:00,-1.5818787
2024-12-08 03:00:00,-1.5849304
2024-12-08 04:00:00,-1.5594788
2024-12-08 05:00:00,-1.4625549
2024-12-08 06:00:00,-1.4413757
2024-12-08 07:00:00,-1.3580017
2024-12-08 08:00:00,-1.2875061
2024-12-08 09:00:00,-1.2484436
2024-12-08 10:00:00,-1.0313416
2024-12-08 11:00:00,-0.99853516
2024-12-08 12:00:00,-0.9553528
2024-12-08 13:00:00,-0.94363403
2024-12-08 14:00:00,-0.9165344
2024-12-08 15:00:00,-0.8565979
2024-12-08 16:00:00,-0.85043335
2024-12-08 17:00:00,-1.007843
2024-12-08 18:00:00,-1.1503296
2024-12-08 19:00:00,-1.2451782
2024-12-08 20:00:00,-1.337677
2024-12-08 21:00:00,-1.4796448
2024-12-08 22:00:00,-1.4500732
2024-12-08 23:00:00,-1.2997742
2024-12-09 00:00:00,-1.2824402
2024-12-09 01:00:00,-1.3534241
2024-12-09 02:00:00,-1.8090515
2024-12-09 03:00:00,-2.4136047
2024-12-09 04:00:00,-2.7547913
2024-12-09 05:00:00,-2.7992249
2024-12-09 06:00:00,-2.8128967
2024-12-09 07:00:00,-2.8263245
2024-12-09 08:00:00,-3.0185852
2024-12-09 09:00:00,-3.1636658
2024-12-09 10:00:00,-3.1653137
2024-12-09 11:00:00,-3.2460938
2024-12-09 12:00:00,-3.3105164
2024-12-09 13:00:00,-3.484497
2024-12-09 14:00:00,-3.6184387
2024-12-09 15:00:00,-3.736023
2024-12-09 16:00:00,-3.6687317
2024-12-09 17:00:00,-2.858368
2024-12-09 18:00:00,-2.3156433
2024-12-09 19:00:00,-2.2529602
2024-12-09 20:00:00,-1.0152283
2024-12-09 21:00:00,-0.13912964
2024-12-09 22:00:00,-0.013336182
2024-12-09 23:00:00,0.92471313
2024-12-10 00:00:00,1.8999329
2024-12-10 01:00:00,2.927124
2024-12-10 02:00:00,3.9725037
2024-12-10 03:00:00,4.9140625
2024-12-10 04:00:00,5.9604187
2024-12-10 05:00:00,6.9276733
2024-12-10 06:00:00,7.6354065
2024-12-10 07:00:00,8.229004
2024-12-10 08:00:00,8.793304
2024-12-10 09:00:00,9.155243
2024-12-10 10:00:00,10.021576
2024-12-10 11:00:00,10.307465
2024-12-10 12:00:00,10.508881
2024-12-10 13:00:00,10.534088
2024-12-10 14:00:00,10.232452
2024-12-10 15:00:00,9.696686
2024-12-10 16:00:00,9.130035
2024-12-10 17:00:00,8.585632
2024-12-10 18:00:00,7.7931824
2024-12-10 19:00:00,7.5219116
2024-12-10 20:00:00,7.5171204
2024-12-10 21:00:00,7.1601257
2024-12-10 22:00:00,6.85849
2024-12-10 23:00:00,6.569916
2024-12-11 00:00:00,6.2831726
2024-12-11 01:00:00,5.390106
2024-12-11 02:00:00,4.209259
2024-12-11 03:00:00,3.1412048
2024-12-11 04:00:00,2.289795
2024-12-11 05:00:00,1.4728088
2024-12-11 06:00:00,0.8647156
2024-12-11 07:00:00,0.7066345
2024-12-11 08:00:00,0.69595337
2024-12-11 09:00:00,0.8303528
2024-12-11 10:00:00,1.0133362
2024-12-11 11:00:00,0.95077515
2024-12-11 12:00:00,0.811615
2024-12-11 13:00:00,0.6163635
2024-12-11 14:00:00,0.277771
2024-12-11 15:00:00,-0.19799805
2024-12-11 16:00:00,-0.7615051
2024-12-11 17:00:00,-1.3266907
2024-12-11 18:00:00,-1.8587952
2024-12-11 19:00:00,-2.2815857
2024-12-11 20:00:00,-2.5033264
2024-12-11 21:00:00,-2.597107
2024-12-11 22:00:00,-3.32547
2024-12-11 23:00:00,-3.4646301
2024-12-12 00:00:00,-3.5552673
2024-12-12 01:00:00,-3.5183716
2024-12-12 02:00:00,-3.4690552
2024-12-12 03:00:00,-3.4846497
2024-12-12 04:00:00,-3.4531555
2024-12-12 05:00:00,-3.4623108
2024-12-12 06:00:00,-3.5294495
2024-12-12 07:00:00,-3.5379333
2024-12-12 08:00:00,-3.4575806
2024-12-12 09:00:00,-3.688568
2024-12-12 10:00:00,-3.906372
2024-12-12 11:00:00,-4.2377014
2024-12-12 12:00:00,-4.5211487
2024-12-12 13:00:00,-4.734009
2024-12-12 14:00:00,-4.8387756
2024-12-12 15:00:00,-4.9592896
2024-12-12 16:00:00,-5.092407
2024-12-12 17:00:00,-5.2287292
2024-12-12 18:00:00,-5.3505554
2024-12-12 19:00:00,-5.445648
2024-12-12 20:00:00,-5.5175476
2024-12-12 21:00:00,-5.5622253
2024-12-12 22:00:00,-5.7309265
2024-12-12 23:00:00,-5.7237244
2024-12-13 00:00:00,-5.6717224
2024-12-13 01:00:00,-5.566101
2024-12-13 02:00:00,-5.390442
2024-12-13 03:00:00,-5.2200623
2024-12-13 04:00:00,-5.0102234
2024-12-13 05:00:00,-4.6666565
2024-12-13 06:00:00,-4.184021
2024-12-13 07:00:00,-3.6681213
2024-12-13 08:00:00,-3.0639954
2024-12-13 09:00:00,-2.476593
2024-12-13 10:00:00,-2.1102295
2024-12-13 11:00:00,-1.8404236
2024-12-13 12:00:00,-1.9528809
2024-12-13 13:00:00,-2.1523743
2024-12-13 14:00:00,-1.8486023
2024-12-13 15:00:00,-1.4265747
2024-12-13 16:00:00,-0.9675598
2024-12-13 17:00:00,-0.6038208
2024-12-13 18:00:00,-0.4003601
2024-12-13 19:00:00,-0.10543823
2024-12-13 20:00:00,0.216156
2024-12-13 21:00:00,0.47299194
2024-12-13 22:00:00,0.82510376
2024-12-13 23:00:00,1.1395874
2024-12-14 00:00:00,1.1486511
2024-12-14 01:00:00,1.0128174
2024-12-14 02:00:00,0.82748413
2024-12-14 03:00:00,0.58547974
2024-12-14 04:00:00,0.19146729
2024-12-14 05:00:00,-0.35861206
2024-12-14 06:00:00,-0.95584106
2024-12-14 07:00:00,-1.3195496
2024-12-14 08:00:00,-1.3947449
2024-12-14 09:00:00,-1.3627319
2024-12-14 10:00:00,-1.1164856
2024-12-14 11:00:00,-0.9364624
2024-12-14 12:00:00,-0.48739624
2024-12-14 13:00:00,-0.07495117
2024-12-14 14:00:00,0.37060547
2024-12-14 15:00:00,0.3611145
2024-12-14 16:00:00,-0.18496704
2024-12-14 17:00:00,-0.6845398
2024-12-14 18:00:00,-0.636261
2024-12-14 19:00:00,-0.7637024
2024-12-14 20:00:00,-1.1287537
2024-12-14 21:00:00,-1.5135193
2024-12-14 22:00:00,-1.2494202
2024-12-14 23:00:00,-1.4248352
2024-12-15 00:00:00,-1.7132874
2024-12-15 01:00:00,-2.3302307
2024-12-15 02:00:00,-3.2521973
2024-12-15 03:00:00,-4.018158
2024-12-15 04:00:00,-4.342407
2024-12-15 05:00:00,-4.485199
2024-12-15 06:00:00,-4.5419006
2024-12-15 07:00:00,-4.546173
2024-12-15 08:00:00,-4.629669
2024-12-15 09:00:00,-4.817047
2024-12-15 10:00:00,-5.4714966
2024-12-15 11:00:00,-5.540863
2024-12-15 12:00:00,-5.674225
2024-12-15 13:00:00,-5.106598
2024-12-15 14:00:00,-3.6578674
2024-12-15 15:00:00,-3.243164
2024-12-15 16:00:00,-2.453827
2024-12-15 17:00:00,-1.9974976
2024-12-15 18:00:00,-1.6529846
2024-12-15 19:00:00,-0.8468933
2024-12-15 20:00:00,0.1449585
2024-12-15 21:00:00,1.3673401
2024-12-15 22:00:00,1.488739
2024-12-15 23:00:00,3.9111328
2024-12-16 00:00:00,5.419586
2024-12-16 01:00:00,6.0852966
2024-12-16 02:00:00,6.0402527
2024-12-16 03:00:00,5.0116577
2024-12-16 04:00:00,3.5168762
2024-12-16 05:00:00,2.6880188
2024-12-16 06:00:00,2.3657532
2024-12-16 07:00:00,2.4118042
2024-12-16 08:00:00,2.518036
2024-12-16 09:00:00,2.4190369
2024-12-16 10:00:00,1.2743835
2024-12-16 11:00:00,1.320221
2024-12-16 12:00:00,1.4770203
2024-12-16 13:00:00,1.6430359
2024-12-16 14:00:00,1.6283569
2024-12-16 15:00:00,1.4101868
2024-12-16 16:00:00,1.3093262
2024-12-16 17:00:00,1.4848633
2024-12-16 18:00:00,1.7055969
2024-12-16 19:00:00,1.8146667
2024-12-16 20:00:00,1.7421265
2024-12-16 21:00:00,1.585022
2024-12-16 22:00:00,0.95217896
2024-12-16 23:00:00,1.0856934
2024-12-17 00:00:00,1.3885193
2024-12-17 01:00:00,1.2380981
2024-12-17 02:00:00,0.92315674
2024-12-17 03:00:00,0.72994995
2024-12-17 04:00:00,0.6333008
2024-12-17 05:00:00,0.53619385
2024-12-17 06:00:00,0.5232849
2024-12-17 07:00:00,0.5746155
2024-12-17 08:00:00,0.6046448
2024-12-17 09:00:00,0.47531128
2024-12-17 10:00:00,-0.001953125
2024-12-17 11:00:00,-0.12045288
2024-12-17 12:00:00,-0.1581726
2024-12-17 13:00:00,-0.13638306
2024-12-17 14:00:00,-0.12905884
2024-12-17 15:00:00,-0.11239624
2024-12-17 16:00:00,-0.17984009
2024-12-17 17:00:00,-0.13699341
2024-12-17 18:00:00,-0.013793945
2024-12-17 19:00:00,0.06460571
2024-12-17 20:00:00,0.11721802
2024-12-17 21:00:00,0.12918091
2024-12-17 22:00:00,0.2001648
2024-12-17 23:00:00,0.27633667
2024-12-18 00:00:00,0.37600708
2024-12-18 01:00:00,0.4803772
2024-12-18 02:00:00,0.5953064
2024-12-18 03:00:00,0.6930847
2024-12-18 04:00:00,0.8552551
2024-12-18 05:00:00,1.0413208
2024-12-18 06:00:00,0.9454651
2024-12-18 07:00:00,1.0255432
2024-12-18 08:00:00,0.96658325
2024-12-18 09:00:00,0.71884155
2024-12-18 10:00:00,1.311676
2024-12-18 11:00:00,0.82369995
2024-12-18 12:00:00,0.8213196
2024-12-18 13:00:00,1.4339905
2024-12-18 14:00:00,2.3920898
2024-12-18 15:00:00,2.808197
2024-12-18 16:00:00,2.8084412
2024-12-18 17:00:00,2.753601
2024-12-18 18:00:00,2.698059
2024-12-18 19:00:00,3.0079346
2024-12-18 20:00:00,3.358429
2024-12-18 21:00:00,3.8731384
2024-12-18 22:00:00,3.9172668
2024-12-18 23:00:00,4.511627
2024-12-19 00:00:00,5.169403
2024-12-19 01:00:00,5.703125
2024-12-19 02:00:00,5.8034973
2024-12-19 03:00:00,5.4147644
2024-12-19 04:00:00,4.961151
2024-12-19 05:00:00,4.629486
2024-12-19 06:00:00,4.3056335
2024-12-19 07:00:00,3.959137
2024-12-19 08:00:00,3.7697144
2024-12-19 09:00:00,3.5054626
2024-12-19 10:00:00,4.387451
2024-12-19 11:00:00,4.323303
2024-12-19 12:00:00,4.3242493
2024-12-19 13:00:00,4.317108
2024-12-19 14:00:00,4.262512
2024-12-19 15:00:00,3.9861145
2024-12-19 16:00:00,3.7262268
2024-12-19 17:00:00,3.5639954
2024-12-19 18:00:00,3.3163757
2024-12-19 19:00:00,2.9493713
2024-12-19 20:00:00,2.4058838
2024-12-19 21:00:00,1.9595642
2024-12-19 22:00:00,2.1306458
2024-12-19 23:00:00,2.1075134
2024-12-20 00:00:00,1.948761
2024-12-20 01:00:00,1.672821
2024-12-20 02:00:00,1.2159424
2024-12-20 03:00:00,0.74694824
2024-12-20 04:00:00,0.60528564
2024-12-20 05:00:00,0.43795776
2024-12-20 06:00:00,-0.1643982
2024-12-20 07:00:00,-1.0361023
2024-12-20 08:00:00,-1.6595154
2024-12-20 09:00:00,-1.8946838
2024-12-20 10:00:00,-1.6486511
2024-12-20 11:00:00,-2.2384033
2024-12-20 12:00:00,-2.9720154
2024-12-20 13:00:00,-3.3958435
2024-12-20 14:00:00,-3.1575623
2024-12-20 15:00:00,-2.2927551
2024-12-20 16:00:00,-1.8290405
2024-12-20 17:00:00,-1.8509216
2024-12-20 18:00:00,-1.9496765
2024-12-20 19:00:00,-2.05307
2024-12-20 20:00:00,-2.1401978
2024-12-20 21:00:00,-2.1787415
2024-12-20 22:00:00,-2.1490173
2024-12-20 23:00:00,-1.7489319
2024-12-21 00:00:00,-1.2546387
2024-12-21 01:00:00,-0.5510254
2024-12-21 02:00:00,-0.21435547
2024-12-21 03:00:00,-0.52578735
2024-12-21 04:00:00,-0.7284546
2024-12-21 05:00:00,-1.2210999
2024-12-21 06:00:00,-1.014801
2024-12-21 07:00:00,-0.47161865
2024-12-21 08:00:00,-0.14364624
2024-12-21 09:00:00,0.4142151
2024-12-21 10:00:00,0.8055115
2024-12-21 11:00:00,0.77685547
2024-12-21 12:00:00,0.4941101
2024-12-21 13:00:00,0.26342773
2024-12-21 14:00:00,0.38409424
2024-12-21 15:00:00,0.8867798
2024-12-21 16:00:00,1.6902161
2024-12-21 17:00:00,2.27536
2024-12-21 18:00:00,2.5033264
2024-12-21 19:00:00,2.5075378
2024-12-21 20:00:00,2.501068
2024-12-21 21:00:00,2.498932
2024-12-21 22:00:00,3.0575562
2024-12-21 23:00:00,3.012909
2024-12-22 00:00:00,2.954834
2024-12-22 01:00:00,2.7254028
2024-12-22 02:00:00,2.6175537
2024-12-22 03:00:00,2.7956848
2024-12-22 04:00:00,3.0656433
2024-12-22 05:00:00,3.216217
2024-12-22 06:00:00,3.1891785
2024-12-22 07:00:00,3.0056458
2024-12-22 08:00:00,2.7961426
2024-12-22 09:00:00,2.6147156
2024-12-22 10:00:00,3.283661
2024-12-22 11:00:00,3.3381042
2024-12-22 12:00:00,3.3579102
2024-12-22 13:00:00,3.2903137
2024-12-22 14:00:00,3.2200012
2024-12-22 15:00:00,3.153656
2024-12-22 16:00:00,3.0255432
2024-12-22 17:00:00,2.9655457
2024-12-22 18:00:00,2.8243103
2024-12-22 19:00:00,2.5463257
2024-12-22 20:00:00,2.1374512
2024-12-22 21:00:00,1.6048584
2024-12-22 22:00:00,2.910797
2024-12-22 23:00:00,2.525055
2024-12-23 00:00:00,2.1557312
2024-12-23 01:00:00,1.7707214
2024-12-23 02:00:00,1.5241394
2024-12-23 03:00:00,1.3693848
2024-12-23 04:00:00,1.2358704
2024-12-23 05:00:00,1.0065002
2024-12-23 06:00:00,0.7865906
2024-12-23 07:00:00,0.56954956
2024-12-23 08:00:00,0.37112427
2024-12-23 09:00:00,0.19161987
2024-12-23 10:00:00,1.5189514
2024-12-23 11:00:00,1.4113464
2024-12-23 12:00:00,1.3422241
2024-12-23 13:00:00,1.2307434
2024-12-23 14:00:00,1.1300964
2024-12-23 15:00:00,1.0525208
2024-12-23 16:00:00,1.0166931
2024-12-23 17:00:00,0.9096985
2024-12-23 18:00:00,0.8534851
2024-12-23 19:00:00,0.78500366
2024-12-23 20:00:00,0.74261475
2024-12-23 21:00:00,0.7018738
2024-12-23 22:00:00,0.809845
2024-12-23 23:00:00,0.708374
2024-12-24 00:00:00,0.6145325
2024-12-24 01:00:00,0.4753723
2024-12-24 02:00:00,0.36697388
2024-12-24 03:00:00,0.23272705
2024-12-24 04:00:00,0.069122314
2024-12-24 05:00:00,-0.023529053
2024-12-24 06:00:00,-0.044891357
2024-12-24 07:00:00,-0.067230225
2024-12-24 08:00:00,-0.08529663
2024-12-24 09:00:00,-0.13543701
2024-12-24 10:00:00,-0.9524231
2024-12-24 11:00:00,-1.3288574
2024-12-24 12:00:00,-2.175171
2024-12-24 13:00:00,-3.0137634
2024-12-24 14:00:00,-3.5297241
2024-12-24 15:00:00,-1.8733826
2024-12-24 16:00:00,-0.003479004
2024-12-24 17:00:00,0.047912598
2024-12-24 18:00:00,0.15890503
2024-12-24 19:00:00,0.20394897
2024-12-24 20:00:00,0.4845276
2024-12-24 21:00:00,0.8201599
2024-12-24 22:00:00,1.1017151
2024-12-24 23:00:00,1.2571106
2024-12-25 00:00:00,1.4792786
2024-12-25 01:00:00,1.9087219
2024-12-25 02:00:00,2.349121
2024-12-25 03:00:00,2.8124695
2024-12-25 04:00:00,3.2870178
2024-12-25 05:00:00,3.5892334
2024-12-25 06:00:00,3.8854065
2024-12-25 07:00:00,4.1789246
2024-12-25 08:00:00,4.4820557
2024-12-25 09:00:00,4.8784485
2024-12-25 10:00:00,5.6540527
2024-12-25 11:00:00,6.239624
2024-12-25 12:00:00,8.209991
2024-12-25 13:00:00,10.150879
2024-12-25 14:00:00,11.185028
2024-12-25 15:00:00,12.492004
2024-12-25 16:00:00,12.917969
2024-12-25 17:00:00,12.472626
2024-12-25 18:00:00,11.979614
2024-12-25 19:00:00,11.319122
2024-12-25 20:00:00,10.32547
2024-12-25 21:00:00,7.6277466
2024-12-25 22:00:00,7.640259
2024-12-25 23:00:00,6.708313
2024-12-26 00:00:00,6.6106873
2024-12-26 01:00:00,6.434906
2024-12-26 02:00:00,6.1039124
2024-12-26 03:00:00,6.367035
2024-12-26 04:00:00,6.325226
2024-12-26 05:00:00,6.5508423
2024-12-26 06:00:00,8.693878
2024-12-26 07:00:00,10.592133
2024-12-26 08:00:00,12.265411
2024-12-26 09:00:00,12.129211
2024-12-26 10:00:00,12.651581
2024-12-26 11:00:00,12.568268
2024-12-26 12:00:00,12.127167
2024-12-26 13:00:00,11.519409
2024-12-26 14:00:00,10.439758
2024-12-26 15:00:00,9.091888
2024-12-26 16:00:00,8.07663
2024-12-26 17:00:00,7.0641174
2024-12-26 18:00:00,6.311096
2024-12-26 19:00:00,6.046417
2024-12-26 20:00:00,5.90329
2024-12-26 21:00:00,5.6449585
2024-12-26 22:00:00,5.2851562
2024-12-26 23:00:00,5.315155
2024-12-27 00:00:00,5.139923
2024-12-27 01:00:00,5.1908875
2024-12-27 02:00:00,4.595581
2024-12-27 03:00:00,3.997528
2024-12-27 04:00:00,3.627472
2024-12-27 05:00:00,4.435211
2024-12-27 06:00:00,4.803528
2024-12-27 07:00:00,4.8519287
2024-12-27 08:00:00,4.9604187
2024-12-27 09:00:00,4.837738
2024-12-27 10:00:00,5.454071
2024-12-27 11:00:00,5.4306335
2024-12-27 12:00:00,5.4496765
2024-12-27 13:00:00,5.4328613
2024-12-27 14:00:00,5.5835876
2024-12-27 15:00:00,5.6790466
2024-12-27 16:00:00,5.493622
2024-12-27 17:00:00,5.20636
2024-12-27 18:00:00,5.1520386
2024-12-27 19:00:00,4.5078125
2024-12-27 20:00:00,4.1739807
2024-12-27 21:00:00,3.921936
2024-12-27 22:00:00,4.1148987
2024-12-27 23:00:00,4.2170105
2024-12-28 00:00:00,4.400055
2024-12-28 01:00:00,4.407013
2024-12-28 02:00:00,3.862152
2024-12-28 03:00:00,3.469818
2024-12-28 04:00:00,3.0956726
2024-12-28 05:00:00,2.7476501
2024-12-28 06:00:00,2.519165
2024-12-28 07:00:00,2.2008972
2024-12-28 08:00:00,1.6198425
2024-12-28 09:00:00,1.0532837
2024-12-28 10:00:00,2.081543
2024-12-28 11:00:00,1.9360046
2024-12-28 12:00:00,1.9762878
2024-12-28 13:00:00,1.9498596
2024-12-28 14:00:00,1.9630432
2024-12-28 15:00:00,1.8634949
2024-12-28 16:00:00,1.730072
2024-12-28 17:00:00,1.6690369
2024-12-28 18:00:00,1.7807922
2024-12-28 19:00:00,1.9881897
2024-12-28 20:00:00,1.8801575
2024-12-28 21:00:00,1.72995
2024-12-28 22:00:00,2.7905884
2024-12-28 23:00:00,2.7377014
2024-12-29 00:00:00,2.4423828
2024-12-29 01:00:00,2.2007751
2024-12-29 02:00:00,2.1148376
2024-12-29 03:00:00,1.8254089
2024-12-29 04:00:00,1.6440125
2024-12-29 05:00:00,1.6886292
2024-12-29 06:00:00,1.8247375
2024-12-29 07:00:00,2.0175476
2024-12-29 08:00:00,2.2118835
2024-12-29 09:00:00,2.4709778
2024-12-29 10:00:00,2.5708923
2024-12-29 11:00:00,3.4878235
2024-12-29 12:00:00,3.8755798
2024-12-29 13:00:00,3.993744
2024-12-29 14:00:00,3.9352722
2024-12-29 15:00:00,3.8665466
2024-12-29 16:00:00,4.015747
2024-12-29 17:00:00,4.1601257
2024-12-29 18:00:00,3.8493347
2024-12-29 19:00:00,3.5804138
2024-12-29 20:00:00,3.7996216
2024-12-29 21:00:00,4.0989685
2024-12-29 22:00:00,3.9396973
2024-12-29 23:00:00,3.736847
2024-12-30 00:00:00,3.9582825
2024-12-30 01:00:00,3.7408142
2024-12-30 02:00:00,3.263214
2024-12-30 03:00:00,3.0413818
2024-12-30 04:00:00,2.356964
2024-12-30 05:00:00,1.9446106
2024-12-30 06:00:00,1.6470032
2024-12-30 07:00:00,1.2453308
2024-12-30 08:00:00,0.67926025
2024-12-30 09:00:00,0.2171936
2024-12-30 10:00:00,-0.99645996
2024-12-30 11:00:00,-0.944458
2024-12-30 12:00:00,-0.8120117
2024-12-30 13:00:00,-0.7576599
2024-12-30 14:00:00,-0.63772583
2024-12-30 15:00:00,-0.7897339
2024-12-30 16:00:00,-1.4006653
2024-12-30 17:00:00,-1.5600586
2024-12-30 18:00:00,-1.6151428
2024-12-30 19:00:00,-2.0552368
2024-12-30 20:00:00,-2.5541992
2024-12-30 21:00:00,-2.8233948
2024-12-30 22:00:00,-2.8390808
2024-12-30 23:00:00,-2.6660461
2024-12-31 00:00:00,-2.4131775
2024-12-31 01:00:00,-2.3009949
2024-12-31 02:00:00,-2.3082275
2024-12-31 03:00:00,-2.5877686
2024-12-31 04:00:00,-3.1016235
2024-12-31 05:00:00,-3.4147644
2024-12-31 06:00:00,-3.505951
2024-12-31 07:00:00,-3.519806
2024-12-31 08:00:00,-3.8050537
2024-12-31 09:00:00,-4.5362244
2024-12-31 10:00:00,-5.4111023
2024-12-31 11:00:00,-5.443939
2024-12-31 12:00:00,-5.3476257
2024-12-31 13:00:00,-5.2376404
2024-12-31 14:00:00,-5.036499
2024-12-31 15:00:00,-4.839081
2024-12-31 16:00:00,-4.6838074
2024-12-31 17:00:00,-4.5140686
2024-12-31 18:00:00,-4.4929504
2024-12-31 19:00:00,-4.754059
2024-12-31 20:00:00,-5.056732
2024-12-31 21:00:00,-4.94928
2024-12-31 22:00:00,-4.8961487
2024-12-31 23:00:00,-3.9845276
2025-01-01 00:00:00,-2.461975
2025-01-01 01:00:00,-0.7668762
2025-01-01 02:00:00,0.3209839
2025-01-01 03:00:00,0.85839844
2025-01-01 04:00:00,0.94885254
2025-01-01 05:00:00,0.7588806
2025-01-01 06:00:00,0.37020874
2025-01-01 07:00:00,-0.1453247
2025-01-01 08:00:00,-0.6640625
2025-01-01 09:00:00,-1.160675
2025-01-01 10:00:00,-1.8280945
2025-01-01 11:00:00,-2.3650818
2025-01-01 12:00:00,-2.8275146
2025-01-01 13:00:00,-3.0828552
2025-01-01 14:00:00,-3.204712
2025-01-01 15:00:00,-3.2418213
2025-01-01 16:00:00,-3.388092
2025-01-01 17:00:00,-3.6387024
2025-01-01 18:00:00,-3.9179382
2025-01-01 19:00:00,-4.176758
2025-01-01 20:00:00,-4.4862976
2025-01-01 21:00:00,-5.0000305
2025-01-01 22:00:00,-4.9111023
2025-01-01 23:00:00,-5.737671
2025-01-02 00:00:00,-6.4733887
2025-01-02 01:00:00,-6.852478
2025-01-02 02:00:00,-7.0541077
2025-01-02 03:00:00,-7.3526306
2025-01-02 04:00:00,-7.329773
2025-01-02 05:00:00,-7.0343323
2025-01-02 06:00:00,-6.7068787
2025-01-02 07:00:00,-6.118866
2025-01-02 08:00:00,-5.2101746
2025-01-02 09:00:00,-4.123993
2025-01-02 10:00:00,-3.3678284
2025-01-02 11:00:00,-3.0343323
2025-01-02 12:00:00,-4.0258484
2025-01-02 13:00:00,-5.5076294
2025-01-02 14:00:00,-6.233185
2025-01-02 15:00:00,-6.4807434
2025-01-02 16:00:00,-6.545868
2025-01-02 17:00:00,-6.598877
2025-01-02 18:00:00,-6.4408264
2025-01-02 19:00:00,-6.5627747
2025-01-02 20:00:00,-6.769623
2025-01-02 21:00:00,-6.7850037
2025-01-02 22:00:00,-6.0620117
2025-01-02 23:00:00,-5.959015
2025-01-03 00:00:00,-5.9552917
2025-01-03 01:00:00,-5.8693542
2025-01-03 02:00:00,-5.7201843
2025-01-03 03:00:00,-5.8105774
2025-01-03 04:00:00,-6.5651855
2025-01-03 05:00:00,-7.642395
2025-01-03 06:00:00,-7.7409973
2025-01-03 07:00:00,-7.0621033
2025-01-03 08:00:00,-6.4394836
2025-01-03 09:00:00,-5.9741516
2025-01-03 10:00:00,-6.107605
2025-01-03 11:00:00,-6.047821
2025-01-03 12:00:00,-6.017578
2025-01-03 13:00:00,-6.020233
2025-01-03 14:00:00,-6.345398
2025-01-03 15:00:00,-6.7572327
2025-01-03 16:00:00,-6.8055115
2025-01-03 17:00:00,-7.129303
2025-01-03 18:00:00,-7.7872314
2025-01-03 19:00:00,-7.939392
2025-01-03 20:00:00,-7.4557495
2025-01-03 21:00:00,-7.0729065
2025-01-03 22:00:00,-6.351715
2025-01-03 23:00:00,-5.599518
2025-01-04 00:00:00,-4.78537
2025-01-04 01:00:00,-3.952179
2025-01-04 02:00:00,-3.476654
2025-01-04 03:00:00,-4.736389
2025-01-04 04:00:00,-4.3736877
2025-01-04 05:00:00,-4.920044
2025-01-04 06:00:00,-5.248993
2025-01-04 07:00:00,-5.201996
2025-01-04 08:00:00,-5.0587463
2025-01-04 09:00:00,-5.1566772
2025-01-04 10:00:00,-5.2345276
2025-01-04 11:00:00,-4.7622375
2025-01-04 12:00:00,-4.285187
2025-01-04 13:00:00,-4.063019
2025-01-04 14:00:00,-4.0076294
2025-01-04 15:00:00,-4.0158997
2025-01-04 16:00:00,-3.8426208
2025-01-04 17:00:00,-3.8136292
2025-01-04 18:00:00,-3.9960632
2025-01-04 19:00:00,-4.142761
2025-01-04 20:00:00,-4.003937
2025-01-04 21:00:00,-3.7462463
2025-01-04 22:00:00,-3.316681
2025-01-04 23:00:00,-3.3422546
2025-01-05 00:00:00,-3.4051208
2025-01-05 01:00:00,-3.407959
2025-01-05 02:00:00,-3.4036255
2025-01-05 03:00:00,-3.405426
2025-01-05 04:00:00,-3.446045
2025-01-05 05:00:00,-3.4404602
2025-01-05 06:00:00,-3.4497375
2025-01-05 07:00:00,-3.4496155
2025-01-05 08:00:00,-3.360443
2025-01-05 09:00:00,-3.2147522
2025-01-05 10:00:00,-2.820221
2025-01-05 11:00:00,-2.7319946
2025-01-05 12:00:00,-2.653778
2025-01-05 13:00:00,-2.493866
2025-01-05 14:00:00,-2.4219055
2025-01-05 15:00:00,-2.4325256
2025-01-05 16:00:00,-2.4380188
2025-01-05 17:00:00,-2.5013123
2025-01-05 18:00:00,-2.6175842
2025-01-05 19:00:00,-2.7499695
2025-01-05 20:00:00,-2.912262
2025-01-05 21:00:00,-3.1042175
2025-01-05 22:00:00,-3.079132
2025-01-05 23:00:00,-3.1418152
2025-01-06 00:00:00,-3.1785278
2025-01-06 01:00:00,-3.1925354
2025-01-06 02:00:00,-3.1893005
2025-01-06 03:00:00,-3.1040955
2025-01-06 04:00:00,-2.8804016
2025-01-06 05:00:00,-2.4397278
2025-01-06 06:00:00,-1.9473572
2025-01-06 07:00:00,-1.6706848
2025-01-06 08:00:00,-1.7461853
2025-01-06 09:00:00,-2.1678467
2025-01-06 10:00:00,-1.8652649
2025-01-06 11:00:00,-2.028839
2025-01-06 12:00:00,-2.083252
2025-01-06 13:00:00,-2.0838928
2025-01-06 14:00:00,-2.1406555
2025-01-06 15:00:00,-2.251892
2025-01-06 16:00:00,-2.2008057
2025-01-06 17:00:00,-2.1643372
2025-01-06 18:00:00,-2.075714
2025-01-06 19:00:00,-2.0518188
2025-01-06 20:00:00,-2.1131287
2025-01-06 21:00:00,-2.2065735
2025-01-06 22:00:00,-2.2373352
2025-01-06 23:00:00,-2.0783386
2025-01-07 00:00:00,-1.9481506
2025-01-07 01:00:00,-1.662262
2025-01-07 02:00:00,-1.0093689
2025-01-07 03:00:00,0.27633667
2025-01-07 04:00:00,1.8375549
2025-01-07 05:00:00,2.4771118
2025-01-07 06:00:00,2.426361
2025-01-07 07:00:00,2.0638733
2025-01-07 08:00:00,1.751709
2025-01-07 09:00:00,1.6309509
2025-01-07 10:00:00,1.6383972
2025-01-07 11:00:00,2.014862
2025-01-07 12:00:00,2.3337708
2025-01-07 13:00:00,2.3927002
2025-01-07 14:00:00,2.3817444
2025-01-07 15:00:00,2.2876892
2025-01-07 16:00:00,2.2254944
2025-01-07 17:00:00,2.1097107
2025-01-07 18:00:00,1.9062195
2025-01-07 19:00:00,1.6791687
2025-01-07 20:00:00,1.4697571
2025-01-07 21:00:00,1.2345886
2025-01-07 22:00:00,1.8426208
2025-01-07 23:00:00,1.5489197
2025-01-08 00:00:00,1.3545837
2025-01-08 01:00:00,1.175354
2025-01-08 02:00:00,0.90756226
2025-01-08 03:00:00,0.6267395
2025-01-08 04:00:00,0.35385132
2025-01-08 05:00:00,0.122680664
2025-01-08 06:00:00,-0.07321167
2025-01-08 07:00:00,-0.2084961
2025-01-08 08:00:00,-0.22583008
2025-01-08 09:00:00,-0.12619019
2025-01-08 10:00:00,0.48587036
2025-01-08 11:00:00,0.28781128
2025-01-08 12:00:00,0.18832397
2025-01-08 13:00:00,0.24111938
2025-01-08 14:00:00,0.13778687
2025-01-08 15:00:00,-0.14880371
2025-01-08 16:00:00,-0.26382446
2025-01-08 17:00:00,-0.25912476
2025-01-08 18:00:00,-0.3048401
2025-01-08 19:00:00,-0.52127075
2025-01-08 20:00:00,-1.1066589
2025-01-08 21:00:00,-1.9936829
2025-01-08 22:00:00,-2.1706848
2025-01-08 23:00:00,-2.7763977
2025-01-09 00:00:00,-2.8247986
2025-01-09 01:00:00,-2.3755188
2025-01-09 02:00:00,-2.0903625
2025-01-09 03:00:00,-1.7904663
2025-01-09 04:00:00,-1.6320496
2025-01-09 05:00:00,-1.7149048
2025-01-09 06:00:00,-1.7489319
2025-01-09 07:00:00,-1.7263794
2025-01-09 08:00:00,-1.7970276
2025-01-09 09:00:00,-1.8818054
2025-01-09 10:00:00,-0.62002563
2025-01-09 11:00:00,-0.93518066
2025-01-09 12:00:00,-1.1626587
2025-01-09 13:00:00,-1.3263245
2025-01-09 14:00:00,-1.4717102
2025-01-09 15:00:00,-1.5614929
2025-01-09 16:00:00,-1.6203308
2025-01-09 17:00:00,-1.7710266
2025-01-09 18:00:00,-1.9305115
2025-01-09 19:00:00,-2.0678406
2025-01-09 20:00:00,-2.1925354
2025-01-09 21:00:00,-2.2696228
2025-01-09 22:00:00,-1.8118896
2025-01-09 23:00:00,-1.8797913
2025-01-10 00:00:00,-2.0195007
2025-01-10 01:00:00,-2.1667786
2025-01-10 02:00:00,-2.2289124
2025-01-10 03:00:00,-2.2653503
2025-01-10 04:00:00,-2.3242798
2025-01-10 05:00:00,-2.4145203
2025-01-10 06:00:00,-2.7622986
2025-01-10 07:00:00,-2.736267
2025-01-10 08:00:00,-2.711029
2025-01-10 09:00:00,-2.8001099
2025-01-10 10:00:00,-3.4414978
2025-01-10 11:00:00,-3.8747253
2025-01-10 12:00:00,-4.1097717
2025-01-10 13:00:00,-4.2395935
2025-01-10 14:00:00,-4.141327
2025-01-10 15:00:00,-4.085388
2025-01-10 16:00:00,-3.955902
2025-01-10 17:00:00,-3.8405457
2025-01-10 18:00:00,-3.8396301
2025-01-10 19:00:00,-3.8171082
2025-01-10 20:00:00,-3.8110352
2025-01-10 21:00:00,-3.8102112
2025-01-10 22:00:00,-4.1735535
2025-01-10 23:00:00,-4.2713013
2025-01-11 00:00:00,-4.2155457
2025-01-11 01:00:00,-4.1356506
2025-01-11 02:00:00,-3.9992065
2025-01-11 03:00:00,-3.912506
2025-01-11 04:00:00,-3.9612732
2025-01-11 05:00:00,-4.0555725
2025-01-11 06:00:00,-4.1423035
2025-01-11 07:00:00,-4.148834
2025-01-11 08:00:00,-4.1930237
2025-01-11 09:00:00,-4.296051
2025-01-11 10:00:00,-4.6685486
2025-01-11 11:00:00,-4.484131
2025-01-11 12:00:00,-4.372711
2025-01-11 13:00:00,-4.307953
2025-01-11 14:00:00,-4.4052734
2025-01-11 15:00:00,-4.535919
2025-01-11 16:00:00,-4.490326
2025-01-11 17:00:00,-4.316498
2025-01-11 18:00:00,-4.3996277
2025-01-11 19:00:00,-4.5974426
2025-01-11 20:00:00,-4.9200134
2025-01-11 21:00:00,-5.1506653
2025-01-11 22:00:00,-5.2116394
2025-01-11 23:00:00,-5.387787
2025-01-12 00:00:00,-5.439911
2025-01-12 01:00:00,-5.3427124
2025-01-12 02:00:00,-5.2183228
2025-01-12 03:00:00,-5.102051
2025-01-12 04:00:00,-4.97348
2025-01-12 05:00:00,-4.99234
2025-01-12 06:00:00,-4.8038025
2025-01-12 07:00:00,-4.0924377
2025-01-12 08:00:00,-2.394043
2025-01-12 09:00:00,-1.2381897
2025-01-12 10:00:00,-0.9144287
2025-01-12 11:00:00,-0.7658386
2025-01-12 12:00:00,-0.54226685
2025-01-12 13:00:00,-0.38284302
2025-01-12 14:00:00,-0.5386658
2025-01-12 15:00:00,-0.7713318
2025-01-12 16:00:00,-0.9251709
2025-01-12 17:00:00,-0.8277588
2025-01-12 18:00:00,-0.7018738
2025-01-12 19:00:00,-0.8123474
2025-01-12 20:00:00,-1.1106873
2025-01-12 21:00:00,-1.6210938
2025-01-12 22:00:00,-1.8289795
2025-01-12 23:00:00,-1.782135
2025-01-13 00:00:00,-1.5577087
2025-01-13 01:00:00,-1.6455383
2025-01-13 02:00:00,-1.9117126
2025-01-13 03:00:00,-1.853241
2025-01-13 04:00:00,-1.822113
2025-01-13 05:00:00,-1.3417358
2025-01-13 06:00:00,-2.8792725
2025-01-13 07:00:00,-4.1073303
2025-01-13 08:00:00,-4.0578613
2025-01-13 09:00:00,-3.5471802
2025-01-13 10:00:00,-2.3886108
2025-01-13 11:00:00,-1.9674377
2025-01-13 12:00:00,-1.6692505
2025-01-13 13:00:00,-1.3123169
2025-01-13 14:00:00,-0.8932495
2025-01-13 15:00:00,-0.40847778
2025-01-13 16:00:00,0.073272705
2025-01-13 17:00:00,0.5118408
2025-01-13 18:00:00,0.800354
2025-01-13 19:00:00,1.0797424
2025-01-13 20:00:00,1.3545227
2025-01-13 21:00:00,1.6387024
2025-01-13 22:00:00,1.9094543
2025-01-13 23:00:00,1.9088135
2025-01-14 00:00:00,1.9886475
2025-01-14 01:00:00,2.2053528
2025-01-14 02:00:00,2.0029297
2025-01-14 03:00:00,1.7268982
2025-01-14 04:00:00,1.7036743
2025-01-14 05:00:00,1.886261
2025-01-14 06:00:00,2.0576782
2025-01-14 07:00:00,2.179657
2025-01-14 08:00:00,2.433014
2025-01-14 09:00:00,2.459137
2025-01-14 10:00:00,2.3816223
2025-01-14 11:00:00,3.499176
2025-01-14 12:00:00,5.1946106
2025-01-14 13:00:00,5.546234
2025-01-14 14:00:00,5.5385437
2025-01-14 15:00:00,5.937622
2025-01-14 16:00:00,6.2980957
2025-01-14 17:00:00,6.473236
2025-01-14 18:00:00,6.4823303
2025-01-14 19:00:00,5.582733
2025-01-14 20:00:00,4.222351
2025-01-14 21:00:00,3.0147705
2025-01-14 22:00:00,2.964203
2025-01-14 23:00:00,2.2718506
2025-01-15 00:00:00,1.7327576
2025-01-15 01:00:00,1.6575623
2025-01-15 02:00:00,1.606781
2025-01-15 03:00:00,1.3144836
2025-01-15 04:00:00,0.7394409
2025-01-15 05:00:00,0.17251587
2025-01-15 06:00:00,-0.027069092
2025-01-15 07:00:00,0.020355225
2025-01-15 08:00:00,0.009613037
2025-01-15 09:00:00,0.14324951
2025-01-15 10:00:00,0.66348267
2025-01-15 11:00:00,1.4745789
2025-01-15 12:00:00,2.7172546
2025-01-15 13:00:00,4.1192627
2025-01-15 14:00:00,5.2914734
2025-01-15 15:00:00,6.3371277
2025-01-15 16:00:00,6.513489
2025-01-15 17:00:00,6.228363
2025-01-15 18:00:00,6.629059
2025-01-15 19:00:00,6.791382
2025-01-15 20:00:00,7.0052185
2025-01-15 21:00:00,6.9711914
2025-01-15 22:00:00,7.4808655
2025-01-15 23:00:00,8.417511
2025-01-16 00:00:00,9.057953
2025-01-16 01:00:00,9.075806
2025-01-16 02:00:00,8.202789
2025-01-16 03:00:00,7.875702
2025-01-16 04:00:00,8.012451
2025-01-16 05:00:00,8.870544
2025-01-16 06:00:00,10.272186
2025-01-16 07:00:00,11.414429
2025-01-16 08:00:00,12.116211
2025-01-16 09:00:00,12.481262
2025-01-16 10:00:00,12.395966
2025-01-16 11:00:00,12.088654
2025-01-16 12:00:00,12.358948
2025-01-16 13:00:00,12.593964
2025-01-16 14:00:00,12.502136
2025-01-16 15:00:00,12.248444
2025-01-16 16:00:00,11.220947
2025-01-16 17:00:00,10.754608
2025-01-16 18:00:00,9.561981
2025-01-16 19:00:00,8.832672
2025-01-16 20:00:00,8.789032
2025-01-16 21:00:00,9.309998
2025-01-16 22:00:00,9.414032
2025-01-16 23:00:00,9.856598
2025-01-17 00:00:00,10.207733
2025-01-17 01:00:00,10.240204
2025-01-17 02:00:00,10.399994
2025-01-17 03:00:00,10.76004
2025-01-17 04:00:00,10.715393
2025-01-17 05:00:00,11.535309
2025-01-17 06:00:00,10.979889
2025-01-17 07:00:00,7.8967896
2025-01-17 08:00:00,6.338501
2025-01-17 09:00:00,5.8172913
2025-01-17 10:00:00,6.1796875
2025-01-17 11:00:00,7.1645813
2025-01-17 12:00:00,7.124115
2025-01-17 13:00:00,7.924286
2025-01-17 14:00:00,7.0045776
2025-01-17 15:00:00,6.0379944
2025-01-17 16:00:00,5.6379395
2025-01-17 17:00:00,4.304962
2025-01-17 18:00:00,5.582184
2025-01-17 19:00:00,6.696747
2025-01-17 20:00:00,6.390045
2025-01-17 21:00:00,6.710663
2025-01-17 22:00:00,7.1901855
2025-01-17 23:00:00,8.584747
2025-01-18 00:00:00,8.141022
2025-01-18 01:00:00,7.6816406
2025-01-18 02:00:00,7.549591
2025-01-18 03:00:00,7.3489075
2025-01-18 04:00:00,6.644745
2025-01-18 05:00:00,5.696869
2025-01-18 06:00:00,5.0064697
2025-01-18 07:00:00,4.6717834
2025-01-18 08:00:00,4.552368
2025-01-18 09:00:00,4.577301
2025-01-18 10:00:00,5.4440613
2025-01-18 11:00:00,5.549591
2025-01-18 12:00:00,5.9344177
2025-01-18 13:00:00,6.620697
2025-01-18 14:00:00,7.1402893
2025-01-18 15:00:00,7.4555054
2025-01-18 16:00:00,7.84787
2025-01-18 17:00:00,8.443024
2025-01-18 18:00:00,8.96814
2025-01-18 19:00:00,9.234283
2025-01-18 20:00:00,9.574158
2025-01-18 21:00:00,9.613922
2025-01-18 22:00:00,10.073456
2025-01-18 23:00:00,10.211182
2025-01-19 00:00:00,10.85202
2025-01-19 01:00:00,9.987946
2025-01-19 02:00:00,8.124054
2025-01-19 03:00:00,7.717743
2025-01-19 04:00:00,7.6902466
2025-01-19 05:00:00,7.483185
2025-01-19 06:00:00,6.9549866
2025-01-19 07:00:00,5.0520935
2025-01-19 08:00:00,4.216461
2025-01-19 09:00:00,4.8304443
2025-01-19 10:00:00,4.788391
2025-01-19 11:00:00,4.6490173
2025-01-19 12:00:00,5.6884155
2025-01-19 13:00:00,6.3158264
2025-01-19 14:00:00,6.2634583
2025-01-19 15:00:00,6.754822
2025-01-19 16:00:00,7.4606323
2025-01-19 17:00:00,7.8493347
2025-01-19 18:00:00,7.7539062
2025-01-19 19:00:00,7.3542175
2025-01-19 20:00:00,6.853363
2025-01-19 21:00:00,6.377533
2025-01-19 22:00:00,5.584198
2025-01-19 23:00:00,5.1538696
2025-01-20 00:00:00,4.6387634
2025-01-20 01:00:00,4.1735535
2025-01-20 02:00:00,3.991272
2025-01-20 03:00:00,4.0242615
2025-01-20 04:00:00,4.0545044
2025-01-20 05:00:00,3.9693909
2025-01-20 06:00:00,3.8442993
2025-01-20 07:00:00,3.6463318
2025-01-20 08:00:00,3.4528198
2025-01-20 09:00:00,3.2808533
2025-01-20 10:00:00,2.9530334
2025-01-20 11:00:00,2.7905579
2025-01-20 12:00:00,2.2628784
2025-01-20 13:00:00,1.2909851
2025-01-20 14:00:00,0.011962891
2025-01-20 15:00:00,-0.8305664
2025-01-20 16:00:00,-0.8956909
2025-01-20 17:00:00,-0.80648804
2025-01-20 18:00:00,-0.9213562
2025-01-20 19:00:00,-1.1083679
2025-01-20 20:00:00,-1.2125549
2025-01-20 21:00:00,-1.3022766
2025-01-20 22:00:00,-1.1200562
2025-01-20 23:00:00,-1.2056885
2025-01-21 00:00:00,-1.2957458
2025-01-21 01:00:00,-1.2826233
2025-01-21 02:00:00,-1.2878418
2025-01-21 03:00:00,-1.3326111
2025-01-21 04:00:00,-1.4547119
2025-01-21 05:00:00,-1.5210571
2025-01-21 06:00:00,-1.4580383
2025-01-21 07:00:00,-1.4327393
2025-01-21 08:00:00,-1.4373474
2025-01-21 09:00:00,-1.433258
2025-01-21 10:00:00,-1.0757751
2025-01-21 11:00:00,-1.1500854
2025-01-21 12:00:00,-1.072876
2025-01-21 13:00:00,-0.91275024
2025-01-21 14:00:00,-0.7689514
2025-01-21 15:00:00,-0.68862915
2025-01-21 16:00:00,-0.6685791
2025-01-21 17:00:00,-0.70233154
2025-01-21 18:00:00,-0.7546387
2025-01-21 19:00:00,-0.8817749
2025-01-21 20:00:00,-1.0662537
2025-01-21 21:00:00,-1.1994934
2025-01-21 22:00:00,-1.2533264
2025-01-21 23:00:00,-1.1535339
2025-01-22 00:00:00,-0.93252563
2025-01-22 01:00:00,-0.57595825
2025-01-22 02:00:00,-0.24914551
2025-01-22 03:00:00,-0.18621826
2025-01-22 04:00:00,-0.16009521
2025-01-22 05:00:00,-0.08963013
2025-01-22 06:00:00,-0.016052246
2025-01-22 07:00:00,0.026855469
2025-01-22 08:00:00,-0.17697144
2025-01-22 09:00:00,-0.4932251
2025-01-22 10:00:00,-0.26559448
2025-01-22 11:00:00,-0.2003479
2025-01-22 12:00:00,-0.064453125
2025-01-22 13:00:00,0.072387695
2025-01-22 14:00:00,0.18518066
2025-01-22 15:00:00,0.23532104
2025-01-22 16:00:00,0.1895752
2025-01-22 17:00:00,0.16342163
2025-01-22 18:00:00,0.15835571
2025-01-22 19:00:00,0.14422607
2025-01-22 20:00:00,0.06478882
2025-01-22 21:00:00,-0.026947021
2025-01-22 22:00:00,0.067718506
2025-01-22 23:00:00,-0.16418457
2025-01-23 00:00:00,-0.33877563
2025-01-23 01:00:00,-0.25686646
2025-01-23 02:00:00,-0.11172485
2025-01-23 03:00:00,-0.08114624
2025-01-23 04:00:00,-0.07498169
2025-01-23 05:00:00,-0.08175659
2025-01-23 06:00:00,-0.20986938
2025-01-23 07:00:00,-0.34732056
2025-01-23 08:00:00,-0.27456665
2025-01-23 09:00:00,-0.26278687
2025-01-23 10:00:00,-0.234375
2025-01-23 11:00:00,-0.5039978
2025-01-23 12:00:00,-0.45700073
2025-01-23 13:00:00,-0.27963257
2025-01-23 14:00:00,-0.23858643
2025-01-23 15:00:00,-0.50845337
2025-01-23 16:00:00,-0.49716187
2025-01-23 17:00:00,-0.4559021
2025-01-23 18:00:00,-0.436615
2025-01-23 19:00:00,-0.44171143
2025-01-23 20:00:00,-0.48544312
2025-01-23 21:00:00,-0.57107544
2025-01-23 22:00:00,-0.53860474
2025-01-23 23:00:00,-0.598053
2025-01-24 00:00:00,-0.4880066
2025-01-24 01:00:00,-0.038726807
2025-01-24 02:00:00,0.22717285
2025-01-24 03:00:00,-0.11074829
2025-01-24 04:00:00,-0.5656433
2025-01-24 05:00:00,-0.6899719
2025-01-24 06:00:00,-0.5255432
2025-01-24 07:00:00,-0.16320801
2025-01-24 08:00:00,0.2210083
2025-01-24 09:00:00,0.47247314
2025-01-24 10:00:00,0.21194458
2025-01-24 11:00:00,0.059661865
2025-01-24 12:00:00,-0.21963501
2025-01-24 13:00:00,-0.17401123
2025-01-24 14:00:00,-0.060943604
2025-01-24 15:00:00,0.085357666
2025-01-24 16:00:00,0.256958
2025-01-24 17:00:00,0.43292236
2025-01-24 18:00:00,0.551178
2025-01-24 19:00:00,0.50531006
2025-01-24 20:00:00,0.46261597
2025-01-24 21:00:00,0.4897766
2025-01-24 22:00:00,2.410492
2025-01-24 23:00:00,2.410675
2025-01-25 00:00:00,2.4962463
2025-01-25 01:00:00,2.5718384
2025-01-25 02:00:00,2.6335144
2025-01-25 03:00:00,2.5899353
2025-01-25 04:00:00,2.558258
2025-01-25 05:00:00,2.4757996
2025-01-25 06:00:00,2.4979553
2025-01-25 07:00:00,2.5123596
2025-01-25 08:00:00,2.4847107
2025-01-25 09:00:00,2.4490967
2025-01-25 10:00:00,1.3244324
2025-01-25 11:00:00,1.6839294
2025-01-25 12:00:00,2.2233582
2025-01-25 13:00:00,2.6506653
2025-01-25 14:00:00,2.7796936
2025-01-25 15:00:00,2.8225403
2025-01-25 16:00:00,2.8816833
2025-01-25 17:00:00,2.6794434
2025-01-25 18:00:00,2.4864807
2025-01-25 19:00:00,2.2317505
2025-01-25 20:00:00,1.9782715
2025-01-25 21:00:00,1.7373657
2025-01-25 22:00:00,1.4669495
2025-01-25 23:00:00,1.0832214
2025-01-26 00:00:00,0.8751831
2025-01-26 01:00:00,1.0924988
2025-01-26 02:00:00,1.4086914
2025-01-26 03:00:00,1.4937134
2025-01-26 04:00:00,1.5229187
2025-01-26 05:00:00,1.4902039
2025-01-26 06:00:00,1.3544312
2025-01-26 07:00:00,1.1262512
2025-01-26 08:00:00,0.9092407
2025-01-26 09:00:00,0.8008728
2025-01-26 10:00:00,0.5892029
2025-01-26 11:00:00,0.66290283
2025-01-26 12:00:00,0.8010559
2025-01-26 13:00:00,1.0001221
2025-01-26 14:00:00,1.23703
2025-01-26 15:00:00,1.4367371
2025-01-26 16:00:00,1.3490295
2025-01-26 17:00:00,1.0361023
2025-01-26 18:00:00,0.78234863
2025-01-26 19:00:00,0.86398315
2025-01-26 20:00:00,0.99505615
2025-01-26 21:00:00,0.94277954
2025-01-26 22:00:00,1.3681335
2025-01-26 23:00:00,1.0951843
2025-01-27 00:00:00,0.7932739
2025-01-27 01:00:00,0.55636597
2025-01-27 02:00:00,0.38830566
2025-01-27 03:00:00,0.2324524
2025-01-27 04:00:00,-0.021942139
2025-01-27 05:00:00,-0.21054077
2025-01-27 06:00:00,-0.42922974
2025-01-27 07:00:00,-0.8937683
2025-01-27 08:00:00,-1.2485962
2025-01-27 09:00:00,-1.5598145
2025-01-27 10:00:00,-1.4943542
2025-01-27 11:00:00,-1.6681824
2025-01-27 12:00:00,-1.5589294
2025-01-27 13:00:00,-1.4673157
2025-01-27 14:00:00,-1.3224182
2025-01-27 15:00:00,-1.0683594
2025-01-27 16:00:00,-0.9039612
2025-01-27 17:00:00,-0.71432495
2025-01-27 18:00:00,-0.49435425
2025-01-27 19:00:00,-0.17062378
2025-01-27 20:00:00,0.58999634
2025-01-27 21:00:00,1.7054138
2025-01-27 22:00:00,2.0177307
2025-01-27 23:00:00,2.2887573
2025-01-28 00:00:00,2.6480408
2025-01-28 01:00:00,3.2038574
2025-01-28 02:00:00,3.7304993
2025-01-28 03:00:00,3.7627869
2025-01-28 04:00:00,3.6601257
2025-01-28 05:00:00,3.6958923
2025-01-28 06:00:00,3.6543884
2025-01-28 07:00:00,3.7000427
2025-01-28 08:00:00,3.8742065
2025-01-28 09:00:00,4.1424866
2025-01-28 10:00:00,3.257141
2025-01-28 11:00:00,3.8596802
2025-01-28 12:00:00,4.3850403
2025-01-28 13:00:00,4.6584167
2025-01-28 14:00:00,4.2623596
2025-01-28 15:00:00,3.6062927
2025-01-28 16:00:00,2.5628357
2025-01-28 17:00:00,1.5857239
2025-01-28 18:00:00,1.3634949
2025-01-28 19:00:00,1.4895935
2025-01-28 20:00:00,1.8625793
2025-01-28 21:00:00,2.1356506
2025-01-28 22:00:00,2.479126
2025-01-28 23:00:00,2.5879822
2025-01-29 00:00:00,2.8484192
2025-01-29 01:00:00,3.2169495
2025-01-29 02:00:00,3.768219
2025-01-29 03:00:00,3.807373
2025-01-29 04:00:00,3.6801758
2025-01-29 05:00:00,3.0202332
2025-01-29 06:00:00,2.5144958
2025-01-29 07:00:00,1.8952942
2025-01-29 08:00:00,1.5232544
2025-01-29 09:00:00,1.3745117
2025-01-29 10:00:00,2.103363
2025-01-29 11:00:00,2.249115
2025-01-29 12:00:00,2.333374
2025-01-29 13:00:00,2.3611145
2025-01-29 14:00:00,2.275116
2025-01-29 15:00:00,1.9122314
2025-01-29 16:00:00,1.2607422
2025-01-29 17:00:00,0.41253662
2025-01-29 18:00:00,-0.37390137
2025-01-29 19:00:00,-0.9385681
2025-01-29 20:00:00,-1.1142883
2025-01-29 21:00:00,-1.1940002
2025-01-29 22:00:00,-0.70303345
2025-01-29 23:00:00,-0.8158264
2025-01-30 00:00:00,-0.94052124
2025-01-30 01:00:00,-1.1547852
2025-01-30 02:00:00,-1.3409119
2025-01-30 03:00:00,-1.4972839
2025-01-30 04:00:00,-1.7363586
2025-01-30 05:00:00,-1.8638
2025-01-30 06:00:00,-1.8529663
2025-01-30 07:00:00,-1.6493835
2025-01-30 08:00:00,-1.461029
2025-01-30 09:00:00,-1.2160339
2025-01-30 10:00:00,-1.6906128
2025-01-30 11:00:00,-2.1149597
2025-01-30 12:00:00,-1.7851257
2025-01-30 13:00:00,-1.563324
2025-01-30 14:00:00,-0.99331665
2025-01-30 15:00:00,-0.55007935
2025-01-30 16:00:00,0.10223389
2025-01-30 17:00:00,0.71517944
2025-01-30 18:00:00,0.69537354
2025-01-30 19:00:00,0.7817688
2025-01-30 20:00:00,1.066742
2025-01-30 21:00:00,1.2037048
2025-01-30 22:00:00,1.3589783
2025-01-30 23:00:00,1.3245239
2025-01-31 00:00:00,1.3385925
2025-01-31 01:00:00,1.3392029
2025-01-31 02:00:00,1.3486633
2025-01-31 03:00:00,1.2674866
2025-01-31 04:00:00,1.2055969
2025-01-31 05:00:00,1.2197571
2025-01-31 06:00:00,1.3969116
2025-01-31 07:00:00,1.539978
2025-01-31 08:00:00,1.6929016
2025-01-31 09:00:00,1.8141174
2025-01-31 10:00:00,1.2002258
2025-01-31 11:00:00,1.2275696
2025-01-31 12:00:00,1.1325378
2025-01-31 13:00:00,0.9328308
2025-01-31 14:00:00,0.80389404
2025-01-31 15:00:00,0.504364
2025-01-31 16:00:00,0.10733032
2025-01-31 17:00:00,-0.09710693
2025-01-31 18:00:00,-0.55545044
2025-01-31 19:00:00,-0.9308777
2025-01-31 20:00:00,-1.1643982
2025-01-31 21:00:00,-1.4777527
2025-01-31 22:00:00,-1.759491
2025-01-31 23:00:00,-2.2641296
2025-02-01 00:00:00,-2.7338562
2025-02-01 01:00:00,-3.1335754
2025-02-01 02:00:00,-3.4062195
2025-02-01 03:00:00,-3.547882
2025-02-01 04:00:00,-3.5448303
2025-02-01 05:00:00,-3.5411682
2025-02-01 06:00:00,-3.649994
2025-02-01 07:00:00,-3.7046204
2025-02-01 08:00:00,-3.6590881
2025-02-01 09:00:00,-3.643219
2025-02-01 10:00:00,-3.5307617
2025-02-01 11:00:00,-3.3825989
2025-02-01 12:00:00,-3.567627
2025-02-01 13:00:00,-4.2707825
2025-02-01 14:00:00,-4.3488464
2025-02-01 15:00:00,-4.278656
2025-02-01 16:00:00,-4.1337585
2025-02-01 17:00:00,-3.6643677
2025-02-01 18:00:00,-3.131897
2025-02-01 19:00:00,-2.843933
2025-02-01 20:00:00,-2.8442688
2025-02-01 21:00:00,-2.7671814
2025-02-01 22:00:00,-2.5074463
2025-02-01 23:00:00,-2.5520935
2025-02-02 00:00:00,-2.702057
2025-02-02 01:00:00,-2.95047
2025-02-02 02:00:00,-3.2244873
2025-02-02 03:00:00,-3.6019592
2025-02-02 04:00:00,-3.926056
2025-02-02 05:00:00,-4.2070007
2025-02-02 06:00:00,-4.4841614
2025-02-02 07:00:00,-4.654419
2025-02-02 08:00:00,-4.6959534
2025-02-02 09:00:00,-4.5099792
2025-02-02 10:00:00,-3.697998
2025-02-02 11:00:00,-3.3594666
2025-02-02 12:00:00,-3.4424133
2025-02-02 13:00:00,-4.0646057
2025-02-02 14:00:00,-4.695099
2025-02-02 15:00:00,-5.0801086
2025-02-02 16:00:00,-5.303314
2025-02-02 17:00:00,-5.518524
2025-02-02 18:00:00,-5.640686
2025-02-02 19:00:00,-5.629547
2025-02-02 20:00:00,-5.53183
2025-02-02 21:00:00,-5.2641907
2025-02-02 22:00:00,-4.7920837
2025-02-02 23:00:00,-4.737213
2025-02-03 00:00:00,-4.7143555
2025-02-03 01:00:00,-4.757721
2025-02-03 02:00:00,-4.920227
2025-02-03 03:00:00,-5.187866
2025-02-03 04:00:00,-5.4221497
2025-02-03 05:00:00,-5.701874
2025-02-03 06:00:00,-6.101013
2025-02-03 07:00:00,-6.316498
2025-02-03 08:00:00,-6.300812
2025-02-03 09:00:00,-6.4864807
2025-02-03 10:00:00,-6.952362
2025-02-03 11:00:00,-7.058319
2025-02-03 12:00:00,-7.07782
2025-02-03 13:00:00,-7.024811
2025-02-03 14:00:00,-7.068695
2025-02-03 15:00:00,-7.1555786
2025-02-03 16:00:00,-7.2466736
2025-02-03 17:00:00,-7.1772156
2025-02-03 18:00:00,-7.0469666
2025-02-03 19:00:00,-6.982788
2025-02-03 20:00:00,-6.949127
2025-02-03 21:00:00,-6.773285
2025-02-03 22:00:00,-6.044159
2025-02-03 23:00:00,-5.8698425
2025-02-04 00:00:00,-5.5898743
2025-02-04 01:00:00,-5.160919
2025-02-04 02:00:00,-4.7364807
2025-02-04 03:00:00,-4.323944
2025-02-04 04:00:00,-3.7940369
2025-02-04 05:00:00,-3.4736023
2025-02-04 06:00:00,-3.1983643
2025-02-04 07:00:00,-2.909668
2025-02-04 08:00:00,-2.7535706
2025-02-04 09:00:00,-2.7051697
2025-02-04 10:00:00,-2.580841
2025-02-04 11:00:00,-2.1144714
2025-02-04 12:00:00,-1.6643372
2025-02-04 13:00:00,-1.0401611
2025-02-04 14:00:00,-0.5643616
2025-02-04 15:00:00,-0.07369995
2025-02-04 16:00:00,0.5166931
2025-02-04 17:00:00,0.7445984
2025-02-04 18:00:00,0.97836304
2025-02-04 19:00:00,1.2466125
2025-02-04 20:00:00,1.2482605
2025-02-04 21:00:00,1.0090332
2025-02-04 22:00:00,1.2800598
2025-02-04 23:00:00,0.9551697
2025-02-05 00:00:00,0.52853394
2025-02-05 01:00:00,-0.1628418
2025-02-05 02:00:00,-0.6355896
2025-02-05 03:00:00,-1.13797
2025-02-05 04:00:00,-1.4942932
2025-02-05 05:00:00,-1.2886658
2025-02-05 06:00:00,-0.54330444
2025-02-05 07:00:00,0.039154053
2025-02-05 08:00:00,0.3189392
2025-02-05 09:00:00,0.51452637
2025-02-05 10:00:00,0.024353027
2025-02-05 11:00:00,0.23513794
2025-02-05 12:00:00,0.5885925
2025-02-05 13:00:00,0.9161072
2025-02-05 14:00:00,1.0951843
2025-02-05 15:00:00,1.357605
2025-02-05 16:00:00,1.868866
2025-02-05 17:00:00,2.2846985
2025-02-05 18:00:00,2.7998352
2025-02-05 19:00:00,3.2800598
2025-02-05 20:00:00,3.4598083
2025-02-05 21:00:00,3.4410095
2025-02-05 22:00:00,3.030182
2025-02-05 23:00:00,2.964264
2025-02-06 00:00:00,2.9136658
2025-02-06 01:00:00,2.827362
2025-02-06 02:00:00,2.5657349
2025-02-06 03:00:00,2.02594
2025-02-06 04:00:00,1.8121948
2025-02-06 05:00:00,1.8067932
2025-02-06 06:00:00,1.4272766
2025-02-06 07:00:00,0.8961487
2025-02-06 08:00:00,0.85220337
2025-02-06 09:00:00,1.1632996
2025-02-06 10:00:00,0.903656
2025-02-06 11:00:00,0.6615906
2025-02-06 12:00:00,1.0632019
2025-02-06 13:00:00,1.440155
2025-02-06 14:00:00,1.7415466
2025-02-06 15:00:00,1.8103638
2025-02-06 16:00:00,1.5661316
2025-02-06 17:00:00,1.3712769
2025-02-06 18:00:00,1.4161072
2025-02-06 19:00:00,1.5143738
2025-02-06 20:00:00,1.4883728
2025-02-06 21:00:00,1.4477844
2025-02-06 22:00:00,1.2458801
2025-02-06 23:00:00,1.220459
2025-02-07 00:00:00,1.1754456
2025-02-07 01:00:00,1.2391052
2025-02-07 02:00:00,1.3865662
2025-02-07 03:00:00,1.2568054
2025-02-07 04:00:00,0.9618225
2025-02-07 05:00:00,0.7827759
2025-02-07 06:00:00,0.5699768
2025-02-07 07:00:00,0.39343262
2025-02-07 08:00:00,0.4074402
2025-02-07 09:00:00,0.47009277
2025-02-07 10:00:00,-0.61901855
2025-02-07 11:00:00,-1.6427917
2025-02-07 12:00:00,-3.3023376
2025-02-07 13:00:00,-4.4608154
2025-02-07 14:00:00,-5.1528015
2025-02-07 15:00:00,-5.424774
2025-02-07 16:00:00,-5.381134
2025-02-07 17:00:00,-5.425659
2025-02-07 18:00:00,-5.5593567
2025-02-07 19:00:00,-5.5708923
2025-02-07 20:00:00,-5.712158
2025-02-07 21:00:00,-5.9166565
2025-02-07 22:00:00,-5.8230896
2025-02-07 23:00:00,-6.0224304
2025-02-08 00:00:00,-6.2402344
2025-02-08 01:00:00,-6.370697
2025-02-08 02:00:00,-6.526184
2025-02-08 03:00:00,-6.701233
2025-02-08 04:00:00,-6.6571045
2025-02-08 05:00:00,-6.5204163
2025-02-08 06:00:00,-6.2373047
2025-02-08 07:00:00,-6.004486
2025-02-08 08:00:00,-5.884186
2025-02-08 09:00:00,-5.965088
2025-02-08 10:00:00,-5.584137
2025-02-08 11:00:00,-5.4566345
2025-02-08 12:00:00,-5.5054626
2025-02-08 13:00:00,-5.509857
2025-02-08 14:00:00,-5.65448
2025-02-08 15:00:00,-5.678711
2025-02-08 16:00:00,-5.7275085
2025-02-08 17:00:00,-5.788452
2025-02-08 18:00:00,-5.8719788
2025-02-08 19:00:00,-5.8736267
2025-02-08 20:00:00,-5.8075256
2025-02-08 21:00:00,-5.7608337
2025-02-08 22:00:00,-5.141388
2025-02-08 23:00:00,-5.182678
2025-02-09 00:00:00,-5.251251
2025-02-09 01:00:00,-5.3086243
2025-02-09 02:00:00,-5.360565
2025-02-09 03:00:00,-5.3976135
2025-02-09 04:00:00,-5.420105
2025-02-09 05:00:00,-5.4395447
2025-02-09 06:00:00,-5.4721375
2025-02-09 07:00:00,-5.4898376
2025-02-09 08:00:00,-5.4784546
2025-02-09 09:00:00,-5.456299
2025-02-09 10:00:00,-5.523773
2025-02-09 11:00:00,-5.490509
2025-02-09 12:00:00,-5.4221497
2025-02-09 13:00:00,-5.367157
2025-02-09 14:00:00,-5.4270325
2025-02-09 15:00:00,-5.486969
2025-02-09 16:00:00,-5.5713196
2025-02-09 17:00:00,-5.800812
2025-02-09 18:00:00,-6.0379944
2025-02-09 19:00:00,-6.2604675
2025-02-09 20:00:00,-6.1526184
2025-02-09 21:00:00,-5.8491516
2025-02-09 22:00:00,-4.55661
2025-02-09 23:00:00,-4.324005
2025-02-10 00:00:00,-3.9473572
2025-02-10 01:00:00,-3.4550476
2025-02-10 02:00:00,-3.159607
2025-02-10 03:00:00,-3.1678162
2025-02-10 04:00:00,-2.8901062
2025-02-10 05:00:00,-2.3245544
2025-02-10 06:00:00,-1.5169373
2025-02-10 07:00:00,-0.9989319
2025-02-10 08:00:00,-0.89434814
2025-02-10 09:00:00,-0.93618774
2025-02-10 10:00:00,-0.23757935
2025-02-10 11:00:00,-0.021087646
2025-02-10 12:00:00,0.016693115
2025-02-10 13:00:00,-0.0640564
2025-02-10 14:00:00,-0.035858154
2025-02-10 15:00:00,0.100097656
2025-02-10 16:00:00,0.10623169
2025-02-10 17:00:00,-0.19387817
2025-02-10 18:00:00,-0.4399414
2025-02-10 19:00:00,-0.36862183
2025-02-10 20:00:00,-0.4809265
2025-02-10 21:00:00,-0.7829895
2025-02-10 22:00:00,-0.30877686
2025-02-10 23:00:00,-0.6265564
2025-02-11 00:00:00,-0.9002075
2025-02-11 01:00:00,-1.115448
2025-02-11 02:00:00,-1.2097473
2025-02-11 03:00:00,-1.1749573
2025-02-11 04:00:00,-1.1329651
2025-02-11 05:00:00,-1.1090393
2025-02-11 06:00:00,-1.1285095
2025-02-11 07:00:00,-1.1488037
2025-02-11 08:00:00,-1.1402283
2025-02-11 09:00:00,-1.0916443
2025-02-11 10:00:00,-0.6237793
2025-02-11 11:00:00,-0.73172
2025-02-11 12:00:00,-0.88082886
2025-02-11 13:00:00,-0.9562378
2025-02-11 14:00:00,-1.028656
2025-02-11 15:00:00,-0.95303345
2025-02-11 16:00:00,-0.79089355
2025-02-11 17:00:00,-0.71917725
2025-02-11 18:00:00,-1.1579895
2025-02-11 19:00:00,-1.3126221
2025-02-11 20:00:00,-2.1393738
2025-02-11 21:00:00,-2.4095154
2025-02-11 22:00:00,-1.7048035
2025-02-11 23:00:00,-1.9551697
2025-02-12 00:00:00,-2.2016602
2025-02-12 01:00:00,-2.22406
2025-02-12 02:00:00,-2.5523987
2025-02-12 03:00:00,-3.2049866
2025-02-12 04:00:00,-3.6818848
2025-02-12 05:00:00,-4.081665
2025-02-12 06:00:00,-4.74469
2025-02-12 07:00:00,-5.320709
2025-02-12 08:00:00,-5.1925354
2025-02-12 09:00:00,-4.5658875
2025-02-12 10:00:00,-4.9220276
2025-02-12 11:00:00,-5.1184387
2025-02-12 12:00:00,-4.6953735
2025-02-12 13:00:00,-4.871643
2025-02-12 14:00:00,-6.1054993
2025-02-12 15:00:00,-6.511505
2025-02-12 16:00:00,-6.4091187
2025-02-12 17:00:00,-6.364441
2025-02-12 18:00:00,-6.6453857
2025-02-12 19:00:00,-7.5951233
2025-02-12 20:00:00,-7.6754456
2025-02-12 21:00:00,-7.7705994
2025-02-12 22:00:00,-7.8067017
2025-02-12 23:00:00,-7.7552795
2025-02-13 00:00:00,-7.589752
2025-02-13 01:00:00,-7.4725647
2025-02-13 02:00:00,-7.143524
2025-02-13 03:00:00,-6.60318
2025-02-13 04:00:00,-5.919464
2025-02-13 05:00:00,-5.4727783
2025-02-13 06:00:00,-5.337311
2025-02-13 07:00:00,-5.461731
2025-02-13 08:00:00,-5.657379
2025-02-13 09:00:00,-5.902832
2025-02-13 10:00:00,-5.872284
2025-02-13 11:00:00,-6.0193787
2025-02-13 12:00:00,-6.1470337
2025-02-13 13:00:00,-6.9961243
2025-02-13 14:00:00,-7.3714905
2025-02-13 15:00:00,-7.484833
2025-02-13 16:00:00,-7.410248
2025-02-13 17:00:00,-7.2326965
2025-02-13 18:00:00,-6.9596252
2025-02-13 19:00:00,-6.757965
2025-02-13 20:00:00,-6.6653137
2025-02-13 21:00:00,-6.702545
2025-02-13 22:00:00,-6.500763
2025-02-13 23:00:00,-6.652527
2025-02-14 00:00:00,-6.9096985
2025-02-14 01:00:00,-7.2476807
2025-02-14 02:00:00,-7.4785767
2025-02-14 03:00:00,-7.634491
2025-02-14 04:00:00,-7.70224
2025-02-14 05:00:00,-7.7376404
2025-02-14 06:00:00,-7.7425537
2025-02-14 07:00:00,-7.7623596
2025-02-14 08:00:00,-7.7394714
2025-02-14 09:00:00,-7.679291
2025-02-14 10:00:00,-7.9095764
2025-02-14 11:00:00,-8.534515
2025-02-14 12:00:00,-8.383514
2025-02-14 13:00:00,-8.124847
2025-02-14 14:00:00,-7.988373
2025-02-14 15:00:00,-8.016754
2025-02-14 16:00:00,-8.065704
2025-02-14 17:00:00,-8.195282
2025-02-14 18:00:00,-8.34137
2025-02-14 19:00:00,-8.396423
2025-02-14 20:00:00,-8.31189
2025-02-14 21:00:00,-8.084625
2025-02-14 22:00:00,-8.549652
2025-02-14 23:00:00,-8.26828
2025-02-15 00:00:00,-7.9969177
2025-02-15 01:00:00,-7.696472
2025-02-15 02:00:00,-7.570038
2025-02-15 03:00:00,-7.5418396
2025-02-15 04:00:00,-7.540436
2025-02-15 05:00:00,-7.625763
2025-02-15 06:00:00,-7.789032
2025-02-15 07:00:00,-7.9353943
2025-02-15 08:00:00,-7.9125977
2025-02-15 09:00:00,-7.8389893
2025-02-15 10:00:00,-9.223816
2025-02-15 11:00:00,-9.660797
2025-02-15 12:00:00,-9.360626
2025-02-15 13:00:00,-9.463989
2025-02-15 14:00:00,-9.528442
2025-02-15 15:00:00,-9.35321
2025-02-15 16:00:00,-9.427521
2025-02-15 17:00:00,-9.5381775
2025-02-15 18:00:00,-9.517334
2025-02-15 19:00:00,-9.422821
2025-02-15 20:00:00,-9.295502
2025-02-15 21:00:00,-9.1319275
2025-02-15 22:00:00,-9.183563
2025-02-15 23:00:00,-9.000336
2025-02-16 00:00:00,-8.845978
2025-02-16 01:00:00,-8.690033
2025-02-16 02:00:00,-8.542999
2025-02-16 03:00:00,-8.319794
2025-02-16 04:00:00,-8.003784
2025-02-16 05:00:00,-7.8125916
2025-02-16 06:00:00,-7.8336487
2025-02-16 07:00:00,-7.8178406
2025-02-16 08:00:00,-7.686493
2025-02-16 09:00:00,-7.6028137
2025-02-16 10:00:00,-7.9545593
2025-02-16 11:00:00,-7.792206
2025-02-16 12:00:00,-7.666809
2025-02-16 13:00:00,-7.627716
2025-02-16 14:00:00,-7.76593
2025-02-16 15:00:00,-7.790924
2025-02-16 16:00:00,-7.5249023
2025-02-16 17:00:00,-7.223877
2025-02-16 18:00:00,-6.902069
2025-02-16 19:00:00,-6.6216736
2025-02-16 20:00:00,-6.361664
2025-02-16 21:00:00,-6.165863
2025-02-16 22:00:00,-6.3488464
2025-02-16 23:00:00,-6.082733
2025-02-17 00:00:00,-5.9024353
2025-02-17 01:00:00,-5.783478
2025-02-17 02:00:00,-5.7113647
2025-02-17 03:00:00,-5.6841736
2025-02-17 04:00:00,-5.729004
2025-02-17 05:00:00,-5.960785
2025-02-17 06:00:00,-6.3806763
2025-02-17 07:00:00,-6.6299133
2025-02-17 08:00:00,-6.681671
2025-02-17 09:00:00,-6.721039
2025-02-17 10:00:00,-6.4425964
2025-02-17 11:00:00,-6.629883
2025-02-17 12:00:00,-6.777771
2025-02-17 13:00:00,-6.214508
2025-02-17 14:00:00,-6.163574
2025-02-17 15:00:00,-6.21933
2025-02-17 16:00:00,-6.2601013
2025-02-17 17:00:00,-6.264923
2025-02-17 18:00:00,-6.1905212
2025-02-17 19:00:00,-6.034485
2025-02-17 20:00:00,-5.8489075
2025-02-17 21:00:00,-5.723999
2025-02-17 22:00:00,-5.253662
2025-02-17 23:00:00,-5.2431946
2025-02-18 00:00:00,-5.1710815
2025-02-18 01:00:00,-5.052368
2025-02-18 02:00:00,-5.013733
2025-02-18 03:00:00,-5.146759
2025-02-18 04:00:00,-5.2868347
2025-02-18 05:00:00,-5.3110046
2025-02-18 06:00:00,-5.1754456
2025-02-18 07:00:00,-4.726349
2025-02-18 08:00:00,-4.092682
2025-02-18 09:00:00,-3.6981812
2025-02-18 10:00:00,-3.174652
2025-02-18 11:00:00,-3.536499
2025-02-18 12:00:00,-4.3665466
2025-02-18 13:00:00,-4.7637024
2025-02-18 14:00:00,-4.758423
2025-02-18 15:00:00,-4.919098
2025-02-18 16:00:00,-5.2131653
2025-02-18 17:00:00,-5.584137
2025-02-18 18:00:00,-5.778656
2025-02-18 19:00:00,-5.715454
2025-02-18 20:00:00,-5.392914
2025-02-18 21:00:00,-4.8554688
2025-02-18 22:00:00,-4.353546
2025-02-18 23:00:00,-4.1033936
2025-02-19 00:00:00,-3.8847961
2025-02-19 01:00:00,-3.7051697
2025-02-19 02:00:00,-3.5849304
2025-02-19 03:00:00,-3.5162659
2025-02-19 04:00:00,-3.4696045
2025-02-19 05:00:00,-3.4529724
2025-02-19 06:00:00,-3.47641
2025-02-19 07:00:00,-3.5184631
2025-02-19 08:00:00,-3.5269165
2025-02-19 09:00:00,-3.5263062
2025-02-19 10:00:00,-3.2755737
2025-02-19 11:00:00,-3.3131409
2025-02-19 12:00:00,-3.3656616
2025-02-19 13:00:00,-3.5101013
2025-02-19 14:00:00,-3.6540833
2025-02-19 15:00:00,-3.7485352
2025-02-19 16:00:00,-3.7775574
2025-02-19 17:00:00,-3.7552795
2025-02-19 18:00:00,-3.6913147
2025-02-19 19:00:00,-3.6244202
2025-02-19 20:00:00,-3.6307068
2025-02-19 21:00:00,-3.624176
2025-02-19 22:00:00,-3.4474792
2025-02-19 23:00:00,-3.2874146
2025-02-20 00:00:00,-3.1054382
2025-02-20 01:00:00,-2.9450989
2025-02-20 02:00:00,-2.8938904
2025-02-20 03:00:00,-2.9403992
2025-02-20 04:00:00,-3.0156555
2025-02-20 05:00:00,-2.991516
2025-02-20 06:00:00,-2.7999573
2025-02-20 07:00:00,-2.6772156
2025-02-20 08:00:00,-2.7762146
2025-02-20 09:00:00,-2.8680115
2025-02-20 10:00:00,-2.539032
2025-02-20 11:00:00,-2.2936096
2025-02-20 12:00:00,-2.1456604
2025-02-20 13:00:00,-2.1266785
2025-02-20 14:00:00,-2.0854187
2025-02-20 15:00:00,-1.8638611
2025-02-20 16:00:00,-1.8336792
2025-02-20 17:00:00,-2.2103271
2025-02-20 18:00:00,-2.9734802
2025-02-20 19:00:00,-3.6116638
2025-02-20 20:00:00,-4.0017395
2025-02-20 21:00:00,-4.459015
2025-02-20 22:00:00,-4.0697327
2025-02-20 23:00:00,-4.117584
2025-02-21 00:00:00,-4.115082
2025-02-21 01:00:00,-4.010376
2025-02-21 02:00:00,-3.964447
2025-02-21 03:00:00,-3.8929138
2025-02-21 04:00:00,-3.7833557
2025-02-21 05:00:00,-3.7483215
2025-02-21 06:00:00,-3.6817017
2025-02-21 07:00:00,-3.6289978
2025-02-21 08:00:00,-3.3836365
2025-02-21 09:00:00,-2.8086548
2025-02-21 10:00:00,-2.4583435
2025-02-21 11:00:00,-1.5368347
2025-02-21 12:00:00,-0.5906677
2025-02-21 13:00:00,0.27212524
2025-02-21 14:00:00,0.68258667
2025-02-21 15:00:00,0.9053345
2025-02-21 16:00:00,1.4104309
2025-02-21 17:00:00,2.1887512
2025-02-21 18:00:00,2.5552063
2025-02-21 19:00:00,2.4305725
2025-02-21 20:00:00,2.0047913
2025-02-21 21:00:00,1.5018616
2025-02-21 22:00:00,2.206421
2025-02-21 23:00:00,3.296936
2025-02-22 00:00:00,4.7149963
2025-02-22 01:00:00,5.925873
2025-02-22 02:00:00,6.7240295
2025-02-22 03:00:00,7.028961
2025-02-22 04:00:00,7.5132446
2025-02-22 05:00:00,8.2966
2025-02-22 06:00:00,8.824249
2025-02-22 07:00:00,9.141205
2025-02-22 08:00:00,9.017914
2025-02-22 09:00:00,8.58255
2025-02-22 10:00:00,7.986328
2025-02-22 11:00:00,7.6717224
2025-02-22 12:00:00,7.393982
2025-02-22 13:00:00,6.842865
2025-02-22 14:00:00,6.6517334
2025-02-22 15:00:00,6.18927
2025-02-22 16:00:00,6.2619324
2025-02-22 17:00:00,6.705414
2025-02-22 18:00:00,6.8238525
2025-02-22 19:00:00,6.4237976
2025-02-22 20:00:00,5.5780945
2025-02-22 21:00:00,4.4830627
2025-02-22 22:00:00,3.9927063
2025-02-22 23:00:00,3.6507568
2025-02-23 00:00:00,3.670929
2025-02-23 01:00:00,3.7274475
2025-02-23 02:00:00,4.1476135
2025-02-23 03:00:00,4.840912
2025-02-23 04:00:00,5.322998
2025-02-23 05:00:00,5.3527527
2025-02-23 06:00:00,5.036255
2025-02-23 07:00:00,4.725647
2025-02-23 08:00:00,4.6722107
2025-02-23 09:00:00,5.064972
2025-02-23 10:00:00,4.7540894
2025-02-23 11:00:00,4.366852
2025-02-23 12:00:00,4.1163635
2025-02-23 13:00:00,4.3517456
2025-02-23 14:00:00,4.340851
2025-02-23 15:00:00,4.276825
2025-02-23 16:00:00,4.6365967
2025-02-23 17:00:00,4.3473206
2025-02-23 18:00:00,4.1790466
2025-02-23 19:00:00,4.2809753
2025-02-23 20:00:00,4.0406494
2025-02-23 21:00:00,4.2755737
2025-02-23 22:00:00,3.9693298
2025-02-23 23:00:00,4.0968933
2025-02-24 00:00:00,4.257324
2025-02-24 01:00:00,4.766876
2025-02-24 02:00:00,4.966522
2025-02-24 03:00:00,5.096527
2025-02-24 04:00:00,5.0827026
2025-02-24 05:00:00,5.067505
2025-02-24 06:00:00,5.3841553
2025-02-24 07:00:00,5.7180176
2025-02-24 08:00:00,5.9187317
2025-02-24 09:00:00,6.1559753
2025-02-24 10:00:00,6.8503113
2025-02-24 11:00:00,6.7627563
2025-02-24 12:00:00,6.379181
2025-02-24 13:00:00,6.2318115
2025-02-24 14:00:00,5.6125793
2025-02-24 15:00:00,4.966797
2025-02-24 16:00:00,4.8841553
2025-02-24 17:00:00,5.101227
2025-02-24 18:00:00,5.2934265
2025-02-24 19:00:00,5.3071594
2025-02-24 20:00:00,4.945282
2025-02-24 21:00:00,4.1470947
2025-02-24 22:00:00,2.8338318
2025-02-24 23:00:00,2.2409363
2025-02-25 00:00:00,2.355133
2025-02-25 01:00:00,3.2372742
2025-02-25 02:00:00,3.84552
2025-02-25 03:00:00,4.363678
2025-02-25 04:00:00,3.900177
2025-02-25 05:00:00,3.087494
2025-02-25 06:00:00,3.1059875
2025-02-25 07:00:00,3.3319397
2025-02-25 08:00:00,3.513916
2025-02-25 09:00:00,3.6853333
2025-02-25 10:00:00,3.4640808
2025-02-25 11:00:00,3.7703552
2025-02-25 12:00:00,3.9371643
2025-02-25 13:00:00,4.044861
2025-02-25 14:00:00,4.2016296
2025-02-25 15:00:00,4.2609253
2025-02-25 16:00:00,3.89328
2025-02-25 17:00:00,3.4655457
2025-02-25 18:00:00,2.9568787
2025-02-25 19:00:00,2.3817444
2025-02-25 20:00:00,1.9118347
2025-02-25 21:00:00,1.4005432
2025-02-25 22:00:00,1.733551
2025-02-25 23:00:00,1.5045776
2025-02-26 00:00:00,1.2359314
2025-02-26 01:00:00,1.0086365
2025-02-26 02:00:00,0.7092285
2025-02-26 03:00:00,0.42721558
2025-02-26 04:00:00,0.19082642
2025-02-26 05:00:00,-0.14285278
2025-02-26 06:00:00,-0.6294861
2025-02-26 07:00:00,-1.0657043
2025-02-26 08:00:00,-1.3765564
2025-02-26 09:00:00,-1.3589783
2025-02-26 10:00:00,-0.7292175
2025-02-26 11:00:00,-0.32833862
2025-02-26 12:00:00,-0.10046387
2025-02-26 13:00:00,0.02810669
2025-02-26 14:00:00,0.06820679
2025-02-26 15:00:00,0.15206909
2025-02-26 16:00:00,0.16812134
2025-02-26 17:00:00,0.2038269
2025-02-26 18:00:00,0.19519043
2025-02-26 19:00:00,0.1081543
2025-02-26 20:00:00,0.115478516
2025-02-26 21:00:00,0.20315552
2025-02-26 22:00:00,0.7608948
2025-02-26 23:00:00,0.8526306
2025-02-27 00:00:00,0.99279785
2025-02-27 01:00:00,1.0760193
2025-02-27 02:00:00,1.0993652
2025-02-27 03:00:00,1.113617
2025-02-27 04:00:00,1.1396179
2025-02-27 05:00:00,1.1615295
2025-02-27 06:00:00,1.1619873
2025-02-27 07:00:00,1.1158752
2025-02-27 08:00:00,0.96066284
2025-02-27 09:00:00,0.6958008
2025-02-27 10:00:00,0.5423584
2025-02-27 11:00:00,0.32800293
2025-02-27 12:00:00,0.23406982
2025-02-27 13:00:00,0.16177368
2025-02-27 14:00:00,0.08065796
2025-02-27 15:00:00,-0.04812622
2025-02-27 16:00:00,0.1199646
2025-02-27 17:00:00,0.19839478
2025-02-27 18:00:00,0.33724976
2025-02-27 19:00:00,0.46051025
2025-02-27 20:00:00,0.5116272
2025-02-27 21:00:00,0.45870972
2025-02-27 22:00:00,0.121795654
2025-02-27 23:00:00,0.09838867
2025-02-28 00:00:00,0.25100708
2025-02-28 01:00:00,0.45095825
2025-02-28 02:00:00,0.5274658
2025-02-28 03:00:00,0.46505737
2025-02-28 04:00:00,0.30944824
2025-02-28 05:00:00,0.09176636
2025-02-28 06:00:00,-0.07022095
2025-02-28 07:00:00,-0.2012024
2025-02-28 08:00:00,-0.3296814
2025-02-28 09:00:00,-0.36453247
2025-02-28 10:00:00,0.28079224
2025-02-28 11:00:00,0.38363647
2025-02-28 12:00:00,0.45791626
2025-02-28 13:00:00,0.5576477
2025-02-28 14:00:00,0.6793518
2025-02-28 15:00:00,0.76449585
2025-02-28 16:00:00,0.7425232
2025-02-28 17:00:00,0.6840515
2025-02-28 18:00:00,0.61938477
2025-02-28 19:00:00,0.65719604
2025-02-28 20:00:00,0.7541199
2025-02-28 21:00:00,0.9136658
2025-02-28 22:00:00,-0.20806885
2025-02-28 23:00:00,-0.24484253
2025-03-01 00:00:00,0.055603027
2025-03-01 01:00:00,0.75338745
2025-03-01 02:00:00,1.2644348
2025-03-01 03:00:00,1.6507874
2025-03-01 04:00:00,2.0368958
2025-03-01 05:00:00,2.0575867
2025-03-01 06:00:00,1.9396057
2025-03-01 07:00:00,1.9883728
2025-03-01 08:00:00,2.140686
2025-03-01 09:00:00,2.2850647
2025-03-01 10:00:00,2.775177
2025-03-01 11:00:00,2.733612
2025-03-01 12:00:00,2.7861938
2025-03-01 13:00:00,3.039093
2025-03-01 14:00:00,3.286377
2025-03-01 15:00:00,3.341217
2025-03-01 16:00:00,3.2929382
2025-03-01 17:00:00,3.3249512
2025-03-01 18:00:00,3.0575256
2025-03-01 19:00:00,1.5904846
2025-03-01 20:00:00,0.16790771
2025-03-01 21:00:00,-0.3732605
2025-03-01 22:00:00,0.740448
2025-03-01 23:00:00,1.0368042
2025-03-02 00:00:00,1.9154358
2025-03-02 01:00:00,2.8814087
2025-03-02 02:00:00,3.705597
2025-03-02 03:00:00,4.480255
2025-03-02 04:00:00,4.578583
2025-03-02 05:00:00,4.4620667
2025-03-02 06:00:00,4.387207
2025-03-02 07:00:00,4.245575
2025-03-02 08:00:00,4.5226746
2025-03-02 09:00:00,4.5403137
2025-03-02 10:00:00,3.8435364
2025-03-02 11:00:00,3.4914246
2025-03-02 12:00:00,2.759674
2025-03-02 13:00:00,3.8368835
2025-03-02 14:00:00,4.7009583
2025-03-02 15:00:00,5.6250916
2025-03-02 16:00:00,6.594116
2025-03-02 17:00:00,7.0825806
2025-03-02 18:00:00,6.255707
2025-03-02 19:00:00,5.370819
2025-03-02 20:00:00,4.7953796
2025-03-02 21:00:00,4.67334
2025-03-02 22:00:00,4.7256165
2025-03-02 23:00:00,5.090912
2025-03-03 00:00:00,5.0481873
2025-03-03 01:00:00,4.7881165
2025-03-03 02:00:00,3.8002014
2025-03-03 03:00:00,3.3077698
2025-03-03 04:00:00,2.704132
2025-03-03 05:00:00,2.092987
2025-03-03 06:00:00,1.6816101
2025-03-03 07:00:00,1.3735657
2025-03-03 08:00:00,1.2530518
2025-03-03 09:00:00,1.2411194
2025-03-03 10:00:00,0.9838562
2025-03-03 11:00:00,2.2060852
2025-03-03 12:00:00,3.4928894
2025-03-03 13:00:00,4.612335
2025-03-03 14:00:00,5.345978
2025-03-03 15:00:00,5.8285217
2025-03-03 16:00:00,5.726166
2025-03-03 17:00:00,5.2469482
2025-03-03 18:00:00,4.932251
2025-03-03 19:00:00,4.5673523
2025-03-03 20:00:00,4.1994324
2025-03-03 21:00:00,3.7434998
2025-03-03 22:00:00,4.6042786
2025-03-03 23:00:00,4.3588257
2025-03-04 00:00:00,4.2085876
2025-03-04 01:00:00,4.227112
2025-03-04 02:00:00,4.321228
2025-03-04 03:00:00,4.0061035
2025-03-04 04:00:00,3.8746643
2025-03-04 05:00:00,3.7793884
2025-03-04 06:00:00,3.6256409
2025-03-04 07:00:00,3.5281677
2025-03-04 08:00:00,3.3425293
2025-03-04 09:00:00,3.3162537
2025-03-04 10:00:00,2.8473816
2025-03-04 11:00:00,3.4064026
2025-03-04 12:00:00,3.844757
2025-03-04 13:00:00,4.129364
2025-03-04 14:00:00,4.24704
2025-03-04 15:00:00,4.4011536
2025-03-04 16:00:00,4.4334717
2025-03-04 17:00:00,4.4721375
2025-03-04 18:00:00,4.480438
2025-03-04 19:00:00,4.319336
2025-03-04 20:00:00,3.8819275
2025-03-04 21:00:00,3.5124817
2025-03-04 22:00:00,3.4333496
2025-03-04 23:00:00,3.979309
2025-03-05 00:00:00,4.1004944
2025-03-05 01:00:00,3.9980164
2025-03-05 02:00:00,3.9300232
2025-03-05 03:00:00,3.8371582
2025-03-05 04:00:00,3.8764343
2025-03-05 05:00:00,4.0591736
2025-03-05 06:00:00,4.136261
2025-03-05 07:00:00,4.112671
2025-03-05 08:00:00,4.2826233
2025-03-05 09:00:00,4.6162415
2025-03-05 10:00:00,5.2496643
2025-03-05 11:00:00,6.001251
2025-03-05 12:00:00,6.3890076
2025-03-05 13:00:00,6.4648743
2025-03-05 14:00:00,6.5694275
2025-03-05 15:00:00,6.632843
2025-03-05 16:00:00,6.381317
2025-03-05 17:00:00,6.002289
2025-03-05 18:00:00,5.8580017
2025-03-05 19:00:00,5.8847656
2025-03-05 20:00:00,5.9799194
2025-03-05 21:00:00,6.0715027
2025-03-05 22:00:00,5.356598
2025-03-05 23:00:00,5.4808044
2025-03-06 00:00:00,5.9583435
2025-03-06 01:00:00,6.174591
2025-03-06 02:00:00,6.405731
2025-03-06 03:00:00,5.916931
2025-03-06 04:00:00,5.8214417
2025-03-06 05:00:00,6.182129
2025-03-06 06:00:00,6.7373047
2025-03-06 07:00:00,7.062866
2025-03-06 08:00:00,7.1351013
2025-03-06 09:00:00,7.193207
2025-03-06 10:00:00,6.6056213
2025-03-06 11:00:00,7.2007446
2025-03-06 12:00:00,7.9562073
2025-03-06 13:00:00,8.662659
2025-03-06 14:00:00,8.898956
2025-03-06 15:00:00,8.856781
2025-03-06 16:00:00,8.423859
2025-03-06 17:00:00,7.823639
2025-03-06 18:00:00,7.3509216
2025-03-06 19:00:00,7.3358154
2025-03-06 20:00:00,7.8031616
2025-03-06 21:00:00,8.106049
2025-03-06 22:00:00,7.9529724
2025-03-06 23:00:00,7.73114
2025-03-07 00:00:00,7.228119
2025-03-07 01:00:00,6.616913
2025-03-07 02:00:00,6.005829
2025-03-07 03:00:00,5.610626
2025-03-07 04:00:00,4.9738464
2025-03-07 05:00:00,4.0837097
2025-03-07 06:00:00,3.393097
2025-03-07 07:00:00,3.0674744
2025-03-07 08:00:00,3.4384155
2025-03-07 09:00:00,4.464081
2025-03-07 10:00:00,4.969757
2025-03-07 11:00:00,6.181122
2025-03-07 12:00:00,7.398163
2025-03-07 13:00:00,8.062103
2025-03-07 14:00:00,8.525238
2025-03-07 15:00:00,8.833496
2025-03-07 16:00:00,9.063751
2025-03-07 17:00:00,9.320221
2025-03-07 18:00:00,9.424408
2025-03-07 19:00:00,9.413239
2025-03-07 20:00:00,9.322357
2025-03-07 21:00:00,8.792816
2025-03-07 22:00:00,8.919098
2025-03-07 23:00:00,8.313202
2025-03-08 00:00:00,7.1288757
2025-03-08 01:00:00,5.9769287
2025-03-08 02:00:00,4.8196106
2025-03-08 03:00:00,3.9353943
2025-03-08 04:00:00,3.238861
2025-03-08 05:00:00,2.840454
2025-03-08 06:00:00,2.5196838
2025-03-08 07:00:00,2.9045105
2025-03-08 08:00:00,3.8652039
2025-03-08 09:00:00,4.774872
2025-03-08 10:00:00,5.7723694
2025-03-08 11:00:00,5.365814
2025-03-08 12:00:00,5.62381
2025-03-08 13:00:00,5.909088
2025-03-08 14:00:00,6.006378
2025-03-08 15:00:00,6.0038147
2025-03-08 16:00:00,5.942322
2025-03-08 17:00:00,5.8340454
2025-03-08 18:00:00,5.71402
2025-03-08 19:00:00,5.60849
2025-03-08 20:00:00,5.4996033
2025-03-08 21:00:00,5.3960266
2025-03-08 22:00:00,5.8074036
2025-03-08 23:00:00,5.7571716
2025-03-09 00:00:00,5.7187195
2025-03-09 01:00:00,5.6642456
2025-03-09 02:00:00,5.605072
2025-03-09 03:00:00,5.5118103
2025-03-09 04:00:00,5.4141846
2025-03-09 05:00:00,5.208832
2025-03-09 06:00:00,4.9035034
2025-03-09 07:00:00,4.504059
2025-03-09 08:00:00,4.0875244
2025-03-09 09:00:00,3.7189026
2025-03-09 10:00:00,4.743622
2025-03-09 11:00:00,4.8193054
2025-03-09 12:00:00,5.0746765
2025-03-09 13:00:00,5.657196
2025-03-09 14:00:00,6.365265
2025-03-09 15:00:00,7.1757507
2025-03-09 16:00:00,7.904297
2025-03-09 17:00:00,8.391632
2025-03-09 18:00:00,8.603424
2025-03-09 19:00:00,8.469116
2025-03-09 20:00:00,8.090912
2025-03-09 21:00:00,7.7742004
2025-03-09 22:00:00,7.8348083
2025-03-09 23:00:00,7.6610413
2025-03-10 00:00:00,7.2070007
2025-03-10 01:00:00,6.880249
2025-03-10 02:00:00,6.719452
2025-03-10 03:00:00,6.282135
2025-03-10 04:00:00,5.410858
2025-03-10 05:00:00,4.3978577
2025-03-10 06:00:00,3.4508362
2025-03-10 07:00:00,2.6869507
2025-03-10 08:00:00,2.0986633
2025-03-10 09:00:00,1.7649841
2025-03-10 10:00:00,1.0718994
2025-03-10 11:00:00,0.48553467
2025-03-10 12:00:00,0.14105225
2025-03-10 13:00:00,0.013671875
2025-03-10 14:00:00,-0.2805786
2025-03-10 15:00:00,-0.73617554
2025-03-10 16:00:00,-1.2617493
2025-03-10 17:00:00,-1.7913818
2025-03-10 18:00:00,-2.1819458
2025-03-10 19:00:00,-2.3569946
2025-03-10 20:00:00,-2.5011597
2025-03-10 21:00:00,-2.5948792
2025-03-10 22:00:00,-2.79068
2025-03-10 23:00:00,-2.8762207
2025-03-11 00:00:00,-3.0291748
2025-03-11 01:00:00,-3.151703
2025-03-11 02:00:00,-3.3013306
2025-03-11 03:00:00,-3.384369
2025-03-11 04:00:00,-3.4811707
2025-03-11 05:00:00,-3.5740356
2025-03-11 06:00:00,-3.6174927
2025-03-11 07:00:00,-3.6506042
2025-03-11 08:00:00,-3.6758118
2025-03-11 09:00:00,-3.7487793
2025-03-11 10:00:00,-3.7080383
2025-03-11 11:00:00,-3.5602112
2025-03-11 12:00:00,-3.4166565
2025-03-11 13:00:00,-3.3658752
2025-03-11 14:00:00,-3.4717102
2025-03-11 15:00:00,-3.70813
2025-03-11 16:00:00,-4.0272217
2025-03-11 17:00:00,-4.3197327
2025-03-11 18:00:00,-4.471039
2025-03-11 19:00:00,-4.5187683
2025-03-11 20:00:00,-4.5140076
2025-03-11 21:00:00,-4.4552307
2025-03-11 22:00:00,-4.181061
2025-03-11 23:00:00,-4.0604553
2025-03-12 00:00:00,-4.0263977
2025-03-12 01:00:00,-3.9369202
2025-03-12 02:00:00,-3.9137268
2025-03-12 03:00:00,-3.88443
2025-03-12 04:00:00,-3.8796692
2025-03-12 05:00:00,-3.8631287
2025-03-12 06:00:00,-3.9008484
2025-03-12 07:00:00,-3.8750916
2025-03-12 08:00:00,-3.8074646
2025-03-12 09:00:00,-3.4578247
2025-03-12 10:00:00,-3.3703918
2025-03-12 11:00:00,-3.3887634
2025-03-12 12:00:00,-3.459015
2025-03-12 13:00:00,-3.4832458
2025-03-12 14:00:00,-3.455597
2025-03-12 15:00:00,-3.6186218
2025-03-12 16:00:00,-3.792694
2025-03-12 17:00:00,-4.002533
2025-03-12 18:00:00,-4.141815
2025-03-12 19:00:00,-4.264618
2025-03-12 20:00:00,-4.277069
2025-03-12 21:00:00,-4.3587036
2025-03-12 22:00:00,-3.9928284
2025-03-12 23:00:00,-4.0548706
2025-03-13 00:00:00,-4.0954285
2025-03-13 01:00:00,-4.195526
2025-03-13 02:00:00,-4.33786
2025-03-13 03:00:00,-4.436981
2025-03-13 04:00:00,-4.5595703
2025-03-13 05:00:00,-4.7313538
2025-03-13 06:00:00,-4.785248
2025-03-13 07:00:00,-4.8266907
2025-03-13 08:00:00,-4.565979
2025-03-13 09:00:00,-4.063568
2025-03-13 10:00:00,-4.135895
2025-03-13 11:00:00,-3.76474
2025-03-13 12:00:00,-3.7686157
2025-03-13 13:00:00,-3.585907
2025-03-13 14:00:00,-3.329193
2025-03-13 15:00:00,-3.5137024
2025-03-13 16:00:00,-3.8363953
2025-03-13 17:00:00,-4.276581
2025-03-13 18:00:00,-4.77829
2025-03-13 19:00:00,-5.1583557
2025-03-13 20:00:00,-5.3327637
2025-03-13 21:00:00,-5.3623047
2025-03-13 22:00:00,-5.398529
2025-03-13 23:00:00,-5.4226685
2025-03-14 00:00:00,-5.3718567
2025-03-14 01:00:00,-5.2645874
2025-03-14 02:00:00,-5.0628357
2025-03-14 03:00:00,-4.9066467
2025-03-14 04:00:00,-4.7460938
2025-03-14 05:00:00,-4.5737
2025-03-14 06:00:00,-4.37381
2025-03-14 07:00:00,-4.086151
2025-03-14 08:00:00,-3.9790344
2025-03-14 09:00:00,-4.198944
2025-03-14 10:00:00,-4.0737
2025-03-14 11:00:00,-2.9841003
2025-03-14 12:00:00,-1.8901062
2025-03-14 13:00:00,-1.3262024
2025-03-14 14:00:00,-1.110199
2025-03-14 15:00:00,-1.1487427
2025-03-14 16:00:00,-1.2568054
2025-03-14 17:00:00,-1.4194336
2025-03-14 18:00:00,-1.5550537
2025-03-14 19:00:00,-1.6180115
2025-03-14 20:00:00,-1.6194153
2025-03-14 21:00:00,-1.5518494
2025-03-14 22:00:00,-1.7225647
2025-03-14 23:00:00,-1.5373535
2025-03-15 00:00:00,-1.2703857
2025-03-15 01:00:00,-0.99508667
2025-03-15 02:00:00,-0.7713928
2025-03-15 03:00:00,-0.60598755
2025-03-15 04:00:00,-0.45870972
2025-03-15 05:00:00,-0.33309937
2025-03-15 06:00:00,-0.2425232
2025-03-15 07:00:00,-0.19851685
2025-03-15 08:00:00,-0.22695923
2025-03-15 09:00:00,-0.5133362
2025-03-15 10:00:00,-1.2729187
2025-03-15 11:00:00,-0.67684937
2025-03-15 12:00:00,-0.1481018
2025-03-15 13:00:00,0.24795532
2025-03-15 14:00:00,0.33468628
2025-03-15 15:00:00,0.11953735
2025-03-15 16:00:00,-0.02218628
2025-03-15 17:00:00,0.033477783
2025-03-15 18:00:00,0.0011291504
2025-03-15 19:00:00,-0.09677124
2025-03-15 20:00:00,0.021392822
2025-03-15 21:00:00,0.30789185
2025-03-15 22:00:00,0.20791626
2025-03-15 23:00:00,0.4604187
2025-03-16 00:00:00,1.0151978
2025-03-16 01:00:00,1.9839783
2025-03-16 02:00:00,1.868866
2025-03-16 03:00:00,0.46450806
2025-03-16 04:00:00,-0.41888428
2025-03-16 05:00:00,-1.021637
2025-03-16 06:00:00,-1.7708435
2025-03-16 07:00:00,-2.5944824
2025-03-16 08:00:00,-2.958313
2025-03-16 09:00:00,-2.5708923
2025-03-16 10:00:00,-2.6964417
2025-03-16 11:00:00,-2.600006
2025-03-16 12:00:00,-2.306366
2025-03-16 13:00:00,-2.014862
2025-03-16 14:00:00,-1.8570862
2025-03-16 15:00:00,-2.5000916
2025-03-16 16:00:00,-3.9972534
2025-03-16 17:00:00,-4.869812
2025-03-16 18:00:00,-5.02359
2025-03-16 19:00:00,-4.887146
2025-03-16 20:00:00,-4.6559143
2025-03-16 21:00:00,-4.8002014
2025-03-16 22:00:00,-4.9298706
2025-03-16 23:00:00,-5.362488
2025-03-17 00:00:00,-5.431244
2025-03-17 01:00:00,-5.3672485
2025-03-17 02:00:00,-5.0355835
2025-03-17 03:00:00,-4.7763977
2025-03-17 04:00:00,-4.8866577
2025-03-17 05:00:00,-4.985565
2025-03-17 06:00:00,-4.8726807
2025-03-17 07:00:00,-4.488373
2025-03-17 08:00:00,-3.7607117
2025-03-17 09:00:00,-3.10141
2025-03-17 10:00:00,-3.79599
2025-03-17 11:00:00,-3.1913147
2025-03-17 12:00:00,-2.3248596
2025-03-17 13:00:00,-1.6372986
2025-03-17 14:00:00,-1.4167786
2025-03-17 15:00:00,-1.5158081
2025-03-17 16:00:00,-1.6320496
2025-03-17 17:00:00,-1.907959
2025-03-17 18:00:00,-1.3271484
2025-03-17 19:00:00,-0.5090027
2025-03-17 20:00:00,0.33926392
2025-03-17 21:00:00,1.0313721
2025-03-17 22:00:00,2.594635
2025-03-17 23:00:00,2.8049622
2025-03-18 00:00:00,2.907135
2025-03-18 01:00:00,2.972046
2025-03-18 02:00:00,2.797821
2025-03-18 03:00:00,2.2974548
2025-03-18 04:00:00,1.9687195
2025-03-18 05:00:00,1.913208
2025-03-18 06:00:00,2.039032
2025-03-18 07:00:00,2.3539734
2025-03-18 08:00:00,2.9649658
2025-03-18 09:00:00,3.5154724
2025-03-18 10:00:00,3.9056091
2025-03-18 11:00:00,4.0204163
2025-03-18 12:00:00,4.821411
2025-03-18 13:00:00,5.53891
2025-03-18 14:00:00,5.8724365
2025-03-18 15:00:00,6.1188965
2025-03-18 16:00:00,6.388214
2025-03-18 17:00:00,6.4699707
2025-03-18 18:00:00,6.193268
2025-03-18 19:00:00,6.028534
2025-03-18 20:00:00,5.9950256
2025-03-18 21:00:00,5.9830627
2025-03-18 22:00:00,5.782135
2025-03-18 23:00:00,5.9296265
2025-03-19 00:00:00,5.881012
2025-03-19 01:00:00,5.6856995
2025-03-19 02:00:00,5.3069763
2025-03-19 03:00:00,4.818634
2025-03-19 04:00:00,4.40921
2025-03-19 05:00:00,4.284607
2025-03-19 06:00:00,4.3380737
2025-03-19 07:00:00,4.4372864
2025-03-19 08:00:00,4.5744934
2025-03-19 09:00:00,4.704956
2025-03-19 10:00:00,5.2568054
2025-03-19 11:00:00,5.3590393
2025-03-19 12:00:00,5.2189026
2025-03-19 13:00:00,5.5590515
2025-03-19 14:00:00,5.886505
2025-03-19 15:00:00,6.0900574
2025-03-19 16:00:00,6.1736755
2025-03-19 17:00:00,6.062683
2025-03-19 18:00:00,5.794464
2025-03-19 19:00:00,5.707367
2025-03-19 20:00:00,5.770172
2025-03-19 21:00:00,5.744232
2025-03-19 22:00:00,5.36911
2025-03-19 23:00:00,5.3502197
2025-03-20 00:00:00,5.2612305
2025-03-20 01:00:00,5.0975037
2025-03-20 02:00:00,4.90329
2025-03-20 03:00:00,4.6092224
2025-03-20 04:00:00,4.1822815
2025-03-20 05:00:00,3.7396545
2025-03-20 06:00:00,3.3085022
2025-03-20 07:00:00,2.7098694
2025-03-20 08:00:00,2.2271729
2025-03-20 09:00:00,1.4077454
2025-03-20 10:00:00,1.0225525
2025-03-20 11:00:00,1.3085938
2025-03-20 12:00:00,2.3730774
2025-03-20 13:00:00,3.222168
2025-03-20 14:00:00,3.7241516
2025-03-20 15:00:00,3.8283386
2025-03-20 16:00:00,3.613922
2025-03-20 17:00:00,3.4137573
2025-03-20 18:00:00,3.6037903
2025-03-20 19:00:00,3.1568909
2025-03-20 20:00:00,2.3970947
2025-03-20 21:00:00,1.9829407
2025-03-20 22:00:00,1.3558044
2025-03-20 23:00:00,1.4534302
2025-03-21 00:00:00,1.5448914
2025-03-21 01:00:00,1.6049805
2025-03-21 02:00:00,1.7441406
2025-03-21 03:00:00,1.8934021
2025-03-21 04:00:00,1.8718567
2025-03-21 05:00:00,1.7070618
2025-03-21 06:00:00,1.5483398
2025-03-21 07:00:00,1.3908997
2025-03-21 08:00:00,1.2440796
2025-03-21 09:00:00,1.0892639
2025-03-21 10:00:00,1.8676453
2025-03-21 11:00:00,1.3805847
2025-03-21 12:00:00,1.4275818
2025-03-21 13:00:00,1.5290527
2025-03-21 14:00:00,1.5679016
2025-03-21 15:00:00,1.4855042
2025-03-21 16:00:00,1.3424988
2025-03-21 17:00:00,1.2271118
2025-03-21 18:00:00,1.1203918
2025-03-21 19:00:00,0.95358276
2025-03-21 20:00:00,0.7065735
2025-03-21 21:00:00,0.40853882
2025-03-21 22:00:00,0.11642456
2025-03-21 23:00:00,-0.17440796
2025-03-22 00:00:00,-0.37921143
2025-03-22 01:00:00,-0.46829224
2025-03-22 02:00:00,-0.47280884
2025-03-22 03:00:00,-0.38006592
2025-03-22 04:00:00,-0.23275757
2025-03-22 05:00:00,-0.02822876
2025-03-22 06:00:00,0.3298645
2025-03-22 07:00:00,0.91519165
2025-03-22 08:00:00,1.3893127
2025-03-22 09:00:00,1.8155212
2025-03-22 10:00:00,1.9040833
2025-03-22 11:00:00,2.1629333
2025-03-22 12:00:00,2.378418
2025-03-22 13:00:00,2.6304932
2025-03-22 14:00:00,2.787445
2025-03-22 15:00:00,2.9256592
2025-03-22 16:00:00,3.1723633
2025-03-22 17:00:00,3.4299622
2025-03-22 18:00:00,3.7441406
2025-03-22 19:00:00,3.9213257
2025-03-22 20:00:00,3.7301025
2025-03-22 21:00:00,3.3517761
2025-03-22 22:00:00,3.3385315
2025-03-22 23:00:00,3.382721
2025-03-23 00:00:00,3.4844055
2025-03-23 01:00:00,3.5925293
2025-03-23 02:00:00,3.567047
2025-03-23 03:00:00,3.417328
2025-03-23 04:00:00,3.2891846
2025-03-23 05:00:00,3.1222534
2025-03-23 06:00:00,2.952179
2025-03-23 07:00:00,2.7859192
2025-03-23 08:00:00,2.3877869
2025-03-23 09:00:00,1.7112122
2025-03-23 10:00:00,2.205841
2025-03-23 11:00:00,1.5453186
2025-03-23 12:00:00,0.88687134
2025-03-23 13:00:00,0.24057007
2025-03-23 14:00:00,-0.33810425
2025-03-23 15:00:00,-0.52267456
2025-03-23 16:00:00,-0.3755188
2025-03-23 17:00:00,-0.11175537
2025-03-23 18:00:00,0.069122314
2025-03-23 19:00:00,0.24087524
2025-03-23 20:00:00,0.49771118
2025-03-23 21:00:00,0.7502136
2025-03-23 22:00:00,0.55441284
2025-03-23 23:00:00,0.54244995
2025-03-24 00:00:00,0.5354309
2025-03-24 01:00:00,0.5233154
2025-03-24 02:00:00,0.5133362
2025-03-24 03:00:00,0.45578003
2025-03-24 04:00:00,0.348114
2025-03-24 05:00:00,0.2220459
2025-03-24 06:00:00,0.1689148
2025-03-24 07:00:00,0.19714355
2025-03-24 08:00:00,0.28408813
2025-03-24 09:00:00,0.2702942
2025-03-24 10:00:00,0.77316284
2025-03-24 11:00:00,1.132721
2025-03-24 12:00:00,1.6519775
2025-03-24 13:00:00,2.1078796
2025-03-24 14:00:00,2.5308533
2025-03-24 15:00:00,2.9098816
2025-03-24 16:00:00,3.1542358
2025-03-24 17:00:00,3.3260193
2025-03-24 18:00:00,3.6946106
2025-03-24 19:00:00,4.285248
2025-03-24 20:00:00,4.996765
2025-03-24 21:00:00,5.5433044
2025-03-24 22:00:00,5.2727966
2025-03-24 23:00:00,5.4125977
2025-03-25 00:00:00,5.3850403
2025-03-25 01:00:00,4.640747
2025-03-25 02:00:00,3.26651
2025-03-25 03:00:00,2.3520203
2025-03-25 04:00:00,1.561676
2025-03-25 05:00:00,1.5721436
2025-03-25 06:00:00,1.4968567
2025-03-25 07:00:00,1.4526062
2025-03-25 08:00:00,1.3719177
2025-03-25 09:00:00,1.6103821
2025-03-25 10:00:00,1.9436951
2025-03-25 11:00:00,2.1810608
2025-03-25 12:00:00,2.6679993
2025-03-25 13:00:00,2.9740295
2025-03-25 14:00:00,3.1058655
2025-03-25 15:00:00,3.2974548
2025-03-25 16:00:00,3.4063416
2025-03-25 17:00:00,3.476532
2025-03-25 18:00:00,3.5450134
2025-03-25 19:00:00,3.6289978
2025-03-25 20:00:00,3.67984
2025-03-25 21:00:00,3.6326294
2025-03-25 22:00:00,3.5737915
2025-03-25 23:00:00,3.6322937
2025-03-26 00:00:00,3.329193
2025-03-26 01:00:00,2.6793823
2025-03-26 02:00:00,2.1035461
2025-03-26 03:00:00,1.4307556
2025-03-26 04:00:00,1.0939026
2025-03-26 05:00:00,0.8995056
2025-03-26 06:00:00,0.83532715
2025-03-26 07:00:00,0.875885
2025-03-26 08:00:00,0.91833496
2025-03-26 09:00:00,0.894989
2025-03-26 10:00:00,0.74172974
2025-03-26 11:00:00,1.641571
2025-03-26 12:00:00,2.1592102
2025-03-26 13:00:00,2.7012634
2025-03-26 14:00:00,2.9187317
2025-03-26 15:00:00,3.0523987
2025-03-26 16:00:00,3.1919556
2025-03-26 17:00:00,3.4736633
2025-03-26 18:00:00,3.81427
2025-03-26 19:00:00,4.0075073
2025-03-26 20:00:00,4.0639954
2025-03-26 21:00:00,4.3699036
2025-03-26 22:00:00,5.150482
2025-03-26 23:00:00,5.37735
2025-03-27 00:00:00,5.473175
2025-03-27 01:00:00,5.427643
2025-03-27 02:00:00,5.3239746
2025-03-27 03:00:00,5.274109
2025-03-27 04:00:00,5.2176514
2025-03-27 05:00:00,5.174774
2025-03-27 06:00:00,5.319977
2025-03-27 07:00:00,5.0506287
2025-03-27 08:00:00,4.2794495
2025-03-27 09:00:00,3.051941
2025-03-27 10:00:00,2.4687195
2025-03-27 11:00:00,2.637848
2025-03-27 12:00:00,2.6074524
2025-03-27 13:00:00,2.7551575
2025-03-27 14:00:00,3.2265015
2025-03-27 15:00:00,3.4666443
2025-03-27 16:00:00,3.6133118
2025-03-27 17:00:00,3.6469421
2025-03-27 18:00:00,3.6017456
2025-03-27 19:00:00,3.6178284
2025-03-27 20:00:00,3.6827698
2025-03-27 21:00:00,3.895111
2025-03-27 22:00:00,4.3414
2025-03-27 23:00:00,4.470978
2025-03-28 00:00:00,4.571869
2025-03-28 01:00:00,4.652008
2025-03-28 02:00:00,4.722687
2025-03-28 03:00:00,4.9591675
2025-03-28 04:00:00,5.2213135
2025-03-28 05:00:00,5.4127502
2025-03-28 06:00:00,5.386444
2025-03-28 07:00:00,5.1221313
2025-03-28 08:00:00,5.00177
2025-03-28 09:00:00,5.391266
2025-03-28 10:00:00,5.9236145
2025-03-28 11:00:00,6.8406067
2025-03-28 12:00:00,7.837494
2025-03-28 13:00:00,8.627411
2025-03-28 14:00:00,9.083893
2025-03-28 15:00:00,9.400024
2025-03-28 16:00:00,9.622009
2025-03-28 17:00:00,9.9505005
2025-03-28 18:00:00,10.446014
2025-03-28 19:00:00,10.767181
2025-03-28 20:00:00,10.537872
2025-03-28 21:00:00,9.878082
2025-03-28 22:00:00,9.68811
2025-03-28 23:00:00,9.032379
2025-03-29 00:00:00,8.406097
2025-03-29 01:00:00,7.8586426
2025-03-29 02:00:00,7.3912964
2025-03-29 03:00:00,6.9782715
2025-03-29 04:00:00,6.605255
2025-03-29 05:00:00,6.162567
2025-03-29 06:00:00,5.700226
2025-03-29 07:00:00,5.4028625
2025-03-29 08:00:00,5.150055
2025-03-29 09:00:00,5.2079773
2025-03-29 10:00:00,6.1423035
2025-03-29 11:00:00,6.575165
2025-03-29 12:00:00,6.7905273
2025-03-29 13:00:00,6.9724426
2025-03-29 14:00:00,6.9647217
2025-03-29 15:00:00,6.8040466
2025-03-29 16:00:00,6.575409
2025-03-29 17:00:00,6.325226
2025-03-29 18:00:00,6.091034
2025-03-29 19:00:00,5.9288025
2025-03-29 20:00:00,5.68631
2025-03-29 21:00:00,5.1080627
2025-03-29 22:00:00,4.132599
2025-03-29 23:00:00,3.526123
2025-03-30 00:00:00,3.2475586
2025-03-30 01:00:00,2.7565002
2025-03-30 02:00:00,2.179535
2025-03-30 03:00:00,1.8408203
2025-03-30 04:00:00,1.5059509
2025-03-30 05:00:00,1.1126404
2025-03-30 06:00:00,0.80511475
2025-03-30 07:00:00,0.5647888
2025-03-30 08:00:00,0.48989868
2025-03-30 09:00:00,1.1479187
2025-03-30 10:00:00,1.8228455
2025-03-30 11:00:00,2.5363464
2025-03-30 12:00:00,3.0601196
2025-03-30 13:00:00,3.413391
2025-03-30 14:00:00,3.4730225
2025-03-30 15:00:00,3.4397278
2025-03-30 16:00:00,3.429596
2025-03-30 17:00:00,3.502533
2025-03-30 18:00:00,3.5254211
2025-03-30 19:00:00,3.4549255
2025-03-30 20:00:00,3.3704834
2025-03-30 21:00:00,3.3599548
2025-03-30 22:00:00,3.247284
2025-03-30 23:00:00,3.2748718
2025-03-31 00:00:00,3.2915344
2025-03-31 01:00:00,3.2451477
2025-03-31 02:00:00,3.2500305
2025-03-31 03:00:00,3.2884827
2025-03-31 04:00:00,3.3333435
2025-03-31 05:00:00,3.2901306
2025-03-31 06:00:00,3.0744324
2025-03-31 07:00:00,2.748932
2025-03-31 08:00:00,2.361847
2025-03-31 09:00:00,1.6875916
2025-03-31 10:00:00,1.4811096
2025-03-31 11:00:00,2.2085876
2025-03-31 12:00:00,2.9602966
2025-03-31 13:00:00,3.3715515
2025-03-31 14:00:00,3.5125122
2025-03-31 15:00:00,3.5991516
2025-03-31 16:00:00,3.5632935
2025-03-31 17:00:00,3.671051
2025-03-31 18:00:00,4.018463
2025-03-31 19:00:00,4.5123596
2025-03-31 20:00:00,4.860199
2025-03-31 21:00:00,5.0760803
2025-03-31 22:00:00,5.495758
2025-03-31 23:00:00,5.4862976
2025-04-01 00:00:00,5.384796
2025-04-01 01:00:00,5.236847
2025-04-01 02:00:00,5.197113
2025-04-01 03:00:00,5.2058105
2025-04-01 04:00:00,5.2132874
2025-04-01 05:00:00,5.205353
2025-04-01 06:00:00,5.2019653
2025-04-01 07:00:00,5.218445
2025-04-01 08:00:00,5.2618103
2025-04-01 09:00:00,5.333832
2025-04-01 10:00:00,6.09317
2025-04-01 11:00:00,6.207794
2025-04-01 12:00:00,6.08963
2025-04-01 13:00:00,6.4251404
2025-04-01 14:00:00,6.707306
2025-04-01 15:00:00,6.953766
2025-04-01 16:00:00,7.1874084
2025-04-01 17:00:00,7.403778
2025-04-01 18:00:00,7.705597
2025-04-01 19:00:00,8.168304
2025-04-01 20:00:00,8.562897
2025-04-01 21:00:00,8.79892
2025-04-01 22:00:00,9.08252
2025-04-01 23:00:00,9.291046
2025-04-02 00:00:00,9.422333
2025-04-02 01:00:00,9.502716
2025-04-02 02:00:00,9.585419
2025-04-02 03:00:00,9.690338
2025-04-02 04:00:00,9.800934
2025-04-02 05:00:00,9.910309
2025-04-02 06:00:00,10.042999
2025-04-02 07:00:00,10.1892395
2025-04-02 08:00:00,10.329803
2025-04-02 09:00:00,10.48761
2025-04-02 10:00:00,11.170074
2025-04-02 11:00:00,11.327484
2025-04-02 12:00:00,11.19519
2025-04-02 13:00:00,11.325836
2025-04-02 14:00:00,11.57962
2025-04-02 15:00:00,11.724335
2025-04-02 16:00:00,11.766205
2025-04-02 17:00:00,11.7456665
2025-04-02 18:00:00,11.705078
2025-04-02 19:00:00,11.74881
2025-04-02 20:00:00,11.871826
2025-04-02 21:00:00,11.936554
2025-04-02 22:00:00,12.16452
2025-04-02 23:00:00,12.060577
2025-04-03 00:00:00,11.984802
2025-04-03 01:00:00,11.905975
2025-04-03 02:00:00,11.802826
2025-04-03 03:00:00,11.654877
2025-04-03 04:00:00,11.467377
2025-04-03 05:00:00,11.279785
2025-04-03 06:00:00,11.157776
2025-04-03 07:00:00,11.051117
2025-04-03 08:00:00,10.947968
2025-04-03 09:00:00,10.941437
2025-04-03 10:00:00,11.909393
2025-04-03 11:00:00,11.718201
2025-04-03 12:00:00,11.985443
2025-04-03 13:00:00,12.528534
2025-04-03 14:00:00,13.017273
2025-04-03 15:00:00,13.166748
2025-04-03 16:00:00,12.871887
2025-04-03 17:00:00,12.508026
2025-04-03 18:00:00,12.497711
2025-04-03 19:00:00,11.820709
2025-04-03 20:00:00,8.849518
2025-04-03 21:00:00,5.287384
2025-04-03 22:00:00,4.221283
2025-04-03 23:00:00,3.5124207
2025-04-04 00:00:00,2.6259766
2025-04-04 01:00:00,1.9139099
2025-04-04 02:00:00,1.4068298
2025-04-04 03:00:00,0.9098816
2025-04-04 04:00:00,0.3343811
2025-04-04 05:00:00,-0.26187134
2025-04-04 06:00:00,-0.7227478
2025-04-04 07:00:00,-0.78930664
2025-04-04 08:00:00,-0.34655762
2025-04-04 09:00:00,0.27792358
2025-04-04 10:00:00,0.5762634
2025-04-04 11:00:00,1.456604
2025-04-04 12:00:00,2.0436096
2025-04-04 13:00:00,2.6134033
2025-04-04 14:00:00,3.0724792
2025-04-04 15:00:00,3.3119202
2025-04-04 16:00:00,2.940155
2025-04-04 17:00:00,2.322235
2025-04-04 18:00:00,1.7424011
2025-04-04 19:00:00,1.4159546
2025-04-04 20:00:00,1.2637024
2025-04-04 21:00:00,0.5805969
2025-04-04 22:00:00,-1.3252869
2025-04-04 23:00:00,-1.8871155
2025-04-05 00:00:00,-2.469696
2025-04-05 01:00:00,-2.994934
2025-04-05 02:00:00,-3.388031
2025-04-05 03:00:00,-3.5231934
2025-04-05 04:00:00,-3.8485107
2025-04-05 05:00:00,-4.187561
2025-04-05 06:00:00,-4.2713623
2025-04-05 07:00:00,-3.9978943
2025-04-05 08:00:00,-3.773407
2025-04-05 09:00:00,-3.6249695
2025-04-05 10:00:00,-3.7029724
2025-04-05 11:00:00,-3.5121155
2025-04-05 12:00:00,-3.5098267
2025-04-05 13:00:00,-3.580719
2025-04-05 14:00:00,-3.4586487
2025-04-05 15:00:00,-3.3989868
2025-04-05 16:00:00,-3.5822449
2025-04-05 17:00:00,-4.004364
2025-04-05 18:00:00,-4.4009705
2025-04-05 19:00:00,-4.601898
2025-04-05 20:00:00,-4.4513855
2025-04-05 21:00:00,-3.9976501
2025-04-05 22:00:00,-3.4692688
2025-04-05 23:00:00,-3.1063843
2025-04-06 00:00:00,-2.8022766
2025-04-06 01:00:00,-2.5802307
2025-04-06 02:00:00,-2.3460083
2025-04-06 03:00:00,-1.9602966
2025-04-06 04:00:00,-1.4745178
2025-04-06 05:00:00,-1.1785583
2025-04-06 06:00:00,-1.0162354
2025-04-06 07:00:00,-0.723053
2025-04-06 08:00:00,-0.45117188
2025-04-06 09:00:00,-0.42318726
2025-04-06 10:00:00,-0.6742859
2025-04-06 11:00:00,-0.40194702
2025-04-06 12:00:00,-0.050628662
2025-04-06 13:00:00,0.16900635
2025-04-06 14:00:00,0.58132935
2025-04-06 15:00:00,0.99832153
2025-04-06 16:00:00,1.621582
2025-04-06 17:00:00,2.2242737
2025-04-06 18:00:00,2.4928894
2025-04-06 19:00:00,2.6105042
2025-04-06 20:00:00,2.702057
2025-04-06 21:00:00,2.7633362
2025-04-06 22:00:00,3.3518066
2025-04-06 23:00:00,2.8997192
2025-04-07 00:00:00,2.597046
2025-04-07 01:00:00,2.3575745
2025-04-07 02:00:00,2.033081
2025-04-07 03:00:00,1.8745117
2025-04-07 04:00:00,2.0169373
2025-04-07 05:00:00,2.2654724
2025-04-07 06:00:00,2.5178528
2025-04-07 07:00:00,2.6162415
2025-04-07 08:00:00,2.3578186
2025-04-07 09:00:00,1.6149597
2025-04-07 10:00:00,2.1042175
2025-04-07 11:00:00,2.1618958
2025-04-07 12:00:00,2.0666199
2025-04-07 13:00:00,2.3037415
2025-04-07 14:00:00,2.4403992
2025-04-07 15:00:00,2.4894714
2025-04-07 16:00:00,2.3190613
2025-04-07 17:00:00,2.053833
2025-04-07 18:00:00,1.8976135
2025-04-07 19:00:00,1.7622681
2025-04-07 20:00:00,1.5934753
2025-04-07 21:00:00,1.4360657
2025-04-07 22:00:00,0.9429016
2025-04-07 23:00:00,0.8299866
2025-04-08 00:00:00,0.868927
2025-04-08 01:00:00,0.9811096
2025-04-08 02:00:00,1.0828552
2025-04-08 03:00:00,1.1644592
2025-04-08 04:00:00,1.2558289
2025-04-08 05:00:00,1.3119202
2025-04-08 06:00:00,1.3018494
2025-04-08 07:00:00,1.27005
2025-04-08 08:00:00,1.3460388
2025-04-08 09:00:00,1.4304504
2025-04-08 10:00:00,1.7298889
2025-04-08 11:00:00,2.0062866
2025-04-08 12:00:00,2.7616882
2025-04-08 13:00:00,3.3695374
2025-04-08 14:00:00,3.8235168
2025-04-08 15:00:00,3.96286
2025-04-08 16:00:00,4.1341248
2025-04-08 17:00:00,4.3815613
2025-04-08 18:00:00,4.7862854
2025-04-08 19:00:00,5.2955017
2025-04-08 20:00:00,5.7581177
2025-04-08 21:00:00,6.188629
2025-04-08 22:00:00,6.515869
2025-04-08 23:00:00,6.829834
2025-04-09 00:00:00,7.0228577
2025-04-09 01:00:00,7.02713
2025-04-09 02:00:00,5.720642
2025-04-09 03:00:00,3.9934692
2025-04-09 04:00:00,3.0866394
2025-04-09 05:00:00,2.5492554
2025-04-09 06:00:00,2.2327576
2025-04-09 07:00:00,1.7475891
2025-04-09 08:00:00,1.1312561
2025-04-09 09:00:00,-0.1105957
2025-04-09 10:00:00,-0.08441162
2025-04-09 11:00:00,-0.124298096
2025-04-09 12:00:00,-0.18597412
2025-04-09 13:00:00,-0.7220154
2025-04-09 14:00:00,-1.1221619
2025-04-09 15:00:00,-1.0213623
2025-04-09 16:00:00,-0.8172302
2025-04-09 17:00:00,-1.0388184
2025-04-09 18:00:00,-1.4530945
2025-04-09 19:00:00,-1.7099915
2025-04-09 20:00:00,-1.8767395
2025-04-09 21:00:00,-2.0083923
2025-04-09 22:00:00,-2.0205994
2025-04-09 23:00:00,-2.582672
2025-04-10 00:00:00,-2.9413147
2025-04-10 01:00:00,-3.2588806
2025-04-10 02:00:00,-3.540924
2025-04-10 03:00:00,-3.7558289
2025-04-10 04:00:00,-3.9144592
2025-04-10 05:00:00,-3.986969
2025-04-10 06:00:00,-4.0290833
2025-04-10 07:00:00,-3.999237
2025-04-10 08:00:00,-3.3838806
2025-04-10 09:00:00,-2.5367737
2025-04-10 10:00:00,-1.9930115
2025-04-10 11:00:00,-1.1225586
2025-04-10 12:00:00,-0.09799194
2025-04-10 13:00:00,0.92300415
2025-04-10 14:00:00,1.6295471
2025-04-10 15:00:00,1.6820374
2025-04-10 16:00:00,1.4501343
2025-04-10 17:00:00,2.0883484
2025-04-10 18:00:00,3.4926147
2025-04-10 19:00:00,4.859833
2025-04-10 20:00:00,6.2767334
2025-04-10 21:00:00,7.516693
2025-04-10 22:00:00,7.9308777
2025-04-10 23:00:00,8.159027
2025-04-11 00:00:00,7.8680115
2025-04-11 01:00:00,7.2340393
2025-04-11 02:00:00,6.1871643
2025-04-11 03:00:00,4.731964
2025-04-11 04:00:00,2.9165955
2025-04-11 05:00:00,1.0193176
2025-04-11 06:00:00,-0.22671509
2025-04-11 07:00:00,-0.6943054
2025-04-11 08:00:00,-0.6453247
2025-04-11 09:00:00,-0.19128418
2025-04-11 10:00:00,0.69589233
2025-04-11 11:00:00,1.6603699
2025-04-11 12:00:00,2.4498596
2025-04-11 13:00:00,3.219574
2025-04-11 14:00:00,3.5490112
2025-04-11 15:00:00,2.998993
2025-04-11 16:00:00,1.835968
2025-04-11 17:00:00,0.44467163
2025-04-11 18:00:00,0.033416748
2025-04-11 19:00:00,0.30160522
2025-04-11 20:00:00,0.71099854
2025-04-11 21:00:00,1.0705261
2025-04-11 22:00:00,0.38168335
2025-04-11 23:00:00,2.151123
2025-04-12 00:00:00,4.481842
2025-04-12 01:00:00,6.252777
2025-04-12 02:00:00,7.111023
2025-04-12 03:00:00,7.7093506
2025-04-12 04:00:00,8.162872
2025-04-12 05:00:00,7.7709656
2025-04-12 06:00:00,7.264618
2025-04-12 07:00:00,6.574127
2025-04-12 08:00:00,5.6960754
2025-04-12 09:00:00,5.388153
2025-04-12 10:00:00,5.490753
2025-04-12 11:00:00,6.337219
2025-04-12 12:00:00,7.1247864
2025-04-12 13:00:00,7.789398
2025-04-12 14:00:00,8.29953
2025-04-12 15:00:00,8.543091
2025-04-12 16:00:00,8.395569
2025-04-12 17:00:00,7.9575806
2025-04-12 18:00:00,7.5315857
2025-04-12 19:00:00,7.165802
2025-04-12 20:00:00,7.0444336
2025-04-12 21:00:00,7.3174133
2025-04-12 22:00:00,7.325409
2025-04-12 23:00:00,7.4010925
2025-04-13 00:00:00,7.471527
2025-04-13 01:00:00,7.4857483
2025-04-13 02:00:00,7.441986
2025-04-13 03:00:00,7.488861
2025-04-13 04:00:00,7.5467834
2025-04-13 05:00:00,7.4985046
2025-04-13 06:00:00,7.382721
2025-04-13 07:00:00,7.2731934
2025-04-13 08:00:00,6.8928223
2025-04-13 09:00:00,6.767151
2025-04-13 10:00:00,7.7444153
2025-04-13 11:00:00,7.258148
2025-04-13 12:00:00,6.7902527
2025-04-13 13:00:00,6.354645
2025-04-13 14:00:00,5.9601746
2025-04-13 15:00:00,5.5868835
2025-04-13 16:00:00,5.5277405
2025-04-13 17:00:00,6.0391235
2025-04-13 18:00:00,6.9220276
2025-04-13 19:00:00,7.6567383
2025-04-13 20:00:00,8.635284
2025-04-13 21:00:00,9.549316
2025-04-13 22:00:00,10.089142
2025-04-13 23:00:00,9.901764
2025-04-14 00:00:00,9.532074
2025-04-14 01:00:00,9.763519
2025-04-14 02:00:00,9.558685
2025-04-14 03:00:00,8.519897
2025-04-14 04:00:00,7.3350525
2025-04-14 05:00:00,6.505768
2025-04-14 06:00:00,6.052765
2025-04-14 07:00:00,5.7782288
2025-04-14 08:00:00,5.755951
2025-04-14 09:00:00,6.125519
2025-04-14 10:00:00,8.226715
2025-04-14 11:00:00,8.587921
2025-04-14 12:00:00,9.14328
2025-04-14 13:00:00,9.6719055
2025-04-14 14:00:00,9.980804
2025-04-14 15:00:00,10.048737
2025-04-14 16:00:00,9.9913025
2025-04-14 17:00:00,9.757965
2025-04-14 18:00:00,9.2378235
2025-04-14 19:00:00,8.358978
2025-04-14 20:00:00,7.408386
2025-04-14 21:00:00,7.2469177
2025-04-14 22:00:00,7.757965
2025-04-14 23:00:00,7.7147217
2025-04-15 00:00:00,7.4943542
2025-04-15 01:00:00,7.3172607
2025-04-15 02:00:00,7.1388855
2025-04-15 03:00:00,7.0180054
2025-04-15 04:00:00,6.931885
2025-04-15 05:00:00,6.8398743
2025-04-15 06:00:00,6.742737
2025-04-15 07:00:00,6.686096
2025-04-15 08:00:00,6.6924133
2025-04-15 09:00:00,6.751526
2025-04-15 10:00:00,7.3786926
2025-04-15 11:00:00,7.7270203
2025-04-15 12:00:00,8.193512
2025-04-15 13:00:00,8.577637
2025-04-15 14:00:00,8.729523
2025-04-15 15:00:00,8.844147
2025-04-15 16:00:00,9.146118
2025-04-15 17:00:00,9.486053
2025-04-15 18:00:00,9.762054
2025-04-15 19:00:00,9.998566
2025-04-15 20:00:00,10.390106
2025-04-15 21:00:00,11.111237
2025-04-15 22:00:00,12.173981
2025-04-15 23:00:00,12.811035
2025-04-16 00:00:00,13.039703
2025-04-16 01:00:00,13.208893
2025-04-16 02:00:00,13.465332
2025-04-16 03:00:00,13.658447
2025-04-16 04:00:00,13.824005
2025-04-16 05:00:00,13.924042
2025-04-16 06:00:00,13.845093
2025-04-16 07:00:00,13.475128
2025-04-16 08:00:00,12.860748
2025-04-16 09:00:00,12.273682
2025-04-16 10:00:00,12.241119
2025-04-16 11:00:00,11.960541
2025-04-16 12:00:00,11.631866
2025-04-16 13:00:00,11.122284
2025-04-16 14:00:00,10.829193
2025-04-16 15:00:00,10.299286
2025-04-16 16:00:00,9.678192
2025-04-16 17:00:00,9.213226
2025-04-16 18:00:00,8.767303
2025-04-16 19:00:00,8.523346
2025-04-16 20:00:00,8.304352
2025-04-16 21:00:00,8.108063
2025-04-16 22:00:00,8.148346
2025-04-16 23:00:00,7.6433105
2025-04-17 00:00:00,7.1078796
2025-04-17 01:00:00,7.1195374
2025-04-17 02:00:00,7.550995
2025-04-17 03:00:00,7.612274
2025-04-17 04:00:00,7.354248
2025-04-17 05:00:00,7.195709
2025-04-17 06:00:00,7.205841
2025-04-17 07:00:00,7.269745
2025-04-17 08:00:00,7.33963
2025-04-17 09:00:00,7.518097
2025-04-17 10:00:00,8.33725
2025-04-17 11:00:00,8.517914
2025-04-17 12:00:00,8.457367
2025-04-17 13:00:00,8.361237
2025-04-17 14:00:00,8.822601
2025-04-17 15:00:00,9.306763
2025-04-17 16:00:00,9.499725
2025-04-17 17:00:00,8.5217285
2025-04-17 18:00:00,7.450012
2025-04-17 19:00:00,7.20401
2025-04-17 20:00:00,8.452301
2025-04-17 21:00:00,10.185059
2025-04-17 22:00:00,9.88092
2025-04-17 23:00:00,11.317749
2025-04-18 00:00:00,12.001404
2025-04-18 01:00:00,12.425629
2025-04-18 02:00:00,12.407013
2025-04-18 03:00:00,12.464294
2025-04-18 04:00:00,12.702087
2025-04-18 05:00:00,12.333282
2025-04-18 06:00:00,12.736969
2025-04-18 07:00:00,13.501495
2025-04-18 08:00:00,14.329437
2025-04-18 09:00:00,14.721954
2025-04-18 10:00:00,14.9079895
2025-04-18 11:00:00,13.177826
2025-04-18 12:00:00,11.889984
2025-04-18 13:00:00,11.948395
2025-04-18 14:00:00,11.724518
2025-04-18 15:00:00,11.05838
2025-04-18 16:00:00,10.838684
2025-04-18 17:00:00,10.66806
2025-04-18 18:00:00,10.341797
2025-04-18 19:00:00,9.949951
2025-04-18 20:00:00,10.166901
2025-04-18 21:00:00,10.353027
2025-04-18 22:00:00,12.404205
2025-04-18 23:00:00,11.797302
2025-04-19 00:00:00,11.096466
2025-04-19 01:00:00,11.111481
2025-04-19 02:00:00,11.020599
2025-04-19 03:00:00,10.363037
2025-04-19 04:00:00,9.658234
2025-04-19 05:00:00,9.090424
2025-04-19 06:00:00,8.6232605
2025-04-19 07:00:00,8.44577
2025-04-19 08:00:00,8.369965
2025-04-19 09:00:00,8.334625
2025-04-19 10:00:00,8.06131
2025-04-19 11:00:00,7.171509
2025-04-19 12:00:00,7.085968
2025-04-19 13:00:00,6.916382
2025-04-19 14:00:00,7.0769653
2025-04-19 15:00:00,6.820404
2025-04-19 16:00:00,6.08432
2025-04-19 17:00:00,5.5457764
2025-04-19 18:00:00,5.374878
2025-04-19 19:00:00,5.384552
2025-04-19 20:00:00,5.4501038
2025-04-19 21:00:00,5.61792
2025-04-19 22:00:00,5.019806
2025-04-19 23:00:00,5.022156
2025-04-20 00:00:00,4.953705
2025-04-20 01:00:00,4.7727356
2025-04-20 02:00:00,4.8611755
2025-04-20 03:00:00,5.006714
2025-04-20 04:00:00,4.890991
2025-04-20 05:00:00,4.6961365
2025-04-20 06:00:00,4.483917
2025-04-20 07:00:00,4.2881775
2025-04-20 08:00:00,4.131256
2025-04-20 09:00:00,4.067047
2025-04-20 10:00:00,4.027008
2025-04-20 11:00:00,4.2074585
2025-04-20 12:00:00,4.4281616
2025-04-20 13:00:00,4.601074
2025-04-20 14:00:00,4.7691956
2025-04-20 15:00:00,4.822235
2025-04-20 16:00:00,4.8005066
2025-04-20 17:00:00,4.7778015
2025-04-20 18:00:00,4.683563
2025-04-20 19:00:00,4.5310364
2025-04-20 20:00:00,4.3835144
2025-04-20 21:00:00,4.292267
2025-04-20 22:00:00,4.245117
2025-04-20 23:00:00,4.04599
2025-04-21 00:00:00,3.7621765
2025-04-21 01:00:00,3.5432434
2025-04-21 02:00:00,3.3500671
2025-04-21 03:00:00,3.1467285
2025-04-21 04:00:00,3.009491
2025-04-21 05:00:00,2.931244
2025-04-21 06:00:00,3.0239563
2025-04-21 07:00:00,3.0223083
2025-04-21 08:00:00,3.0139465
2025-04-21 09:00:00,3.0258484
2025-04-21 10:00:00,3.2202759
2025-04-21 11:00:00,3.0977478
2025-04-21 12:00:00,3.1569824
2025-04-21 13:00:00,3.1408386
2025-04-21 14:00:00,2.995819
2025-04-21 15:00:00,2.8473816
2025-04-21 16:00:00,2.722351
2025-04-21 17:00:00,2.7049255
2025-04-21 18:00:00,2.8088074
2025-04-21 19:00:00,2.9136047
2025-04-21 20:00:00,2.9790955
2025-04-21 21:00:00,3.0526428
2025-04-21 22:00:00,3.221527
2025-04-21 23:00:00,3.3631287
2025-04-22 00:00:00,3.4666443
2025-04-22 01:00:00,3.3937378
2025-04-22 02:00:00,3.3035583
2025-04-22 03:00:00,3.2320251
2025-04-22 04:00:00,3.2451477
2025-04-22 05:00:00,3.3539124
2025-04-22 06:00:00,3.3996887
2025-04-22 07:00:00,3.3611755
2025-04-22 08:00:00,3.2554016
2025-04-22 09:00:00,3.313446
2025-04-22 10:00:00,2.8328857
2025-04-22 11:00:00,3.13797
2025-04-22 12:00:00,3.561554
2025-04-22 13:00:00,3.9482727
2025-04-22 14:00:00,4.684601
2025-04-22 15:00:00,5.063141
2025-04-22 16:00:00,5.0136414
2025-04-22 17:00:00,4.6808167
2025-04-22 18:00:00,4.1602783
2025-04-22 19:00:00,3.8947754
2025-04-22 20:00:00,3.8070984
2025-04-22 21:00:00,3.9079895
2025-04-22 22:00:00,4.1788025
2025-04-22 23:00:00,4.3255005
2025-04-23 00:00:00,4.471466
2025-04-23 01:00:00,4.660248
2025-04-23 02:00:00,4.875122
2025-04-23 03:00:00,5.014679
2025-04-23 04:00:00,5.099457
2025-04-23 05:00:00,5.1872864
2025-04-23 06:00:00,5.133209
2025-04-23 07:00:00,4.939789
2025-04-23 08:00:00,4.7154236
2025-04-23 09:00:00,4.7342834
2025-04-23 10:00:00,4.4023438
2025-04-23 11:00:00,4.3471985
2025-04-23 12:00:00,4.3471985
2025-04-23 13:00:00,4.2952576
2025-04-23 14:00:00,4.09848
2025-04-23 15:00:00,3.8034058
2025-04-23 16:00:00,3.177002
2025-04-23 17:00:00,2.736267
2025-04-23 18:00:00,2.7406921
2025-04-23 19:00:00,2.8000183
2025-04-23 20:00:00,2.7434082
2025-04-23 21:00:00,2.8020325
2025-04-23 22:00:00,3.1455994
2025-04-23 23:00:00,2.80661
2025-04-24 00:00:00,2.4067688
2025-04-24 01:00:00,1.9208374
2025-04-24 02:00:00,1.2933044
2025-04-24 03:00:00,0.67303467
2025-04-24 04:00:00,0.24960327
2025-04-24 05:00:00,-0.15744019
2025-04-24 06:00:00,-0.37911987
2025-04-24 07:00:00,-0.7201233
2025-04-24 08:00:00,-0.41671753
2025-04-24 09:00:00,0.22033691
2025-04-24 10:00:00,-0.037322998
2025-04-24 11:00:00,0.58773804
2025-04-24 12:00:00,1.0718994
2025-04-24 13:00:00,1.5185547
2025-04-24 14:00:00,1.8700256
2025-04-24 15:00:00,2.0529785
2025-04-24 16:00:00,1.9646301
2025-04-24 17:00:00,1.7189636
2025-04-24 18:00:00,1.3797302
2025-04-24 19:00:00,1.0208435
2025-04-24 20:00:00,0.69747925
2025-04-24 21:00:00,0.23672485
2025-04-24 22:00:00,-0.4960327
2025-04-24 23:00:00,-0.5834656
2025-04-25 00:00:00,-0.42214966
2025-04-25 01:00:00,-0.36584473
2025-04-25 02:00:00,-0.4750061
2025-04-25 03:00:00,-0.7010193
2025-04-25 04:00:00,-0.99212646
2025-04-25 05:00:00,-1.4563599
2025-04-25 06:00:00,-1.9631042
2025-04-25 07:00:00,-2.5307922
2025-04-25 08:00:00,-1.6234741
2025-04-25 09:00:00,-0.7278137
2025-04-25 10:00:00,-0.37127686
2025-04-25 11:00:00,0.15896606
2025-04-25 12:00:00,0.50497437
2025-04-25 13:00:00,0.8285217
2025-04-25 14:00:00,1.0719299
2025-04-25 15:00:00,1.222992
2025-04-25 16:00:00,1.2151794
2025-04-25 17:00:00,1.0938416
2025-04-25 18:00:00,1.088623
2025-04-25 19:00:00,1.2167053
2025-04-25 20:00:00,1.500946
2025-04-25 21:00:00,1.6502991
2025-04-25 22:00:00,2.0420227
2025-04-25 23:00:00,2.0177612
2025-04-26 00:00:00,2.048462
2025-04-26 01:00:00,1.9747314
2025-04-26 02:00:00,1.6806335
2025-04-26 03:00:00,1.2566223
2025-04-26 04:00:00,0.77734375
2025-04-26 05:00:00,0.23025513
2025-04-26 06:00:00,-0.22860718
2025-04-26 07:00:00,-0.6604004
2025-04-26 08:00:00,-0.45907593
2025-04-26 09:00:00,0.47143555
2025-04-26 10:00:00,0.78237915
2025-04-26 11:00:00,1.4409485
2025-04-26 12:00:00,1.8916931
2025-04-26 13:00:00,2.1074524
2025-04-26 14:00:00,2.1515808
2025-04-26 15:00:00,1.9966125
2025-04-26 16:00:00,1.5120239
2025-04-26 17:00:00,0.8737793
2025-04-26 18:00:00,0.6008606
2025-04-26 19:00:00,0.6808777
2025-04-26 20:00:00,0.9085388
2025-04-26 21:00:00,1.2075806
2025-04-26 22:00:00,0.64730835
2025-04-26 23:00:00,0.78570557
2025-04-27 00:00:00,0.8652344
2025-04-27 01:00:00,1.0938416
2025-04-27 02:00:00,1.5846558
2025-04-27 03:00:00,2.2573547
2025-04-27 04:00:00,2.8901062
2025-04-27 05:00:00,3.401703
2025-04-27 06:00:00,3.8692932
2025-04-27 07:00:00,4.240387
2025-04-27 08:00:00,4.4446106
2025-04-27 09:00:00,4.353546
2025-04-27 10:00:00,5.3805237
2025-04-27 11:00:00,5.905426
2025-04-27 12:00:00,6.4776917
2025-04-27 13:00:00,7.2472534
2025-04-27 14:00:00,8.269867
2025-04-27 15:00:00,8.7968445
2025-04-27 16:00:00,9.107758
2025-04-27 17:00:00,8.894379
2025-04-27 18:00:00,8.437805
2025-04-27 19:00:00,8.070099
2025-04-27 20:00:00,7.7352905
2025-04-27 21:00:00,7.5033875
2025-04-27 22:00:00,8.2048645
2025-04-27 23:00:00,7.9658203
2025-04-28 00:00:00,7.3785095
2025-04-28 01:00:00,6.724579
2025-04-28 02:00:00,6.7534485
2025-04-28 03:00:00,6.851654
2025-04-28 04:00:00,6.5202637
2025-04-28 05:00:00,6.4533997
2025-04-28 06:00:00,6.5502625
2025-04-28 07:00:00,6.3576355
2025-04-28 08:00:00,6.2848816
2025-04-28 09:00:00,6.7278137
2025-04-28 10:00:00,7.3776855
2025-04-28 11:00:00,8.08905
2025-04-28 12:00:00,8.914886
2025-04-28 13:00:00,9.515381
2025-04-28 14:00:00,10.221191
2025-04-28 15:00:00,10.656097
2025-04-28 16:00:00,10.644409
2025-04-28 17:00:00,10.444946
2025-04-28 18:00:00,10.114349
2025-04-28 19:00:00,9.841522
2025-04-28 20:00:00,9.601288
2025-04-28 21:00:00,8.968811
2025-04-28 22:00:00,8.085846
2025-04-28 23:00:00,7.6166077
2025-04-29 00:00:00,7.499115
2025-04-29 01:00:00,7.9111023
2025-04-29 02:00:00,8.432159
2025-04-29 03:00:00,8.395172
2025-04-29 04:00:00,8.028992
2025-04-29 05:00:00,7.36792
2025-04-29 06:00:00,6.7499695
2025-04-29 07:00:00,6.526581
2025-04-29 08:00:00,7.4899597
2025-04-29 09:00:00,8.533386
2025-04-29 10:00:00,8.551758
2025-04-29 11:00:00,9.130615
2025-04-29 12:00:00,9.301453
2025-04-29 13:00:00,9.435089
2025-04-29 14:00:00,9.8013
2025-04-29 15:00:00,9.914368
2025-04-29 16:00:00,9.914764
2025-04-29 17:00:00,10.00058
2025-04-29 18:00:00,10.094208
2025-04-29 19:00:00,10.204193
2025-04-29 20:00:00,10.352722
2025-04-29 21:00:00,10.513519
2025-04-29 22:00:00,9.858185
2025-04-29 23:00:00,10.391693
2025-04-30 00:00:00,10.363068
2025-04-30 01:00:00,9.886414
2025-04-30 02:00:00,10.005341
2025-04-30 03:00:00,9.354767
2025-04-30 04:00:00,7.9132996
2025-04-30 05:00:00,7.2641907
2025-04-30 06:00:00,6.4481506
2025-04-30 07:00:00,6.0297546
2025-04-30 08:00:00,5.5638733
2025-04-30 09:00:00,4.409912
2025-04-30 10:00:00,2.9253235
2025-04-30 11:00:00,3.228363
2025-04-30 12:00:00,3.4380188
2025-04-30 13:00:00,3.684784
2025-04-30 14:00:00,4.076477
2025-04-30 15:00:00,4.1791687
2025-04-30 16:00:00,4.1036987
2025-04-30 17:00:00,3.8118286
2025-04-30 18:00:00,3.606598
2025-04-30 19:00:00,3.5741272
2025-04-30 20:00:00,3.7488098
2025-04-30 21:00:00,4.0575867
2025-04-30 22:00:00,4.128113
2025-04-30 23:00:00,4.522064
2025-05-01 00:00:00,4.7944336
2025-05-01 01:00:00,4.9306335
2025-05-01 02:00:00,4.956665
2025-05-01 03:00:00,5.3432007
2025-05-01 04:00:00,6.0323486
2025-05-01 05:00:00,6.898834
2025-05-01 06:00:00,7.7239685
2025-05-01 07:00:00,8.244141
2025-05-01 08:00:00,8.323395
2025-05-01 09:00:00,8.362518
2025-05-01 10:00:00,9.005463
2025-05-01 11:00:00,8.727661
2025-05-01 12:00:00,8.534821
2025-05-01 13:00:00,9.107758
2025-05-01 14:00:00,9.313965
2025-05-01 15:00:00,10.300537
2025-05-01 16:00:00,11.1684265
2025-05-01 17:00:00,11.978638
2025-05-01 18:00:00,12.655823
2025-05-01 19:00:00,13.058685
2025-05-01 20:00:00,13.166962
2025-05-01 21:00:00,13.077026
2025-05-01 22:00:00,12.755707
2025-05-01 23:00:00,12.158478
2025-05-02 00:00:00,12.160004
2025-05-02 01:00:00,12.597717
2025-05-02 02:00:00,12.863678
2025-05-02 03:00:00,12.906525
2025-05-02 04:00:00,12.994476
2025-05-02 05:00:00,12.95694
2025-05-02 06:00:00,11.891968
2025-05-02 07:00:00,10.588837
2025-05-02 08:00:00,9.948029
2025-05-02 09:00:00,9.941345
2025-05-02 10:00:00,10.233185
2025-05-02 11:00:00,8.814301
2025-05-02 12:00:00,8.267059
2025-05-02 13:00:00,8.697174
2025-05-02 14:00:00,10.439362
2025-05-02 15:00:00,10.377899
2025-05-02 16:00:00,10.702362
2025-05-02 17:00:00,10.609161
2025-05-02 18:00:00,10.212585
2025-05-02 19:00:00,9.889557
2025-05-02 20:00:00,9.727478
2025-05-02 21:00:00,9.638031
2025-05-02 22:00:00,8.361481
2025-05-02 23:00:00,8.10141
2025-05-03 00:00:00,7.351532
2025-05-03 01:00:00,6.457428
2025-05-03 02:00:00,5.947296
2025-05-03 03:00:00,5.6785583
2025-05-03 04:00:00,5.520111
2025-05-03 05:00:00,5.4910583
2025-05-03 06:00:00,5.568756
2025-05-03 07:00:00,6.135315
2025-05-03 08:00:00,7.0611267
2025-05-03 09:00:00,8.266449
2025-05-03 10:00:00,8.958588
2025-05-03 11:00:00,9.506989
2025-05-03 12:00:00,9.801788
2025-05-03 13:00:00,10.230652
2025-05-03 14:00:00,10.342865
2025-05-03 15:00:00,10.529633
2025-05-03 16:00:00,10.394897
2025-05-03 17:00:00,10.111359
2025-05-03 18:00:00,9.667755
2025-05-03 19:00:00,9.231018
2025-05-03 20:00:00,8.526337
2025-05-03 21:00:00,7.840576
2025-05-03 22:00:00,6.478607
2025-05-03 23:00:00,5.541046
2025-05-04 00:00:00,5.1676636
2025-05-04 01:00:00,4.8106995
2025-05-04 02:00:00,4.0292664
2025-05-04 03:00:00,2.9047546
2025-05-04 04:00:00,1.9142761
2025-05-04 05:00:00,1.2648315
2025-05-04 06:00:00,0.9663696
2025-05-04 07:00:00,1.1497498
2025-05-04 08:00:00,1.3554993
2025-05-04 09:00:00,1.5501404
2025-05-04 10:00:00,0.92630005
2025-05-04 11:00:00,0.4083557
2025-05-04 12:00:00,-0.09063721
2025-05-04 13:00:00,0.029449463
2025-05-04 14:00:00,0.5034485
2025-05-04 15:00:00,0.7833557
2025-05-04 16:00:00,0.90960693
2025-05-04 17:00:00,0.9144287
2025-05-04 18:00:00,0.8632202
2025-05-04 19:00:00,0.88449097
2025-05-04 20:00:00,1.1027222
2025-05-04 21:00:00,1.4672546
2025-05-04 22:00:00,1.3165588
2025-05-04 23:00:00,1.2680359
2025-05-05 00:00:00,1.2297058
2025-05-05 01:00:00,1.1393127
2025-05-05 02:00:00,0.75375366
2025-05-05 03:00:00,0.31713867
2025-05-05 04:00:00,-0.054016113
2025-05-05 05:00:00,-0.33078003
2025-05-05 06:00:00,-0.52053833
2025-05-05 07:00:00,0.14163208
2025-05-05 08:00:00,1.2332458
2025-05-05 09:00:00,2.1677246
2025-05-05 10:00:00,2.1374207
2025-05-05 11:00:00,2.8672485
2025-05-05 12:00:00,3.6216736
2025-05-05 13:00:00,4.4771423
2025-05-05 14:00:00,5.501587
2025-05-05 15:00:00,6.492157
2025-05-05 16:00:00,7.0556946
2025-05-05 17:00:00,7.170746
2025-05-05 18:00:00,7.1555786
2025-05-05 19:00:00,7.1443787
2025-05-05 20:00:00,7.0965576
2025-05-05 21:00:00,6.8103943
2025-05-05 22:00:00,6.447296
2025-05-05 23:00:00,5.8087463
2025-05-06 00:00:00,5.459961
2025-05-06 01:00:00,4.830597
2025-05-06 02:00:00,3.909912
2025-05-06 03:00:00,2.915741
2025-05-06 04:00:00,1.982544
2025-05-06 05:00:00,1.3037415
2025-05-06 06:00:00,0.9838867
2025-05-06 07:00:00,0.43252563
2025-05-06 08:00:00,0.50949097
2025-05-06 09:00:00,0.90545654
2025-05-06 10:00:00,1.249054
2025-05-06 11:00:00,1.7033997
2025-05-06 12:00:00,2.2651367
2025-05-06 13:00:00,2.618927
2025-05-06 14:00:00,2.7245178
2025-05-06 15:00:00,2.8297424
2025-05-06 16:00:00,2.919342
2025-05-06 17:00:00,2.8190613
2025-05-06 18:00:00,2.466156
2025-05-06 19:00:00,2.0992126
2025-05-06 20:00:00,1.4873352
2025-05-06 21:00:00,0.5155945
2025-05-06 22:00:00,0.41671753
2025-05-06 23:00:00,0.09970093
2025-05-07 00:00:00,-0.21218872
2025-05-07 01:00:00,-0.41958618
2025-05-07 02:00:00,-0.5487976
2025-05-07 03:00:00,-0.7199402
2025-05-07 04:00:00,-0.95196533
2025-05-07 05:00:00,-1.2275085
2025-05-07 06:00:00,-1.5257874
2025-05-07 07:00:00,-1.2516785
2025-05-07 08:00:00,-0.38204956
2025-05-07 09:00:00,0.45773315
2025-05-07 10:00:00,0.63153076
2025-05-07 11:00:00,1.2557068
2025-05-07 12:00:00,1.9049377
2025-05-07 13:00:00,2.5764465
2025-05-07 14:00:00,2.8204346
2025-05-07 15:00:00,2.8520508
2025-05-07 16:00:00,2.6657104
2025-05-07 17:00:00,2.4094238
2025-05-07 18:00:00,2.4628296
2025-05-07 19:00:00,2.6230774
2025-05-07 20:00:00,2.2721558
2025-05-07 21:00:00,1.7216492
2025-05-07 22:00:00,1.3303223
2025-05-07 23:00:00,0.98080444
2025-05-08 00:00:00,0.7244568
2025-05-08 01:00:00,0.7918701
2025-05-08 02:00:00,0.71762085
2025-05-08 03:00:00,0.46243286
2025-05-08 04:00:00,0.26367188
2025-05-08 05:00:00,0.16955566
2025-05-08 06:00:00,0.064208984
2025-05-08 07:00:00,0.6395569
2025-05-08 08:00:00,1.3912659
2025-05-08 09:00:00,2.0663147
2025-05-08 10:00:00,2.102295
2025-05-08 11:00:00,2.7292786
2025-05-08 12:00:00,3.1948242
2025-05-08 13:00:00,3.2460632
2025-05-08 14:00:00,2.8345642
2025-05-08 15:00:00,2.0075073
2025-05-08 16:00:00,1.3508301
2025-05-08 17:00:00,0.98062134
2025-05-08 18:00:00,0.85632324
2025-05-08 19:00:00,0.8545532
2025-05-08 20:00:00,0.99417114
2025-05-08 21:00:00,1.2138367
2025-05-08 22:00:00,0.8713989
2025-05-08 23:00:00,0.96209717
2025-05-09 00:00:00,1.4228821
2025-05-09 01:00:00,1.5412903
2025-05-09 02:00:00,1.6403198
2025-05-09 03:00:00,1.5317078
2025-05-09 04:00:00,1.4623108
2025-05-09 05:00:00,1.4851379
2025-05-09 06:00:00,1.3509827
2025-05-09 07:00:00,1.2286072
2025-05-09 08:00:00,1.1853943
2025-05-09 09:00:00,0.89608765
2025-05-09 10:00:00,0.7290344
2025-05-09 11:00:00,0.95913696
2025-05-09 12:00:00,1.1373291
2025-05-09 13:00:00,1.3028259
2025-05-09 14:00:00,1.3663025
2025-05-09 15:00:00,1.3836975
2025-05-09 16:00:00,1.3019409
2025-05-09 17:00:00,1.183258
2025-05-09 18:00:00,0.85754395
2025-05-09 19:00:00,0.5957947
2025-05-09 20:00:00,0.53930664
2025-05-09 21:00:00,0.33218384
2025-05-09 22:00:00,-0.252594
2025-05-09 23:00:00,-0.31225586
2025-05-10 00:00:00,-0.2536316
2025-05-10 01:00:00,-0.17645264
2025-05-10 02:00:00,-0.18017578
2025-05-10 03:00:00,-0.27572632
2025-05-10 04:00:00,-0.26708984
2025-05-10 05:00:00,-0.15423584
2025-05-10 06:00:00,0.05053711
2025-05-10 07:00:00,0.08627319
2025-05-10 08:00:00,0.11871338
2025-05-10 09:00:00,0.74832153
2025-05-10 10:00:00,1.1383972
2025-05-10 11:00:00,1.427948
2025-05-10 12:00:00,1.6610413
2025-05-10 13:00:00,2.0012512
2025-05-10 14:00:00,2.2193909
2025-05-10 15:00:00,2.481659
2025-05-10 16:00:00,2.7012024
2025-05-10 17:00:00,2.7566528
2025-05-10 18:00:00,2.7829895
2025-05-10 19:00:00,2.7265015
2025-05-10 20:00:00,2.6266174
2025-05-10 21:00:00,2.5694885
2025-05-10 22:00:00,3.4257202
2025-05-10 23:00:00,3.4198914
2025-05-11 00:00:00,3.4371643
2025-05-11 01:00:00,3.4292908
2025-05-11 02:00:00,3.3606873
2025-05-11 03:00:00,3.329193
2025-05-11 04:00:00,3.3495483
2025-05-11 05:00:00,3.3804626
2025-05-11 06:00:00,3.3650818
2025-05-11 07:00:00,3.3194885
2025-05-11 08:00:00,3.0793152
2025-05-11 09:00:00,3.8694458
2025-05-11 10:00:00,4.2075806
2025-05-11 11:00:00,5.236664
2025-05-11 12:00:00,5.794281
2025-05-11 13:00:00,6.0727234
2025-05-11 14:00:00,5.9967957
2025-05-11 15:00:00,5.8236084
2025-05-11 16:00:00,5.6365356
2025-05-11 17:00:00,5.451874
2025-05-11 18:00:00,5.362335
2025-05-11 19:00:00,5.4030457
2025-05-11 20:00:00,5.511261
2025-05-11 21:00:00,5.658966
2025-05-11 22:00:00,5.8191223
2025-05-11 23:00:00,5.6802063
2025-05-12 00:00:00,5.4439087
2025-05-12 01:00:00,5.209717
2025-05-12 02:00:00,5.0608826
2025-05-12 03:00:00,5.075592
2025-05-12 04:00:00,5.2171936
2025-05-12 05:00:00,5.2986755
2025-05-12 06:00:00,5.3519287
2025-05-12 07:00:00,5.4166565
2025-05-12 08:00:00,5.0834045
2025-05-12 09:00:00,5.8958435
2025-05-12 10:00:00,7.2161865
2025-05-12 11:00:00,7.687683
2025-05-12 12:00:00,8.370148
2025-05-12 13:00:00,8.957977
2025-05-12 14:00:00,9.539581
2025-05-12 15:00:00,10.149139
2025-05-12 16:00:00,10.558777
2025-05-12 17:00:00,10.827057
2025-05-12 18:00:00,11.082123
2025-05-12 19:00:00,11.205261
2025-05-12 20:00:00,11.197113
2025-05-12 21:00:00,11.22348
2025-05-12 22:00:00,11.163422
2025-05-12 23:00:00,11.067291
2025-05-13 00:00:00,11.015717
2025-05-13 01:00:00,11.066467
2025-05-13 02:00:00,11.172333
2025-05-13 03:00:00,11.201019
2025-05-13 04:00:00,11.22995
2025-05-13 05:00:00,11.231781
2025-05-13 06:00:00,11.128998
2025-05-13 07:00:00,10.884003
2025-05-13 08:00:00,10.5399475
2025-05-13 09:00:00,9.869202
2025-05-13 10:00:00,10.021454
2025-05-13 11:00:00,10.028961
2025-05-13 12:00:00,10.399536
2025-05-13 13:00:00,10.840698
2025-05-13 14:00:00,11.189423
2025-05-13 15:00:00,11.237549
2025-05-13 16:00:00,11.465576
2025-05-13 17:00:00,11.552795
2025-05-13 18:00:00,11.544403
2025-05-13 19:00:00,11.364563
2025-05-13 20:00:00,11.188416
2025-05-13 21:00:00,10.469971
2025-05-13 22:00:00,9.35907
2025-05-13 23:00:00,8.934082
2025-05-14 00:00:00,8.1753235
2025-05-14 01:00:00,5.7877197
2025-05-14 02:00:00,3.5374146
2025-05-14 03:00:00,2.4797363
2025-05-14 04:00:00,1.8881531
2025-05-14 05:00:00,1.584198
2025-05-14 06:00:00,1.6790466
2025-05-14 07:00:00,2.1089478
2025-05-14 08:00:00,2.7226868
2025-05-14 09:00:00,3.6304626
2025-05-14 10:00:00,3.8978882
2025-05-14 11:00:00,4.5437317
2025-05-14 12:00:00,5.0993347
2025-05-14 13:00:00,5.8213806
2025-05-14 14:00:00,5.9096375
2025-05-14 15:00:00,3.7755432
2025-05-14 16:00:00,2.971283
2025-05-14 17:00:00,3.217682
2025-05-14 18:00:00,2.5533142
2025-05-14 19:00:00,1.2395935
2025-05-14 20:00:00,0.95822144
2025-05-14 21:00:00,1.0525208
2025-05-14 22:00:00,0.9069824
2025-05-14 23:00:00,1.251648
2025-05-15 00:00:00,1.8792114
2025-05-15 01:00:00,2.2287903
2025-05-15 02:00:00,2.7936707
2025-05-15 03:00:00,3.329193
2025-05-15 04:00:00,3.4980164
2025-05-15 05:00:00,3.4474182
2025-05-15 06:00:00,3.3108215
2025-05-15 07:00:00,3.5436096
2025-05-15 08:00:00,4.0386963
2025-05-15 09:00:00,4.6427307
2025-05-15 10:00:00,4.7763977
2025-05-15 11:00:00,5.3229675
2025-05-15 12:00:00,5.999481
2025-05-15 13:00:00,6.7753906
2025-05-15 14:00:00,7.3233643
2025-05-15 15:00:00,7.5166016
2025-05-15 16:00:00,7.531128
2025-05-15 17:00:00,7.485382
2025-05-15 18:00:00,7.511383
2025-05-15 19:00:00,7.438629
2025-05-15 20:00:00,6.7931213
2025-05-15 21:00:00,6.410187
2025-05-15 22:00:00,5.943512
2025-05-15 23:00:00,6.134308
2025-05-16 00:00:00,6.2132874
2025-05-16 01:00:00,5.558319
2025-05-16 02:00:00,5.3107605
2025-05-16 03:00:00,5.46994
2025-05-16 04:00:00,5.6108704
2025-05-16 05:00:00,5.4944763
2025-05-16 06:00:00,5.412262
2025-05-16 07:00:00,5.385742
2025-05-16 08:00:00,6.132416
2025-05-16 09:00:00,6.648163
2025-05-16 10:00:00,7.595001
2025-05-16 11:00:00,7.9892273
2025-05-16 12:00:00,8.426971
2025-05-16 13:00:00,8.698212
2025-05-16 14:00:00,8.837494
2025-05-16 15:00:00,8.853607
2025-05-16 16:00:00,8.775024
2025-05-16 17:00:00,8.821747
2025-05-16 18:00:00,9.148956
2025-05-16 19:00:00,9.404572
2025-05-16 20:00:00,9.305847
2025-05-16 21:00:00,8.910004
2025-05-16 22:00:00,7.700409
2025-05-16 23:00:00,6.976776
2025-05-17 00:00:00,6.7647095
2025-05-17 01:00:00,6.5092773
2025-05-17 02:00:00,5.9113464
2025-05-17 03:00:00,5.4772644
2025-05-17 04:00:00,5.253296
2025-05-17 05:00:00,4.9309387
2025-05-17 06:00:00,4.4707947
2025-05-17 07:00:00,4.0773926
2025-05-17 08:00:00,4.167328
2025-05-17 09:00:00,4.4312134
2025-05-17 10:00:00,5.77536
2025-05-17 11:00:00,5.596039
2025-05-17 12:00:00,5.506317
2025-05-17 13:00:00,5.282379
2025-05-17 14:00:00,5.255951
2025-05-17 15:00:00,5.1893616
2025-05-17 16:00:00,5.238678
2025-05-17 17:00:00,5.580597
2025-05-17 18:00:00,6.071686
2025-05-17 19:00:00,6.507599
2025-05-17 20:00:00,6.717682
2025-05-17 21:00:00,6.866974
2025-05-17 22:00:00,7.487274
2025-05-17 23:00:00,7.5163574
2025-05-18 00:00:00,7.8506165
2025-05-18 01:00:00,8.081268
2025-05-18 02:00:00,8.0972595
2025-05-18 03:00:00,8.171295
2025-05-18 04:00:00,8.366638
2025-05-18 05:00:00,8.526184
2025-05-18 06:00:00,8.542816
2025-05-18 07:00:00,8.203583
2025-05-18 08:00:00,7.3597717
2025-05-18 09:00:00,7.2662354
2025-05-18 10:00:00,7.9153748
2025-05-18 11:00:00,8.1185
2025-05-18 12:00:00,8.297089
2025-05-18 13:00:00,8.462036
2025-05-18 14:00:00,8.319672
2025-05-18 15:00:00,8.087067
2025-05-18 16:00:00,8.007111
2025-05-18 17:00:00,8.537628
2025-05-18 18:00:00,9.272644
2025-05-18 19:00:00,10.210175
2025-05-18 20:00:00,10.861359
2025-05-18 21:00:00,11.268951
2025-05-18 22:00:00,11.862122
2025-05-18 23:00:00,11.922455
2025-05-19 00:00:00,11.907928
2025-05-19 01:00:00,11.767792
2025-05-19 02:00:00,11.619476
2025-05-19 03:00:00,11.417389
2025-05-19 04:00:00,11.15152
2025-05-19 05:00:00,10.989349
2025-05-19 06:00:00,10.936066
2025-05-19 07:00:00,10.814514
2025-05-19 08:00:00,10.324432
2025-05-19 09:00:00,10.358429
2025-05-19 10:00:00,11.902191
2025-05-19 11:00:00,12.820282
2025-05-19 12:00:00,13.6414795
2025-05-19 13:00:00,14.400177
2025-05-19 14:00:00,15.042572
2025-05-19 15:00:00,15.496582
2025-05-19 16:00:00,15.725525
2025-05-19 17:00:00,16.018524
2025-05-19 18:00:00,16.557953
2025-05-19 19:00:00,17.200958
2025-05-19 20:00:00,17.741913
2025-05-19 21:00:00,18.095428
2025-05-19 22:00:00,17.98227
2025-05-19 23:00:00,16.957184
2025-05-20 00:00:00,16.002594
2025-05-20 01:00:00,15.194031
2025-05-20 02:00:00,14.064209
2025-05-20 03:00:00,12.393433
2025-05-20 04:00:00,10.700562
2025-05-20 05:00:00,9.249756
2025-05-20 06:00:00,8.576904
2025-05-20 07:00:00,8.677338
2025-05-20 08:00:00,8.97168
2025-05-20 09:00:00,9.358551
2025-05-20 10:00:00,10.098877
2025-05-20 11:00:00,10.565277
2025-05-20 12:00:00,10.901154
2025-05-20 13:00:00,11.066406
2025-05-20 14:00:00,11.284882
2025-05-20 15:00:00,10.942688
2025-05-20 16:00:00,9.966888
2025-05-20 17:00:00,9.07373
2025-05-20 18:00:00,8.872772
2025-05-20 19:00:00,8.821686
2025-05-20 20:00:00,8.797089
2025-05-20 21:00:00,8.860565
2025-05-20 22:00:00,9.088226
2025-05-20 23:00:00,9.132446
2025-05-21 00:00:00,8.965485
2025-05-21 01:00:00,8.419586
2025-05-21 02:00:00,7.457672
2025-05-21 03:00:00,6.5935364
2025-05-21 04:00:00,5.929962
2025-05-21 05:00:00,5.4162292
2025-05-21 06:00:00,5.0661926
2025-05-21 07:00:00,4.853668
2025-05-21 08:00:00,4.7311707
2025-05-21 09:00:00,4.6262817
2025-05-21 10:00:00,4.586792
2025-05-21 11:00:00,3.7358704
2025-05-21 12:00:00,3.0331726
2025-05-21 13:00:00,3.0737915
2025-05-21 14:00:00,3.4014587
2025-05-21 15:00:00,3.60672
2025-05-21 16:00:00,3.5314026
2025-05-21 17:00:00,3.1802063
2025-05-21 18:00:00,2.862091
2025-05-21 19:00:00,2.6863708
2025-05-21 20:00:00,2.6632996
2025-05-21 21:00:00,2.7563171
2025-05-21 22:00:00,2.9119568
2025-05-21 23:00:00,3.011139
2025-05-22 00:00:00,3.027069
2025-05-22 01:00:00,3.0696716
2025-05-22 02:00:00,3.0471497
2025-05-22 03:00:00,2.8396301
2025-05-22 04:00:00,2.757141
2025-05-22 05:00:00,2.7657776
2025-05-22 06:00:00,2.789215
2025-05-22 07:00:00,2.9565735
2025-05-22 08:00:00,3.164093
2025-05-22 09:00:00,3.863861
2025-05-22 10:00:00,2.4499207
2025-05-22 11:00:00,3.4456787
2025-05-22 12:00:00,4.221344
2025-05-22 13:00:00,4.6510315
2025-05-22 14:00:00,4.840973
2025-05-22 15:00:00,4.8432617
2025-05-22 16:00:00,4.711792
2025-05-22 17:00:00,4.337372
2025-05-22 18:00:00,4.0983276
2025-05-22 19:00:00,4.1135864
2025-05-22 20:00:00,4.277313
2025-05-22 21:00:00,4.5709534
2025-05-22 22:00:00,5.652252
2025-05-22 23:00:00,5.818817
2025-05-23 00:00:00,5.3171997
2025-05-23 01:00:00,4.8019104
2025-05-23 02:00:00,4.702362
2025-05-23 03:00:00,4.5452576
2025-05-23 04:00:00,4.287323
2025-05-23 05:00:00,4.0569763
2025-05-23 06:00:00,3.9429016
2025-05-23 07:00:00,4.03006
2025-05-23 08:00:00,4.107086
2025-05-23 09:00:00,3.9683533
2025-05-23 10:00:00,3.6000671
2025-05-23 11:00:00,4.1047363
2025-05-23 12:00:00,4.1894836
2025-05-23 13:00:00,4.101471
2025-05-23 14:00:00,4.645233
2025-05-23 15:00:00,5.2325745
2025-05-23 16:00:00,5.228485
2025-05-23 17:00:00,5.127472
2025-05-23 18:00:00,4.850128
2025-05-23 19:00:00,4.626953
2025-05-23 20:00:00,4.7881775
2025-05-23 21:00:00,5.196747
2025-05-23 22:00:00,5.128113
2025-05-23 23:00:00,5.058075
2025-05-24 00:00:00,4.886322
2025-05-24 01:00:00,4.5430603
2025-05-24 02:00:00,4.1860046
2025-05-24 03:00:00,3.9883423
2025-05-24 04:00:00,4.0415344
2025-05-24 05:00:00,3.627655
2025-05-24 06:00:00,3.848053
2025-05-24 07:00:00,4.520996
2025-05-24 08:00:00,5.1856384
2025-05-24 09:00:00,5.8580017
2025-05-24 10:00:00,6.268799
2025-05-24 11:00:00,6.68985
2025-05-24 12:00:00,7.0341187
2025-05-24 13:00:00,7.211151
2025-05-24 14:00:00,7.394623
2025-05-24 15:00:00,7.567169
2025-05-24 16:00:00,7.6063843
2025-05-24 17:00:00,7.4689636
2025-05-24 18:00:00,7.304077
2025-05-24 19:00:00,7.1824036
2025-05-24 20:00:00,7.0899353
2025-05-24 21:00:00,6.8993835
2025-05-24 22:00:00,5.9717407
2025-05-24 23:00:00,5.859009
2025-05-25 00:00:00,5.934662
2025-05-25 01:00:00,5.950287
2025-05-25 02:00:00,5.8361206
2025-05-25 03:00:00,5.814026
2025-05-25 04:00:00,5.873169
2025-05-25 05:00:00,5.703491
2025-05-25 06:00:00,4.9670105
2025-05-25 07:00:00,5.546051
2025-05-25 08:00:00,6.037384
2025-05-25 09:00:00,6.5538635
2025-05-25 10:00:00,6.6697693
2025-05-25 11:00:00,7.4769287
2025-05-25 12:00:00,8.233673
2025-05-25 13:00:00,8.617859
2025-05-25 14:00:00,8.928497
2025-05-25 15:00:00,9.575958
2025-05-25 16:00:00,10.341309
2025-05-25 17:00:00,10.794037
2025-05-25 18:00:00,10.800873
2025-05-25 19:00:00,11.074493
2025-05-25 20:00:00,10.5589905
2025-05-25 21:00:00,9.533142
2025-05-25 22:00:00,9.513245
2025-05-25 23:00:00,9.29953
2025-05-26 00:00:00,9.066315
2025-05-26 01:00:00,8.695587
2025-05-26 02:00:00,8.6839905
2025-05-26 03:00:00,8.867096
2025-05-26 04:00:00,9.0399475
2025-05-26 05:00:00,9.195709
2025-05-26 06:00:00,9.307892
2025-05-26 07:00:00,9.097137
2025-05-26 08:00:00,9.127319
2025-05-26 09:00:00,9.483612
2025-05-26 10:00:00,10.260651
2025-05-26 11:00:00,10.986786
2025-05-26 12:00:00,11.552765
2025-05-26 13:00:00,12.088318
2025-05-26 14:00:00,12.421051
2025-05-26 15:00:00,12.637604
2025-05-26 16:00:00,12.574738
2025-05-26 17:00:00,12.342255
2025-05-26 18:00:00,12.156036
2025-05-26 19:00:00,11.96286
2025-05-26 20:00:00,11.654938
2025-05-26 21:00:00,11.004669
2025-05-26 22:00:00,9.628204
2025-05-26 23:00:00,8.552765
2025-05-27 00:00:00,7.6641235
2025-05-27 01:00:00,7.1748962
2025-05-27 02:00:00,6.9289246
2025-05-27 03:00:00,6.834503
2025-05-27 04:00:00,6.784607
2025-05-27 05:00:00,6.767914
2025-05-27 06:00:00,6.8753357
2025-05-27 07:00:00,7.5874634
2025-05-27 08:00:00,8.4496155
2025-05-27 09:00:00,9.042938
2025-05-27 10:00:00,9.384705
2025-05-27 11:00:00,9.521942
2025-05-27 12:00:00,9.6484375
2025-05-27 13:00:00,9.827332
2025-05-27 14:00:00,9.870331
2025-05-27 15:00:00,10.325836
2025-05-27 16:00:00,10.128693
2025-05-27 17:00:00,9.782318
2025-05-27 18:00:00,9.648285
2025-05-27 19:00:00,9.245392
2025-05-27 20:00:00,9.370636
2025-05-27 21:00:00,9.459808
2025-05-27 22:00:00,9.611206
2025-05-27 23:00:00,9.142731
2025-05-28 00:00:00,9.083466
2025-05-28 01:00:00,9.29483
2025-05-28 02:00:00,9.113495
2025-05-28 03:00:00,8.896057
2025-05-28 04:00:00,8.898346
2025-05-28 05:00:00,8.86441
2025-05-28 06:00:00,8.467316
2025-05-28 07:00:00,8.171478
2025-05-28 08:00:00,8.011963
2025-05-28 09:00:00,7.95874
2025-05-28 10:00:00,7.8561096
2025-05-28 11:00:00,8.742981
2025-05-28 12:00:00,9.792999
2025-05-28 13:00:00,10.236908
2025-05-28 14:00:00,10.378326
2025-05-28 15:00:00,10.509674
2025-05-28 16:00:00,10.495453
2025-05-28 17:00:00,10.539642
2025-05-28 18:00:00,10.6545105
2025-05-28 19:00:00,10.821106
2025-05-28 20:00:00,10.9774475
2025-05-28 21:00:00,11.087738
2025-05-28 22:00:00,10.663849
2025-05-28 23:00:00,10.776337
2025-05-29 00:00:00,10.896332
2025-05-29 01:00:00,11.007111
2025-05-29 02:00:00,11.081818
2025-05-29 03:00:00,11.105743
2025-05-29 04:00:00,11.108582
2025-05-29 05:00:00,11.11087
2025-05-29 06:00:00,11.1058655
2025-05-29 07:00:00,10.994324
2025-05-29 08:00:00,11.129791
2025-05-29 09:00:00,12.026093
2025-05-29 10:00:00,12.280121
2025-05-29 11:00:00,12.909576
2025-05-29 12:00:00,13.482819
2025-05-29 13:00:00,14.093536
2025-05-29 14:00:00,14.564423
2025-05-29 15:00:00,14.811432
2025-05-29 16:00:00,14.864166
2025-05-29 17:00:00,14.7829895
2025-05-29 18:00:00,14.512299
2025-05-29 19:00:00,14.059235
2025-05-29 20:00:00,13.457214
2025-05-29 21:00:00,12.772247
2025-05-29 22:00:00,13.216888
2025-05-29 23:00:00,12.715668
2025-05-30 00:00:00,12.020447
2025-05-30 01:00:00,11.213348
2025-05-30 02:00:00,10.773926
2025-05-30 03:00:00,10.492371
2025-05-30 04:00:00,10.142609
2025-05-30 05:00:00,9.836884
2025-05-30 06:00:00,9.618744
2025-05-30 07:00:00,9.561768
2025-05-30 08:00:00,9.531647
2025-05-30 09:00:00,9.301849
2025-05-30 10:00:00,9.225311
2025-05-30 11:00:00,8.572662
2025-05-30 12:00:00,9.004303
2025-05-30 13:00:00,10.158325
2025-05-30 14:00:00,11.681885
2025-05-30 15:00:00,12.568176
2025-05-30 16:00:00,12.797272
2025-05-30 17:00:00,12.642242
2025-05-30 18:00:00,12.49118
2025-05-30 19:00:00,12.171783
2025-05-30 20:00:00,11.711945
2025-05-30 21:00:00,11.478424
2025-05-30 22:00:00,11.060211
2025-05-30 23:00:00,10.898407
2025-05-31 00:00:00,10.462921
2025-05-31 01:00:00,9.622559
2025-05-31 02:00:00,8.761993
2025-05-31 03:00:00,7.985443
2025-05-31 04:00:00,7.327423
2025-05-31 05:00:00,6.7440796
2025-05-31 06:00:00,6.873108
2025-05-31 07:00:00,7.4447937
2025-05-31 08:00:00,8.243042
2025-05-31 09:00:00,9.118988
2025-05-31 10:00:00,9.836945
2025-05-31 11:00:00,10.831421
2025-05-31 12:00:00,11.613617
2025-05-31 13:00:00,12.142731
2025-05-31 14:00:00,12.507904
2025-05-31 15:00:00,12.724762
2025-05-31 16:00:00,12.76944
2025-05-31 17:00:00,12.70047
2025-05-31 18:00:00,12.556915
2025-05-31 19:00:00,12.384796
2025-05-31 20:00:00,12.240875
2025-05-31 21:00:00,12.136322
2025-05-31 22:00:00,11.77124
2025-05-31 23:00:00,11.709869
2025-06-01 00:00:00,11.649628
2025-06-01 01:00:00,11.635956
2025-06-01 02:00:00,11.619965
2025-06-01 03:00:00,11.569061
2025-06-01 04:00:00,11.510834
2025-06-01 05:00:00,11.439056
2025-06-01 06:00:00,11.410309
2025-06-01 07:00:00,11.370422
2025-06-01 08:00:00,11.5784
2025-06-01 09:00:00,11.99646
2025-06-01 10:00:00,12.15033
2025-06-01 11:00:00,12.398041
2025-06-01 12:00:00,12.474121
2025-06-01 13:00:00,12.468414
2025-06-01 14:00:00,12.413544
2025-06-01 15:00:00,12.638763
2025-06-01 16:00:00,12.932037
2025-06-01 17:00:00,13.076935
2025-06-01 18:00:00,13.193695
2025-06-01 19:00:00,13.431854
2025-06-01 20:00:00,13.105804
2025-06-01 21:00:00,12.571869
2025-06-01 22:00:00,13.026825
2025-06-01 23:00:00,12.613861
2025-06-02 00:00:00,12.368744
2025-06-02 01:00:00,12.139496
2025-06-02 02:00:00,11.921051
2025-06-02 03:00:00,11.711273
2025-06-02 04:00:00,11.383514
2025-06-02 05:00:00,11.047272
2025-06-02 06:00:00,10.125153
2025-06-02 07:00:00,9.89563
2025-06-02 08:00:00,10.737762
2025-06-02 09:00:00,11.90152
2025-06-02 10:00:00,11.796051
2025-06-02 11:00:00,12.130951
2025-06-02 12:00:00,12.491974
2025-06-02 13:00:00,12.999329
2025-06-02 14:00:00,13.300812
2025-06-02 15:00:00,13.488586
2025-06-02 16:00:00,13.423798
2025-06-02 17:00:00,13.291779
2025-06-02 18:00:00,12.964447
2025-06-02 19:00:00,12.492584
2025-06-02 20:00:00,11.924347
2025-06-02 21:00:00,11.31662
2025-06-02 22:00:00,10.920258
2025-06-02 23:00:00,10.099731
2025-06-03 00:00:00,9.331421
2025-06-03 01:00:00,8.89212
2025-06-03 02:00:00,8.68277
2025-06-03 03:00:00,8.532166
2025-06-03 04:00:00,8.310272
2025-06-03 05:00:00,7.311676
2025-06-03 06:00:00,8.176666
2025-06-03 07:00:00,9.344391
2025-06-03 08:00:00,10.374084
2025-06-03 09:00:00,11.250885
2025-06-03 10:00:00,11.96344
2025-06-03 11:00:00,12.502472
2025-06-03 12:00:00,13.004578
2025-06-03 13:00:00,13.40097
2025-06-03 14:00:00,13.752441
2025-06-03 15:00:00,13.758118
2025-06-03 16:00:00,13.677887
2025-06-03 17:00:00,13.475372
2025-06-03 18:00:00,13.263245
2025-06-03 19:00:00,13.144867
2025-06-03 20:00:00,13.120422
2025-06-03 21:00:00,13.220001
2025-06-03 22:00:00,13.369354
2025-06-03 23:00:00,13.62973
2025-06-04 00:00:00,13.484833
2025-06-04 01:00:00,13.125488
2025-06-04 02:00:00,12.780731
2025-06-04 03:00:00,12.495209
2025-06-04 04:00:00,12.402863
2025-06-04 05:00:00,12.327362
2025-06-04 06:00:00,12.354645
2025-06-04 07:00:00,12.286255
2025-06-04 08:00:00,12.607697
2025-06-04 09:00:00,12.720978
2025-06-04 10:00:00,12.777374
2025-06-04 11:00:00,13.585175
2025-06-04 12:00:00,14.094818
2025-06-04 13:00:00,14.240784
2025-06-04 14:00:00,14.332184
2025-06-04 15:00:00,14.590546
2025-06-04 16:00:00,14.029999
2025-06-04 17:00:00,13.832916
2025-06-04 18:00:00,15.031158
2025-06-04 19:00:00,15.648956
2025-06-04 20:00:00,15.904785
2025-06-04 21:00:00,15.744354
2025-06-04 22:00:00,15.023285
2025-06-04 23:00:00,13.873291
2025-06-05 00:00:00,12.795319
2025-06-05 01:00:00,12.126373
2025-06-05 02:00:00,10.971771
2025-06-05 03:00:00,9.76181
2025-06-05 04:00:00,9.081543
2025-06-05 05:00:00,8.632751
2025-06-05 06:00:00,8.588379
2025-06-05 07:00:00,9.020966
2025-06-05 08:00:00,9.771881
2025-06-05 09:00:00,10.730835
2025-06-05 10:00:00,11.06546
2025-06-05 11:00:00,11.921783
2025-06-05 12:00:00,12.403107
2025-06-05 13:00:00,12.725281
2025-06-05 14:00:00,13.050629
2025-06-05 15:00:00,13.075592
2025-06-05 16:00:00,13.092926
2025-06-05 17:00:00,13.144592
2025-06-05 18:00:00,13.118622
2025-06-05 19:00:00,13.114166
2025-06-05 20:00:00,13.262787
2025-06-05 21:00:00,13.515045
2025-06-05 22:00:00,13.168304
2025-06-05 23:00:00,13.435699
2025-06-06 00:00:00,13.477753
2025-06-06 01:00:00,13.083923
2025-06-06 02:00:00,12.447968
2025-06-06 03:00:00,11.989197
2025-06-06 04:00:00,11.725922
2025-06-06 05:00:00,11.71225
2025-06-06 06:00:00,11.456787
2025-06-06 07:00:00,11.370544
2025-06-06 08:00:00,11.371246
2025-06-06 09:00:00,10.8324585
2025-06-06 10:00:00,10.469025
2025-06-06 11:00:00,10.702301
2025-06-06 12:00:00,11.087616
2025-06-06 13:00:00,11.474884
2025-06-06 14:00:00,11.347076
2025-06-06 15:00:00,10.968262
2025-06-06 16:00:00,10.72171
2025-06-06 17:00:00,10.64505
2025-06-06 18:00:00,10.141876
2025-06-06 19:00:00,10.099335
2025-06-06 20:00:00,10.994171
2025-06-06 21:00:00,11.473236
2025-06-06 22:00:00,11.044373
2025-06-06 23:00:00,10.417999
2025-06-07 00:00:00,9.702728
2025-06-07 01:00:00,9.124359
2025-06-07 02:00:00,8.769409
2025-06-07 03:00:00,8.542389
2025-06-07 04:00:00,8.557983
2025-06-07 05:00:00,8.780304
2025-06-07 06:00:00,9.584717
2025-06-07 07:00:00,10.240875
2025-06-07 08:00:00,11.092499
2025-06-07 09:00:00,11.765839
2025-06-07 10:00:00,11.30722
2025-06-07 11:00:00,12.001678
2025-06-07 12:00:00,12.245026
2025-06-07 13:00:00,12.245056
2025-06-07 14:00:00,12.006958
2025-06-07 15:00:00,12.044342
2025-06-07 16:00:00,11.90271
2025-06-07 17:00:00,11.685089
2025-06-07 18:00:00,11.533539
2025-06-07 19:00:00,11.340637
2025-06-07 20:00:00,11.054352
2025-06-07 21:00:00,10.691345
2025-06-07 22:00:00,9.681915
2025-06-07 23:00:00,9.503845
2025-06-08 00:00:00,9.469635
2025-06-08 01:00:00,9.476074
2025-06-08 02:00:00,9.431549
2025-06-08 03:00:00,9.348236
2025-06-08 04:00:00,9.253723
2025-06-08 05:00:00,9.259125
2025-06-08 06:00:00,8.997742
2025-06-08 07:00:00,9.848907
2025-06-08 08:00:00,10.56012
2025-06-08 09:00:00,10.842133
2025-06-08 10:00:00,11.471954
2025-06-08 11:00:00,11.844696
2025-06-08 12:00:00,11.917267
2025-06-08 13:00:00,11.983643
2025-06-08 14:00:00,12.333588
2025-06-08 15:00:00,12.43985
2025-06-08 16:00:00,12.313141
2025-06-08 17:00:00,11.90506
2025-06-08 18:00:00,11.312622
2025-06-08 19:00:00,10.868561
2025-06-08 20:00:00,10.656464
2025-06-08 21:00:00,10.486816
2025-06-08 22:00:00,10.838043
2025-06-08 23:00:00,10.640472
2025-06-09 00:00:00,10.591522
2025-06-09 01:00:00,10.405579
2025-06-09 02:00:00,10.303131
2025-06-09 03:00:00,10.338043
2025-06-09 04:00:00,10.47879
2025-06-09 05:00:00,10.557953
2025-06-09 06:00:00,10.579559
2025-06-09 07:00:00,10.582611
2025-06-09 08:00:00,11.100708
2025-06-09 09:00:00,11.573975
2025-06-09 10:00:00,11.902832
2025-06-09 11:00:00,11.426331
2025-06-09 12:00:00,11.451019
2025-06-09 13:00:00,11.240814
2025-06-09 14:00:00,11.328613
2025-06-09 15:00:00,10.9427185
2025-06-09 16:00:00,10.153381
2025-06-09 17:00:00,10.296783
2025-06-09 18:00:00,10.181061
2025-06-09 19:00:00,9.730499
2025-06-09 20:00:00,9.782257
2025-06-09 21:00:00,9.888458
2025-06-09 22:00:00,9.741241
2025-06-09 23:00:00,9.563568
2025-06-10 00:00:00,9.411438
2025-06-10 01:00:00,9.228058
2025-06-10 02:00:00,8.932617
2025-06-10 03:00:00,8.645355
2025-06-10 04:00:00,8.54483
2025-06-10 05:00:00,8.61264
2025-06-10 06:00:00,8.203827
2025-06-10 07:00:00,8.857819
2025-06-10 08:00:00,9.560089
2025-06-10 09:00:00,10.42691
2025-06-10 10:00:00,10.919159
2025-06-10 11:00:00,10.919678
2025-06-10 12:00:00,9.83136
2025-06-10 13:00:00,9.144012
2025-06-10 14:00:00,9.551239
2025-06-10 15:00:00,9.591034
2025-06-10 16:00:00,9.427277
2025-06-10 17:00:00,9.210358
2025-06-10 18:00:00,9.155548
2025-06-10 19:00:00,9.192596
2025-06-10 20:00:00,8.986786
2025-06-10 21:00:00,8.660889
2025-06-10 22:00:00,8.275452
2025-06-10 23:00:00,8.321869
2025-06-11 00:00:00,8.273621
2025-06-11 01:00:00,8.294464
2025-06-11 02:00:00,8.035645
2025-06-11 03:00:00,7.8544006
2025-06-11 04:00:00,7.8854675
2025-06-11 05:00:00,8.029572
2025-06-11 06:00:00,8.135834
2025-06-11 07:00:00,8.16272
2025-06-11 08:00:00,8.230377
2025-06-11 09:00:00,8.068115
2025-06-11 10:00:00,8.752411
2025-06-11 11:00:00,9.109009
2025-06-11 12:00:00,9.266998
2025-06-11 13:00:00,9.178345
2025-06-11 14:00:00,8.598267
2025-06-11 15:00:00,8.488556
2025-06-11 16:00:00,8.51413
2025-06-11 17:00:00,8.35849
2025-06-11 18:00:00,8.0660095
2025-06-11 19:00:00,7.9911194
2025-06-11 20:00:00,8.06723
2025-06-11 21:00:00,8.163788
2025-06-11 22:00:00,8.416412
2025-06-11 23:00:00,8.376495
2025-06-12 00:00:00,7.7933044
2025-06-12 01:00:00,7.1780396
2025-06-12 02:00:00,6.5992737
2025-06-12 03:00:00,5.936798
2025-06-12 04:00:00,5.342224
2025-06-12 05:00:00,4.886627
2025-06-12 06:00:00,4.6079407
2025-06-12 07:00:00,5.0970154
2025-06-12 08:00:00,5.8684387
2025-06-12 09:00:00,6.7454834
2025-06-12 10:00:00,7.46756
2025-06-12 11:00:00,8.511475
2025-06-12 12:00:00,8.785919
2025-06-12 13:00:00,9.1093445
2025-06-12 14:00:00,9.379608
2025-06-12 15:00:00,9.50705
2025-06-12 16:00:00,9.448395
2025-06-12 17:00:00,9.222473
2025-06-12 18:00:00,9.060272
2025-06-12 19:00:00,9.2066345
2025-06-12 20:00:00,9.569916
2025-06-12 21:00:00,9.758087
2025-06-12 22:00:00,9.69574
2025-06-12 23:00:00,9.732147
2025-06-13 00:00:00,9.927155
2025-06-13 01:00:00,10.131866
2025-06-13 02:00:00,10.307953
2025-06-13 03:00:00,10.5520935
2025-06-13 04:00:00,10.87796
2025-06-13 05:00:00,11.021454
2025-06-13 06:00:00,10.987305
2025-06-13 07:00:00,10.881256
2025-06-13 08:00:00,10.569855
2025-06-13 09:00:00,10.359528
2025-06-13 10:00:00,10.352814
2025-06-13 11:00:00,10.972015
2025-06-13 12:00:00,11.55542
2025-06-13 13:00:00,12.116058
2025-06-13 14:00:00,12.539764
2025-06-13 15:00:00,12.810211
2025-06-13 16:00:00,13.024109
2025-06-13 17:00:00,13.149353
2025-06-13 18:00:00,13.2690735
2025-06-13 19:00:00,13.415924
2025-06-13 20:00:00,13.504059
2025-06-13 21:00:00,13.566528
2025-06-13 22:00:00,13.9183655
2025-06-13 23:00:00,14.00238
2025-06-14 00:00:00,14.132996
2025-06-14 01:00:00,14.282013
2025-06-14 02:00:00,14.322662
2025-06-14 03:00:00,14.313995
2025-06-14 04:00:00,14.314789
2025-06-14 05:00:00,14.298462
2025-06-14 06:00:00,14.310181
2025-06-14 07:00:00,14.401093
2025-06-14 08:00:00,14.460175
2025-06-14 09:00:00,14.496063
2025-06-14 10:00:00,14.755035
2025-06-14 11:00:00,15.426453
2025-06-14 12:00:00,16.001984
2025-06-14 13:00:00,16.428986
2025-06-14 14:00:00,16.763794
2025-06-14 15:00:00,17.121948
2025-06-14 16:00:00,17.305542
2025-06-14 17:00:00,17.425018
2025-06-14 18:00:00,17.566925
2025-06-14 19:00:00,17.769745
2025-06-14 20:00:00,17.989288
2025-06-14 21:00:00,18.178741
2025-06-14 22:00:00,18.400421
2025-06-14 23:00:00,18.511383
2025-06-15 00:00:00,18.663239
2025-06-15 01:00:00,18.818054
2025-06-15 02:00:00,18.938324
2025-06-15 03:00:00,18.96756
2025-06-15 04:00:00,18.96408
2025-06-15 05:00:00,18.900482
2025-06-15 06:00:00,18.842499
2025-06-15 07:00:00,18.792664
2025-06-15 08:00:00,18.728851
2025-06-15 09:00:00,18.495758
2025-06-15 10:00:00,18.577362
2025-06-15 11:00:00,19.084503
2025-06-15 12:00:00,19.513733
2025-06-15 13:00:00,19.787964
2025-06-15 14:00:00,20.026764
2025-06-15 15:00:00,20.080292
2025-06-15 16:00:00,20.101532
2025-06-15 17:00:00,20.010712
2025-06-15 18:00:00,19.99936
2025-06-15 19:00:00,19.93161
2025-06-15 20:00:00,19.761719
2025-06-15 21:00:00,19.531952
2025-06-15 22:00:00,19.713593
2025-06-15 23:00:00,19.407074
2025-06-16 00:00:00,19.255035
2025-06-16 01:00:00,19.128632
2025-06-16 02:00:00,18.906464
2025-06-16 03:00:00,18.260864
2025-06-16 04:00:00,17.679657
2025-06-16 05:00:00,17.440613
2025-06-16 06:00:00,16.702393
2025-06-16 07:00:00,15.481293
2025-06-16 08:00:00,15.092438
2025-06-16 09:00:00,14.503815
2025-06-16 10:00:00,14.180298
2025-06-16 11:00:00,13.58551
2025-06-16 12:00:00,13.538849
2025-06-16 13:00:00,14.136383
2025-06-16 14:00:00,15.088684
2025-06-16 15:00:00,15.867462
2025-06-16 16:00:00,16.024872
2025-06-16 17:00:00,16.044342
2025-06-16 18:00:00,15.894318
2025-06-16 19:00:00,15.357727
2025-06-16 20:00:00,14.544342
2025-06-16 21:00:00,14.303192
2025-06-16 22:00:00,12.995209
2025-06-16 23:00:00,11.803864
2025-06-17 00:00:00,11.448395
2025-06-17 01:00:00,11.361298
2025-06-17 02:00:00,11.217133
2025-06-17 03:00:00,10.986694
2025-06-17 04:00:00,10.760651
2025-06-17 05:00:00,10.580597
2025-06-17 06:00:00,10.966431
2025-06-17 07:00:00,11.733734
2025-06-17 08:00:00,12.5598755
2025-06-17 09:00:00,13.49118
2025-06-17 10:00:00,13.95401
2025-06-17 11:00:00,14.766205
2025-06-17 12:00:00,15.225708
2025-06-17 13:00:00,15.990875
2025-06-17 14:00:00,16.944763
2025-06-17 15:00:00,16.871094
2025-06-17 16:00:00,15.8315735
2025-06-17 17:00:00,14.695831
2025-06-17 18:00:00,14.03714
2025-06-17 19:00:00,13.732727
2025-06-17 20:00:00,13.411743
2025-06-17 21:00:00,13.205597
2025-06-17 22:00:00,13.830078
2025-06-17 23:00:00,13.60202
2025-06-18 00:00:00,13.453583
2025-06-18 01:00:00,13.0
2025-06-18 02:00:00,12.497437
2025-06-18 03:00:00,12.373749
2025-06-18 04:00:00,11.917938
2025-06-18 05:00:00,11.205902
2025-06-18 06:00:00,10.955048
2025-06-18 07:00:00,11.021454
2025-06-18 08:00:00,11.330963
2025-06-18 09:00:00,11.735382
2025-06-18 10:00:00,11.706757
2025-06-18 11:00:00,12.275116
2025-06-18 12:00:00,12.974762
2025-06-18 13:00:00,13.459076
2025-06-18 14:00:00,13.660431
2025-06-18 15:00:00,14.060516
2025-06-18 16:00:00,14.464081
2025-06-18 17:00:00,13.427277
2025-06-18 18:00:00,12.989746
2025-06-18 19:00:00,12.851166
2025-06-18 20:00:00,12.997284
2025-06-18 21:00:00,13.077179
2025-06-18 22:00:00,12.104614
2025-06-18 23:00:00,11.647644
2025-06-19 00:00:00,11.48764
2025-06-19 01:00:00,11.438965
2025-06-19 02:00:00,11.1718445
2025-06-19 03:00:00,10.758575
2025-06-19 04:00:00,10.154907
2025-06-19 05:00:00,9.562378
2025-06-19 06:00:00,9.031708
2025-06-19 07:00:00,9.3377075
2025-06-19 08:00:00,9.673065
2025-06-19 09:00:00,10.04361
2025-06-19 10:00:00,10.200226
2025-06-19 11:00:00,10.843475
2025-06-19 12:00:00,11.34903
2025-06-19 13:00:00,11.635254
2025-06-19 14:00:00,11.536499
2025-06-19 15:00:00,11.435455
2025-06-19 16:00:00,11.618042
2025-06-19 17:00:00,11.955719
2025-06-19 18:00:00,12.210602
2025-06-19 19:00:00,12.155273
2025-06-19 20:00:00,11.891937
2025-06-19 21:00:00,11.721069
2025-06-19 22:00:00,11.641968
2025-06-19 23:00:00,11.379425
2025-06-20 00:00:00,10.763062
2025-06-20 01:00:00,9.963226
2025-06-20 02:00:00,9.3508
2025-06-20 03:00:00,8.898743
2025-06-20 04:00:00,8.53775
2025-06-20 05:00:00,8.216827
2025-06-20 06:00:00,8.497833
2025-06-20 07:00:00,9.22757
2025-06-20 08:00:00,10.20871
2025-06-20 09:00:00,11.058014
2025-06-20 10:00:00,10.6111145
2025-06-20 11:00:00,11.424591
2025-06-20 12:00:00,11.832428
2025-06-20 13:00:00,12.015106
2025-06-20 14:00:00,12.16153
2025-06-20 15:00:00,12.407806
2025-06-20 16:00:00,12.657623
2025-06-20 17:00:00,12.846405
2025-06-20 18:00:00,13.001648
2025-06-20 19:00:00,13.128815
2025-06-20 20:00:00,13.345398
2025-06-20 21:00:00,13.633423
2025-06-20 22:00:00,14.105255
2025-06-20 23:00:00,14.3845825
2025-06-21 00:00:00,14.144836
2025-06-21 01:00:00,13.930206
2025-06-21 02:00:00,14.038666
2025-06-21 03:00:00,13.340485
2025-06-21 04:00:00,11.573853
2025-06-21 05:00:00,10.792389
2025-06-21 06:00:00,11.386871
2025-06-21 07:00:00,12.235321
2025-06-21 08:00:00,12.927551
2025-06-21 09:00:00,13.625336
2025-06-21 10:00:00,13.233978
2025-06-21 11:00:00,13.84613
2025-06-21 12:00:00,14.197296
2025-06-21 13:00:00,14.523163
2025-06-21 14:00:00,14.496948
2025-06-21 15:00:00,14.085968
2025-06-21 16:00:00,13.718048
2025-06-21 17:00:00,13.399597
2025-06-21 18:00:00,12.638733
2025-06-21 19:00:00,11.304321
2025-06-21 20:00:00,9.775116
2025-06-21 21:00:00,8.53064
2025-06-21 22:00:00,7.683258
2025-06-21 23:00:00,7.507721
2025-06-22 00:00:00,7.593048
2025-06-22 01:00:00,7.736084
2025-06-22 02:00:00,7.853058
2025-06-22 03:00:00,7.9391174
2025-06-22 04:00:00,7.8979187
2025-06-22 05:00:00,7.6733704
2025-06-22 06:00:00,7.5094604
2025-06-22 07:00:00,8.404572
2025-06-22 08:00:00,9.500122
2025-06-22 09:00:00,10.597687
2025-06-22 10:00:00,10.870422
2025-06-22 11:00:00,11.225494
2025-06-22 12:00:00,11.393066
2025-06-22 13:00:00,11.575195
2025-06-22 14:00:00,11.68158
2025-06-22 15:00:00,11.811371
2025-06-22 16:00:00,11.854126
2025-06-22 17:00:00,11.641083
2025-06-22 18:00:00,11.62027
2025-06-22 19:00:00,11.796478
2025-06-22 20:00:00,11.873688
2025-06-22 21:00:00,11.5242
2025-06-22 22:00:00,11.059662
2025-06-22 23:00:00,10.731964
2025-06-23 00:00:00,10.87204
2025-06-23 01:00:00,10.328247
2025-06-23 02:00:00,10.11026
2025-06-23 03:00:00,10.003479
2025-06-23 04:00:00,10.108368
2025-06-23 05:00:00,9.717926
2025-06-23 06:00:00,9.656158
2025-06-23 07:00:00,9.659485
2025-06-23 08:00:00,9.716766
2025-06-23 09:00:00,9.7508545
2025-06-23 10:00:00,10.243622
2025-06-23 11:00:00,10.642456
2025-06-23 12:00:00,10.711761
2025-06-23 13:00:00,11.083527
2025-06-23 14:00:00,11.549164
2025-06-23 15:00:00,12.059357
2025-06-23 16:00:00,12.671173
2025-06-23 17:00:00,13.248138
2025-06-23 18:00:00,13.6310425
2025-06-23 19:00:00,13.553192
2025-06-23 20:00:00,13.2430725
2025-06-23 21:00:00,12.808014
2025-06-23 22:00:00,12.360809
2025-06-23 23:00:00,11.948639
2025-06-24 00:00:00,11.340057
2025-06-24 01:00:00,10.950897
2025-06-24 02:00:00,10.695648
2025-06-24 03:00:00,10.48819
2025-06-24 04:00:00,10.3013
2025-06-24 05:00:00,10.325653
2025-06-24 06:00:00,10.4531555
2025-06-24 07:00:00,10.681335
2025-06-24 08:00:00,11.143646
2025-06-24 09:00:00,11.33844
2025-06-24 10:00:00,10.749939
2025-06-24 11:00:00,11.293976
2025-06-24 12:00:00,11.74231
2025-06-24 13:00:00,12.367706
2025-06-24 14:00:00,13.021759
2025-06-24 15:00:00,12.103729
2025-06-24 16:00:00,11.540039
2025-06-24 17:00:00,11.422363
2025-06-24 18:00:00,11.388397
2025-06-24 19:00:00,11.085419
2025-06-24 20:00:00,10.860382
2025-06-24 21:00:00,10.757416
2025-06-24 22:00:00,11.250458
2025-06-24 23:00:00,11.12796
2025-06-25 00:00:00,11.082245
2025-06-25 01:00:00,11.125702
2025-06-25 02:00:00,11.237457
2025-06-25 03:00:00,11.346039
2025-06-25 04:00:00,11.461456
2025-06-25 05:00:00,11.488251
2025-06-25 06:00:00,11.437988
2025-06-25 07:00:00,11.40921
2025-06-25 08:00:00,11.308563
2025-06-25 09:00:00,11.83606
2025-06-25 10:00:00,12.294342
2025-06-25 11:00:00,12.318115
2025-06-25 12:00:00,12.59317
2025-06-25 13:00:00,12.888275
2025-06-25 14:00:00,13.282745
2025-06-25 15:00:00,13.575714
2025-06-25 16:00:00,13.928314
2025-06-25 17:00:00,14.034637
2025-06-25 18:00:00,14.212372
2025-06-25 19:00:00,14.304596
2025-06-25 20:00:00,14.439911
2025-06-25 21:00:00,14.619751
2025-06-25 22:00:00,15.225494
2025-06-25 23:00:00,15.425262
2025-06-26 00:00:00,15.44046
2025-06-26 01:00:00,15.387421
2025-06-26 02:00:00,15.308563
2025-06-26 03:00:00,15.029327
2025-06-26 04:00:00,14.476196
2025-06-26 05:00:00,14.075562
2025-06-26 06:00:00,13.768219
2025-06-26 07:00:00,13.297028
2025-06-26 08:00:00,13.458588
2025-06-26 09:00:00,14.528168
2025-06-26 10:00:00,15.022247
2025-06-26 11:00:00,15.7812195
2025-06-26 12:00:00,16.317535
2025-06-26 13:00:00,16.536346
2025-06-26 14:00:00,16.776764
2025-06-26 15:00:00,16.942932
2025-06-26 16:00:00,17.120941
2025-06-26 17:00:00,17.233429
2025-06-26 18:00:00,17.336487
2025-06-26 19:00:00,17.46463
2025-06-26 20:00:00,17.541473
2025-06-26 21:00:00,17.729828
2025-06-26 22:00:00,17.612366
2025-06-26 23:00:00,17.653748
2025-06-27 00:00:00,17.32962
2025-06-27 01:00:00,16.715118
2025-06-27 02:00:00,16.485199
2025-06-27 03:00:00,15.118195
2025-06-27 04:00:00,13.936798
2025-06-27 05:00:00,13.317291
2025-06-27 06:00:00,12.991364
2025-06-27 07:00:00,12.636444
2025-06-27 08:00:00,12.123871
2025-06-27 09:00:00,12.054291
2025-06-27 10:00:00,11.484528
2025-06-27 11:00:00,12.553925
2025-06-27 12:00:00,13.156403
2025-06-27 13:00:00,13.079102
2025-06-27 14:00:00,12.901093
2025-06-27 15:00:00,12.596954
2025-06-27 16:00:00,12.848663
2025-06-27 17:00:00,13.214447
2025-06-27 18:00:00,12.48526
2025-06-27 19:00:00,11.667206
2025-06-27 20:00:00,10.810394
2025-06-27 21:00:00,10.3591
2025-06-27 22:00:00,10.727936
2025-06-27 23:00:00,10.454346
2025-06-28 00:00:00,10.21225
2025-06-28 01:00:00,10.306
2025-06-28 02:00:00,10.714722
2025-06-28 03:00:00,11.044159
2025-06-28 04:00:00,11.076691
2025-06-28 05:00:00,11.104248
2025-06-28 06:00:00,11.278381
2025-06-28 07:00:00,11.455109
2025-06-28 08:00:00,12.283112
2025-06-28 09:00:00,12.952637
2025-06-28 10:00:00,13.296722
2025-06-28 11:00:00,13.182434
2025-06-28 12:00:00,13.324432
2025-06-28 13:00:00,13.253571
2025-06-28 14:00:00,12.901733
2025-06-28 15:00:00,12.874237
2025-06-28 16:00:00,13.284821
2025-06-28 17:00:00,13.821686
2025-06-28 18:00:00,14.248077
2025-06-28 19:00:00,14.705902
2025-06-28 20:00:00,15.051788
2025-06-28 21:00:00,14.960907
2025-06-28 22:00:00,14.970428
2025-06-28 23:00:00,14.4704895
2025-06-29 00:00:00,13.932953
2025-06-29 01:00:00,13.420105
2025-06-29 02:00:00,13.083282
2025-06-29 03:00:00,12.901306
2025-06-29 04:00:00,12.577545
2025-06-29 05:00:00,12.2034
2025-06-29 06:00:00,12.252228
2025-06-29 07:00:00,12.5624695
2025-06-29 08:00:00,13.050812
2025-06-29 09:00:00,13.708923
2025-06-29 10:00:00,13.817871
2025-06-29 11:00:00,14.743561
2025-06-29 12:00:00,15.112518
2025-06-29 13:00:00,15.562775
2025-06-29 14:00:00,16.04718
2025-06-29 15:00:00,16.354828
2025-06-29 16:00:00,15.213074
2025-06-29 17:00:00,15.018585
2025-06-29 18:00:00,14.76767
2025-06-29 19:00:00,14.567169
2025-06-29 20:00:00,14.276276
2025-06-29 21:00:00,13.8628845
2025-06-29 22:00:00,12.983734
2025-06-29 23:00:00,12.466339
2025-06-30 00:00:00,11.857544
2025-06-30 01:00:00,11.309845
2025-06-30 02:00:00,10.7221985
2025-06-30 03:00:00,10.137054
2025-06-30 04:00:00,9.718292
2025-06-30 05:00:00,9.505341
2025-06-30 06:00:00,9.70285
2025-06-30 07:00:00,10.495941
2025-06-30 08:00:00,11.4422
2025-06-30 09:00:00,12.194946
2025-06-30 10:00:00,12.379395
2025-06-30 11:00:00,13.430634
2025-06-30 12:00:00,14.193207
2025-06-30 13:00:00,14.704193
2025-06-30 14:00:00,15.073883
2025-06-30 15:00:00,15.45752
2025-06-30 16:00:00,15.639435
2025-06-30 17:00:00,15.518036
2025-06-30 18:00:00,15.136322
2025-06-30 19:00:00,14.667847
2025-06-30 20:00:00,14.257538
2025-06-30 21:00:00,14.0173645
2025-06-30 22:00:00,14.554626
2025-06-30 23:00:00,14.659088
2025-07-01 00:00:00,14.814514
2025-07-01 01:00:00,15.072662
2025-07-01 02:00:00,15.423981
2025-07-01 03:00:00,15.775543
2025-07-01 04:00:00,16.068878
2025-07-01 05:00:00,16.409912
2025-07-01 06:00:00,16.864227
2025-07-01 07:00:00,17.232391
2025-07-01 08:00:00,17.259552
2025-07-01 09:00:00,17.302368
2025-07-01 10:00:00,18.11969
2025-07-01 11:00:00,18.900238
2025-07-01 12:00:00,19.493134
2025-07-01 13:00:00,19.981049
2025-07-01 14:00:00,20.32602
2025-07-01 15:00:00,20.498535
2025-07-01 16:00:00,20.538025
2025-07-01 17:00:00,20.45102
2025-07-01 18:00:00,20.128693
2025-07-01 19:00:00,19.558472
2025-07-01 20:00:00,18.891815
2025-07-01 21:00:00,18.542267
2025-07-01 22:00:00,19.049408
2025-07-01 23:00:00,18.701996
2025-07-02 00:00:00,18.145172
2025-07-02 01:00:00,17.356476
2025-07-02 02:00:00,16.510376
2025-07-02 03:00:00,16.17691
2025-07-02 04:00:00,16.051605
2025-07-02 05:00:00,15.834869
2025-07-02 06:00:00,15.582611
2025-07-02 07:00:00,15.35788
2025-07-02 08:00:00,14.91861
2025-07-02 09:00:00,15.133301
2025-07-02 10:00:00,16.281769
2025-07-02 11:00:00,16.723267
2025-07-02 12:00:00,17.390442
2025-07-02 13:00:00,18.1474
2025-07-02 14:00:00,19.152618
2025-07-02 15:00:00,19.178375
2025-07-02 16:00:00,19.241302
2025-07-02 17:00:00,19.011993
2025-07-02 18:00:00,18.86612
2025-07-02 19:00:00,18.613342
2025-07-02 20:00:00,18.404999
2025-07-02 21:00:00,19.132324
2025-07-02 22:00:00,18.682526
2025-07-02 23:00:00,18.632385
2025-07-03 00:00:00,20.229889
2025-07-03 01:00:00,21.099274
2025-07-03 02:00:00,20.341705
2025-07-03 03:00:00,19.419952
2025-07-03 04:00:00,18.573334
2025-07-03 05:00:00,17.588287
2025-07-03 06:00:00,16.96405
2025-07-03 07:00:00,16.180542
2025-07-03 08:00:00,15.675629
2025-07-03 09:00:00,15.378326
2025-07-03 10:00:00,15.546051
2025-07-03 11:00:00,15.180695
2025-07-03 12:00:00,15.397522
2025-07-03 13:00:00,15.393158
2025-07-03 14:00:00,14.887848
2025-07-03 15:00:00,12.818878
2025-07-03 16:00:00,10.230225
2025-07-03 17:00:00,9.311981
2025-07-03 18:00:00,8.923553
2025-07-03 19:00:00,8.578369
2025-07-03 20:00:00,8.569122
2025-07-03 21:00:00,8.900421
2025-07-03 22:00:00,8.350494
2025-07-03 23:00:00,8.7378235
2025-07-04 00:00:00,8.877167
2025-07-04 01:00:00,8.750946
2025-07-04 02:00:00,8.412842
2025-07-04 03:00:00,8.059357
2025-07-04 04:00:00,7.8794556
2025-07-04 05:00:00,7.85318
2025-07-04 06:00:00,7.8908997
2025-07-04 07:00:00,8.6527405
2025-07-04 08:00:00,9.736053
2025-07-04 09:00:00,10.848419
2025-07-04 10:00:00,11.958466
2025-07-04 11:00:00,12.842377
2025-07-04 12:00:00,13.037415
2025-07-04 13:00:00,13.002594
2025-07-04 14:00:00,12.246735
2025-07-04 15:00:00,11.461243
2025-07-04 16:00:00,11.717987
2025-07-04 17:00:00,12.198761
2025-07-04 18:00:00,12.615021
2025-07-04 19:00:00,12.749207
2025-07-04 20:00:00,12.425995
2025-07-04 21:00:00,11.919434
2025-07-04 22:00:00,11.841339
2025-07-04 23:00:00,11.483093
2025-07-05 00:00:00,11.107666
2025-07-05 01:00:00,10.769379
2025-07-05 02:00:00,10.55188
2025-07-05 03:00:00,10.339813
2025-07-05 04:00:00,10.081604
2025-07-05 05:00:00,9.736084
2025-07-05 06:00:00,10.077301
2025-07-05 07:00:00,10.016388
2025-07-05 08:00:00,10.187317
2025-07-05 09:00:00,10.538116
2025-07-05 10:00:00,9.670044
2025-07-05 11:00:00,9.850555
2025-07-05 12:00:00,10.1250305
2025-07-05 13:00:00,10.74765
2025-07-05 14:00:00,11.320618
2025-07-05 15:00:00,10.991608
2025-07-05 16:00:00,11.356445
2025-07-05 17:00:00,11.933197
2025-07-05 18:00:00,12.529327
2025-07-05 19:00:00,12.461578
2025-07-05 20:00:00,12.551666
2025-07-05 21:00:00,12.79483
2025-07-05 22:00:00,13.561554
2025-07-05 23:00:00,13.677124
2025-07-06 00:00:00,13.479279
2025-07-06 01:00:00,13.169373
2025-07-06 02:00:00,13.017609
2025-07-06 03:00:00,12.866974
2025-07-06 04:00:00,12.54483
2025-07-06 05:00:00,12.3013
2025-07-06 06:00:00,12.192657
2025-07-06 07:00:00,12.13092
2025-07-06 08:00:00,12.376617
2025-07-06 09:00:00,12.423737
2025-07-06 10:00:00,12.355438
2025-07-06 11:00:00,12.740692
2025-07-06 12:00:00,12.870697
2025-07-06 13:00:00,13.04483
2025-07-06 14:00:00,14.070801
2025-07-06 15:00:00,14.897034
2025-07-06 16:00:00,15.358978
2025-07-06 17:00:00,15.590454
2025-07-06 18:00:00,15.648102
2025-07-06 19:00:00,15.609497
2025-07-06 20:00:00,15.390228
2025-07-06 21:00:00,15.01828
2025-07-06 22:00:00,15.449066
2025-07-06 23:00:00,15.16684
2025-07-07 00:00:00,14.940582
2025-07-07 01:00:00,14.734039
2025-07-07 02:00:00,14.505646
2025-07-07 03:00:00,14.319031
2025-07-07 04:00:00,14.068237
2025-07-07 05:00:00,13.846405
2025-07-07 06:00:00,13.807068
2025-07-07 07:00:00,13.937164
2025-07-07 08:00:00,14.540222
2025-07-07 09:00:00,15.083618
2025-07-07 10:00:00,14.40329
2025-07-07 11:00:00,14.694794
2025-07-07 12:00:00,14.028961
2025-07-07 13:00:00,12.720337
2025-07-07 14:00:00,12.217926
2025-07-07 15:00:00,11.419037
2025-07-07 16:00:00,11.004272
2025-07-07 17:00:00,10.62973
2025-07-07 18:00:00,10.384033
2025-07-07 19:00:00,9.915924
2025-07-07 20:00:00,9.789093
2025-07-07 21:00:00,9.75235
2025-07-07 22:00:00,9.404175
2025-07-07 23:00:00,9.383759
2025-07-08 00:00:00,9.398499
2025-07-08 01:00:00,9.398193
2025-07-08 02:00:00,9.26889
2025-07-08 03:00:00,9.03598
2025-07-08 04:00:00,8.826355
2025-07-08 05:00:00,8.792816
2025-07-08 06:00:00,8.799042
2025-07-08 07:00:00,8.911804
2025-07-08 08:00:00,9.016205
2025-07-08 09:00:00,9.256012
2025-07-08 10:00:00,10.051788
2025-07-08 11:00:00,10.660034
2025-07-08 12:00:00,11.340912
2025-07-08 13:00:00,12.329315
2025-07-08 14:00:00,12.991486
2025-07-08 15:00:00,13.299591
2025-07-08 16:00:00,13.198883
2025-07-08 17:00:00,13.068085
2025-07-08 18:00:00,13.098724
2025-07-08 19:00:00,13.324005
2025-07-08 20:00:00,13.532257
2025-07-08 21:00:00,13.694305
2025-07-08 22:00:00,14.148346
2025-07-08 23:00:00,14.307373
2025-07-09 00:00:00,14.500061
2025-07-09 01:00:00,14.587128
2025-07-09 02:00:00,14.472778
2025-07-09 03:00:00,14.27829
2025-07-09 04:00:00,14.272095
2025-07-09 05:00:00,14.367218
2025-07-09 06:00:00,14.425873
2025-07-09 07:00:00,14.4219055
2025-07-09 08:00:00,14.33374
2025-07-09 09:00:00,14.8567505
2025-07-09 10:00:00,14.806091
2025-07-09 11:00:00,15.270477
2025-07-09 12:00:00,15.564514
2025-07-09 13:00:00,15.500671
2025-07-09 14:00:00,15.6770935
2025-07-09 15:00:00,15.559662
2025-07-09 16:00:00,15.584137
2025-07-09 17:00:00,15.553192
2025-07-09 18:00:00,15.526398
2025-07-09 19:00:00,15.53598
2025-07-09 20:00:00,15.555939
2025-07-09 21:00:00,15.577911
2025-07-09 22:00:00,16.070648
2025-07-09 23:00:00,16.056519
2025-07-10 00:00:00,16.088287
2025-07-10 01:00:00,16.102448
2025-07-10 02:00:00,15.934235
2025-07-10 03:00:00,15.608337
2025-07-10 04:00:00,15.384186
2025-07-10 05:00:00,15.333282
2025-07-10 06:00:00,15.350189
2025-07-10 07:00:00,15.335388
2025-07-10 08:00:00,15.248566
2025-07-10 09:00:00,15.73233
2025-07-10 10:00:00,16.03067
2025-07-10 11:00:00,16.31845
2025-07-10 12:00:00,16.571442
2025-07-10 13:00:00,16.776459
2025-07-10 14:00:00,16.762634
2025-07-10 15:00:00,16.485504
2025-07-10 16:00:00,16.047516
2025-07-10 17:00:00,15.603363
2025-07-10 18:00:00,15.243744
2025-07-10 19:00:00,14.968597
2025-07-10 20:00:00,14.702423
2025-07-10 21:00:00,14.443359
2025-07-10 22:00:00,14.526825
2025-07-10 23:00:00,14.50705
2025-07-11 00:00:00,14.29538
2025-07-11 01:00:00,13.898102
2025-07-11 02:00:00,13.486481
2025-07-11 03:00:00,13.273834
2025-07-11 04:00:00,13.358551
2025-07-11 05:00:00,13.501373
2025-07-11 06:00:00,13.329803
2025-07-11 07:00:00,13.06723
2025-07-11 08:00:00,13.543915
2025-07-11 09:00:00,13.868256
2025-07-11 10:00:00,13.0286255
2025-07-11 11:00:00,13.21225
2025-07-11 12:00:00,12.977753
2025-07-11 13:00:00,12.851044
2025-07-11 14:00:00,12.93512
2025-07-11 15:00:00,13.109833
2025-07-11 16:00:00,13.130737
2025-07-11 17:00:00,13.118683
2025-07-11 18:00:00,13.211761
2025-07-11 19:00:00,13.323944
2025-07-11 20:00:00,13.584259
2025-07-11 21:00:00,13.992279
2025-07-11 22:00:00,13.129303
2025-07-11 23:00:00,13.859222
2025-07-12 00:00:00,15.157928
2025-07-12 01:00:00,15.501434
2025-07-12 02:00:00,14.376923
2025-07-12 03:00:00,13.35025
2025-07-12 04:00:00,13.858368
2025-07-12 05:00:00,14.768951
2025-07-12 06:00:00,15.197845
2025-07-12 07:00:00,14.006378
2025-07-12 08:00:00,13.636871
2025-07-12 09:00:00,14.033508
2025-07-12 10:00:00,14.009003
2025-07-12 11:00:00,13.978088
2025-07-12 12:00:00,13.830292
2025-07-12 13:00:00,13.889679
2025-07-12 14:00:00,14.036438
2025-07-12 15:00:00,14.226471
2025-07-12 16:00:00,14.56546
2025-07-12 17:00:00,14.617737
2025-07-12 18:00:00,14.582306
2025-07-12 19:00:00,14.5694275
2025-07-12 20:00:00,14.613312
2025-07-12 21:00:00,14.667755
2025-07-12 22:00:00,14.756195
2025-07-12 23:00:00,14.607727
2025-07-13 00:00:00,14.365265
2025-07-13 01:00:00,14.276703
2025-07-13 02:00:00,14.193634
2025-07-13 03:00:00,14.295807
2025-07-13 04:00:00,14.472626
2025-07-13 05:00:00,14.49292
2025-07-13 06:00:00,14.364838
2025-07-13 07:00:00,14.527832
2025-07-13 08:00:00,14.130798
2025-07-13 09:00:00,13.582611
2025-07-13 10:00:00,14.786163
2025-07-13 11:00:00,14.655121
2025-07-13 12:00:00,14.901459
2025-07-13 13:00:00,15.069031
2025-07-13 14:00:00,15.206146
2025-07-13 15:00:00,15.374176
2025-07-13 16:00:00,15.468567
2025-07-13 17:00:00,15.544586
2025-07-13 18:00:00,15.540802
2025-07-13 19:00:00,15.567169
2025-07-13 20:00:00,15.638489
2025-07-13 21:00:00,15.48703
2025-07-13 22:00:00,15.982178
2025-07-13 23:00:00,15.508209
2025-07-14 00:00:00,15.389648
2025-07-14 01:00:00,15.444672
2025-07-14 02:00:00,15.222748
2025-07-14 03:00:00,15.124786
2025-07-14 04:00:00,14.876312
2025-07-14 05:00:00,14.751129
2025-07-14 06:00:00,14.812042
2025-07-14 07:00:00,15.102386
2025-07-14 08:00:00,15.134308
2025-07-14 09:00:00,14.602081
2025-07-14 10:00:00,14.702972
2025-07-14 11:00:00,14.975403
2025-07-14 12:00:00,15.1822815
2025-07-14 13:00:00,15.353363
2025-07-14 14:00:00,16.172821
2025-07-14 15:00:00,16.599335
2025-07-14 16:00:00,16.507019
2025-07-14 17:00:00,16.325409
2025-07-14 18:00:00,16.267181
2025-07-14 19:00:00,16.284454
2025-07-14 20:00:00,16.283813
2025-07-14 21:00:00,16.26651
2025-07-14 22:00:00,16.22641
2025-07-14 23:00:00,16.077118
2025-07-15 00:00:00,15.9374695
2025-07-15 01:00:00,15.770355
2025-07-15 02:00:00,15.631195
2025-07-15 03:00:00,15.552826
2025-07-15 04:00:00,15.477081
2025-07-15 05:00:00,15.419891
2025-07-15 06:00:00,15.284363
2025-07-15 07:00:00,15.003632
2025-07-15 08:00:00,15.068634
2025-07-15 09:00:00,15.361145
2025-07-15 10:00:00,15.113861
2025-07-15 11:00:00,15.478058
2025-07-15 12:00:00,15.681061
2025-07-15 13:00:00,16.175934
2025-07-15 14:00:00,16.355072
2025-07-15 15:00:00,16.944977
2025-07-15 16:00:00,17.470917
2025-07-15 17:00:00,17.8096
2025-07-15 18:00:00,17.954803
2025-07-15 19:00:00,17.636292
2025-07-15 20:00:00,16.725525
2025-07-15 21:00:00,16.695038
2025-07-15 22:00:00,18.637054
2025-07-15 23:00:00,18.862762
2025-07-16 00:00:00,19.34671
2025-07-16 01:00:00,19.7948
2025-07-16 02:00:00,20.213593
2025-07-16 03:00:00,20.78769
2025-07-16 04:00:00,21.219604
2025-07-16 05:00:00,21.27475
2025-07-16 06:00:00,20.569733
2025-07-16 07:00:00,20.87967
2025-07-16 08:00:00,20.541656
2025-07-16 09:00:00,20.160797
2025-07-16 10:00:00,20.702972
2025-07-16 11:00:00,20.939056
2025-07-16 12:00:00,21.35141
2025-07-16 13:00:00,21.52884
2025-07-16 14:00:00,21.455902
2025-07-16 15:00:00,21.178558
2025-07-16 16:00:00,20.800568
2025-07-16 17:00:00,20.497528
2025-07-16 18:00:00,20.244598
2025-07-16 19:00:00,20.061005
2025-07-16 20:00:00,20.0083
2025-07-16 21:00:00,20.09488
2025-07-16 22:00:00,20.891998
2025-07-16 23:00:00,21.03238
2025-07-17 00:00:00,21.129303
2025-07-17 01:00:00,21.186981
2025-07-17 02:00:00,21.202728
2025-07-17 03:00:00,21.210236
2025-07-17 04:00:00,21.210663
2025-07-17 05:00:00,21.19223
2025-07-17 06:00:00,21.031342
2025-07-17 07:00:00,20.673767
2025-07-17 08:00:00,20.143341
2025-07-17 09:00:00,19.42685
2025-07-17 10:00:00,20.1745
2025-07-17 11:00:00,20.624603
2025-07-17 12:00:00,21.088654
2025-07-17 13:00:00,21.484406
2025-07-17 14:00:00,21.553894
2025-07-17 15:00:00,21.43216
2025-07-17 16:00:00,21.320862
2025-07-17 17:00:00,21.354462
2025-07-17 18:00:00,21.481598
2025-07-17 19:00:00,21.559906
2025-07-17 20:00:00,21.618988
2025-07-17 21:00:00,21.68283
2025-07-17 22:00:00,21.602814
2025-07-17 23:00:00,21.69632
2025-07-18 00:00:00,21.738525
2025-07-18 01:00:00,21.750763
2025-07-18 02:00:00,21.753448
2025-07-18 03:00:00,21.695404
2025-07-18 04:00:00,21.549286
2025-07-18 05:00:00,21.350525
2025-07-18 06:00:00,21.132507
2025-07-18 07:00:00,20.864532
2025-07-18 08:00:00,20.536407
2025-07-18 09:00:00,19.869598
2025-07-18 10:00:00,21.302582
2025-07-18 11:00:00,21.534698
2025-07-18 12:00:00,21.591217
2025-07-18 13:00:00,21.564484
2025-07-18 14:00:00,21.479126
2025-07-18 15:00:00,21.300385
2025-07-18 16:00:00,21.07016
2025-07-18 17:00:00,20.916351
2025-07-18 18:00:00,20.817719
2025-07-18 19:00:00,20.765533
2025-07-18 20:00:00,20.679749
2025-07-18 21:00:00,20.54132
2025-07-18 22:00:00,20.988373
2025-07-18 23:00:00,20.850372
2025-07-19 00:00:00,20.731934
2025-07-19 01:00:00,20.613739
2025-07-19 02:00:00,20.455475
2025-07-19 03:00:00,20.225983
2025-07-19 04:00:00,19.971313
2025-07-19 05:00:00,19.817139
2025-07-19 06:00:00,19.786163
2025-07-19 07:00:00,19.782806
2025-07-19 08:00:00,19.705261
2025-07-19 09:00:00,19.621063
2025-07-19 10:00:00,19.608185
2025-07-19 11:00:00,19.779388
2025-07-19 12:00:00,19.874481
2025-07-19 13:00:00,19.962555
2025-07-19 14:00:00,19.946869
2025-07-19 15:00:00,20.00238
2025-07-19 16:00:00,20.049286
2025-07-19 17:00:00,19.991241
2025-07-19 18:00:00,19.980927
2025-07-19 19:00:00,19.976166
2025-07-19 20:00:00,19.893951
2025-07-19 21:00:00,19.83731
2025-07-19 22:00:00,20.078796
2025-07-19 23:00:00,19.870605
2025-07-20 00:00:00,19.629486
2025-07-20 01:00:00,19.433472
2025-07-20 02:00:00,19.295807
2025-07-20 03:00:00,19.194702
2025-07-20 04:00:00,19.102325
2025-07-20 05:00:00,18.984833
2025-07-20 06:00:00,18.805328
2025-07-20 07:00:00,18.524994
2025-07-20 08:00:00,18.28534
2025-07-20 09:00:00,18.589996
2025-07-20 10:00:00,19.463013
2025-07-20 11:00:00,19.742157
2025-07-20 12:00:00,19.936615
2025-07-20 13:00:00,19.955414
2025-07-20 14:00:00,19.8797
2025-07-20 15:00:00,19.815582
2025-07-20 16:00:00,19.83786
2025-07-20 17:00:00,19.795746
2025-07-20 18:00:00,19.699951
2025-07-20 19:00:00,19.604858
2025-07-20 20:00:00,19.482056
2025-07-20 21:00:00,19.357147
2025-07-20 22:00:00,19.248566
2025-07-20 23:00:00,19.363525
2025-07-21 00:00:00,19.544952
2025-07-21 01:00:00,19.704742
2025-07-21 02:00:00,19.829529
2025-07-21 03:00:00,19.92984
2025-07-21 04:00:00,19.983856
2025-07-21 05:00:00,19.937897
2025-07-21 06:00:00,19.746185
2025-07-21 07:00:00,19.347076
2025-07-21 08:00:00,18.539917
2025-07-21 09:00:00,19.209198
2025-07-21 10:00:00,19.933197
2025-07-21 11:00:00,20.223541
2025-07-21 12:00:00,20.505676
2025-07-21 13:00:00,20.333252
2025-07-21 14:00:00,19.785889
2025-07-21 15:00:00,19.613922
2025-07-21 16:00:00,19.540314
2025-07-21 17:00:00,19.279022
2025-07-21 18:00:00,18.844025
2025-07-21 19:00:00,18.491852
2025-07-21 20:00:00,18.423676
2025-07-21 21:00:00,18.38736
2025-07-21 22:00:00,18.97998
2025-07-21 23:00:00,18.885284
2025-07-22 00:00:00,18.77536
2025-07-22 01:00:00,18.661469
2025-07-22 02:00:00,18.45163
2025-07-22 03:00:00,18.220184
2025-07-22 04:00:00,18.03122
2025-07-22 05:00:00,17.884705
2025-07-22 06:00:00,17.657806
2025-07-22 07:00:00,17.440826
2025-07-22 08:00:00,17.613586
2025-07-22 09:00:00,17.753723
2025-07-22 10:00:00,18.207062
2025-07-22 11:00:00,17.784515
2025-07-22 12:00:00,17.8331
2025-07-22 13:00:00,18.075043
2025-07-22 14:00:00,17.51352
2025-07-22 15:00:00,16.81485
2025-07-22 16:00:00,16.53128
2025-07-22 17:00:00,16.34732
2025-07-22 18:00:00,16.300873
2025-07-22 19:00:00,16.584381
2025-07-22 20:00:00,17.194122
2025-07-22 21:00:00,17.48172
2025-07-22 22:00:00,18.572357
2025-07-22 23:00:00,18.481354
2025-07-23 00:00:00,18.82785
2025-07-23 01:00:00,18.916412
2025-07-23 02:00:00,18.712524
2025-07-23 03:00:00,18.596832
2025-07-23 04:00:00,18.529633
2025-07-23 05:00:00,18.659302
2025-07-23 06:00:00,18.543182
2025-07-23 07:00:00,18.040619
2025-07-23 08:00:00,17.986664
2025-07-23 09:00:00,18.470337
2025-07-23 10:00:00,19.675995
2025-07-23 11:00:00,19.636078
2025-07-23 12:00:00,19.866547
2025-07-23 13:00:00,20.137756
2025-07-23 14:00:00,20.155945
2025-07-23 15:00:00,19.699738
2025-07-23 16:00:00,19.475983
2025-07-23 17:00:00,19.391937
2025-07-23 18:00:00,19.286652
2025-07-23 19:00:00,19.123932
2025-07-23 20:00:00,19.062836
2025-07-23 21:00:00,18.992218
2025-07-23 22:00:00,19.680206
2025-07-23 23:00:00,19.25766
2025-07-24 00:00:00,18.888855
2025-07-24 01:00:00,18.716888
2025-07-24 02:00:00,18.672394
2025-07-24 03:00:00,18.595612
2025-07-24 04:00:00,18.466034
2025-07-24 05:00:00,18.340668
2025-07-24 06:00:00,18.18753
2025-07-24 07:00:00,17.824951
2025-07-24 08:00:00,18.172699
2025-07-24 09:00:00,18.75058
2025-07-24 10:00:00,20.33487
2025-07-24 11:00:00,20.123016
2025-07-24 12:00:00,20.272888
2025-07-24 13:00:00,20.420563
2025-07-24 14:00:00,20.57959
2025-07-24 15:00:00,20.5943
2025-07-24 16:00:00,20.491058
2025-07-24 17:00:00,20.26413
2025-07-24 18:00:00,20.136993
2025-07-24 19:00:00,20.002472
2025-07-24 20:00:00,19.865814
2025-07-24 21:00:00,19.680298
2025-07-24 22:00:00,19.94043
2025-07-24 23:00:00,19.667267
2025-07-25 00:00:00,19.374634
2025-07-25 01:00:00,19.17096
2025-07-25 02:00:00,19.091583
2025-07-25 03:00:00,19.008179
2025-07-25 04:00:00,18.823944
2025-07-25 05:00:00,18.592255
2025-07-25 06:00:00,18.249603
2025-07-25 07:00:00,17.696869
2025-07-25 08:00:00,17.748505
2025-07-25 09:00:00,18.116028
2025-07-25 10:00:00,18.3956
2025-07-25 11:00:00,18.710052
2025-07-25 12:00:00,18.955353
2025-07-25 13:00:00,18.99878
2025-07-25 14:00:00,18.879059
2025-07-25 15:00:00,18.659637
2025-07-25 16:00:00,18.273468
2025-07-25 17:00:00,17.988434
2025-07-25 18:00:00,18.0307
2025-07-25 19:00:00,18.10144
2025-07-25 20:00:00,18.160248
2025-07-25 21:00:00,18.243073
2025-07-25 22:00:00,18.44339
2025-07-25 23:00:00,18.26715
2025-07-26 00:00:00,17.97583
2025-07-26 01:00:00,17.592926
2025-07-26 02:00:00,17.175812
2025-07-26 03:00:00,16.744995
2025-07-26 04:00:00,16.631958
2025-07-26 05:00:00,16.476837
2025-07-26 06:00:00,16.320557
2025-07-26 07:00:00,16.883057
2025-07-26 08:00:00,17.43155
2025-07-26 09:00:00,17.942352
2025-07-26 10:00:00,17.68396
2025-07-26 11:00:00,18.365997
2025-07-26 12:00:00,19.058594
2025-07-26 13:00:00,19.44754
2025-07-26 14:00:00,19.678986
2025-07-26 15:00:00,19.58783
2025-07-26 16:00:00,19.559723
2025-07-26 17:00:00,19.392242
2025-07-26 18:00:00,19.248352
2025-07-26 19:00:00,19.119904
2025-07-26 20:00:00,18.892212
2025-07-26 21:00:00,18.69635
2025-07-26 22:00:00,18.605988
2025-07-26 23:00:00,18.387238
2025-07-27 00:00:00,18.134186
2025-07-27 01:00:00,17.83844
2025-07-27 02:00:00,17.530304
2025-07-27 03:00:00,17.254547
2025-07-27 04:00:00,16.998077
2025-07-27 05:00:00,16.71518
2025-07-27 06:00:00,16.532562
2025-07-27 07:00:00,16.476349
2025-07-27 08:00:00,17.207855
2025-07-27 09:00:00,17.789276
2025-07-27 10:00:00,17.280365
2025-07-27 11:00:00,18.083405
2025-07-27 12:00:00,18.735687
2025-07-27 13:00:00,19.255707
2025-07-27 14:00:00,19.608063
2025-07-27 15:00:00,19.456512
2025-07-27 16:00:00,18.975037
2025-07-27 17:00:00,18.491821
2025-07-27 18:00:00,18.249847
2025-07-27 19:00:00,18.17331
2025-07-27 20:00:00,18.129913
2025-07-27 21:00:00,18.06961
2025-07-27 22:00:00,18.415314
2025-07-27 23:00:00,18.222809
2025-07-28 00:00:00,18.051788
2025-07-28 01:00:00,17.888885
2025-07-28 02:00:00,17.721527
2025-07-28 03:00:00,17.616241
2025-07-28 04:00:00,17.563751
2025-07-28 05:00:00,17.498016
2025-07-28 06:00:00,17.353943
2025-07-28 07:00:00,16.937225
2025-07-28 08:00:00,17.475067
2025-07-28 09:00:00,17.850372
2025-07-28 10:00:00,18.65802
2025-07-28 11:00:00,18.96762
2025-07-28 12:00:00,19.217255
2025-07-28 13:00:00,19.334381
2025-07-28 14:00:00,19.308044
2025-07-28 15:00:00,19.077942
2025-07-28 16:00:00,18.856628
2025-07-28 17:00:00,18.858185
2025-07-28 18:00:00,18.767975
2025-07-28 19:00:00,18.21457
2025-07-28 20:00:00,17.731506
2025-07-28 21:00:00,17.395477
2025-07-28 22:00:00,17.50827
2025-07-28 23:00:00,16.677948
2025-07-29 00:00:00,16.437286
2025-07-29 01:00:00,16.590363
2025-07-29 02:00:00,16.869446
2025-07-29 03:00:00,16.946198
2025-07-29 04:00:00,17.027374
2025-07-29 05:00:00,17.017975
2025-07-29 06:00:00,17.366425
2025-07-29 07:00:00,17.571198
2025-07-29 08:00:00,17.492157
2025-07-29 09:00:00,17.522186
2025-07-29 10:00:00,17.218292
2025-07-29 11:00:00,16.377594
2025-07-29 12:00:00,16.541199
2025-07-29 13:00:00,16.728241
2025-07-29 14:00:00,16.63971
2025-07-29 15:00:00,16.455078
2025-07-29 16:00:00,16.464905
2025-07-29 17:00:00,16.631165
2025-07-29 18:00:00,16.756561
2025-07-29 19:00:00,16.998505
2025-07-29 20:00:00,17.340057
2025-07-29 21:00:00,17.715668
2025-07-29 22:00:00,18.483734
2025-07-29 23:00:00,18.309692
2025-07-30 00:00:00,17.887756
2025-07-30 01:00:00,17.40689
2025-07-30 02:00:00,17.187164
2025-07-30 03:00:00,17.151276
2025-07-30 04:00:00,16.959106
2025-07-30 05:00:00,16.553986
2025-07-30 06:00:00,16.086456
2025-07-30 07:00:00,15.62912
2025-07-30 08:00:00,16.217194
2025-07-30 09:00:00,16.692291
2025-07-30 10:00:00,16.493866
2025-07-30 11:00:00,16.809052
2025-07-30 12:00:00,17.200653
2025-07-30 13:00:00,17.254791
2025-07-30 14:00:00,17.072296
2025-07-30 15:00:00,16.900879
2025-07-30 16:00:00,16.589142
2025-07-30 17:00:00,16.30722
2025-07-30 18:00:00,16.30075
2025-07-30 19:00:00,15.955292
2025-07-30 20:00:00,15.16153
2025-07-30 21:00:00,14.186859
2025-07-30 22:00:00,14.835663
2025-07-30 23:00:00,14.993561
2025-07-31 00:00:00,15.08316
2025-07-31 01:00:00,15.12619
2025-07-31 02:00:00,15.240112
2025-07-31 03:00:00,15.216217
2025-07-31 04:00:00,15.35141
2025-07-31 05:00:00,15.173309
2025-07-31 06:00:00,14.962921
2025-07-31 07:00:00,14.709503
2025-07-31 08:00:00,14.767334
2025-07-31 09:00:00,15.130676
2025-07-31 10:00:00,14.047211
2025-07-31 11:00:00,14.345734
2025-07-31 12:00:00,14.432831
2025-07-31 13:00:00,14.626007
2025-07-31 14:00:00,14.819122
2025-07-31 15:00:00,15.150269
2025-07-31 16:00:00,15.532257
2025-07-31 17:00:00,15.712738
2025-07-31 18:00:00,15.860016
2025-07-31 19:00:00,16.060516
2025-07-31 20:00:00,16.207306
2025-07-31 21:00:00,16.281586
2025-07-31 22:00:00,16.525421
2025-07-31 23:00:00,16.44104
2025-08-01 00:00:00,16.407562
2025-08-01 01:00:00,16.247711
2025-08-01 02:00:00,15.926575
2025-08-01 03:00:00,15.350464
2025-08-01 04:00:00,14.304352
2025-08-01 05:00:00,13.689423
2025-08-01 06:00:00,13.282257
2025-08-01 07:00:00,13.103851
2025-08-01 08:00:00,13.199799
2025-08-01 09:00:00,13.342834
2025-08-01 10:00:00,13.504181
2025-08-01 11:00:00,13.71579
2025-08-01 12:00:00,13.851135
2025-08-01 13:00:00,14.042755
2025-08-01 14:00:00,14.181549
2025-08-01 15:00:00,14.2258
2025-08-01 16:00:00,14.382324
2025-08-01 17:00:00,14.449829
2025-08-01 18:00:00,14.473541
2025-08-01 19:00:00,14.457184
2025-08-01 20:00:00,14.403107
2025-08-01 21:00:00,14.308136
2025-08-01 22:00:00,14.270691
2025-08-01 23:00:00,14.355011
2025-08-02 00:00:00,14.4809265
2025-08-02 01:00:00,14.505341
2025-08-02 02:00:00,14.505127
2025-08-02 03:00:00,14.584625
2025-08-02 04:00:00,14.689423
2025-08-02 05:00:00,14.866486
2025-08-02 06:00:00,15.066742
2025-08-02 07:00:00,15.349518
2025-08-02 08:00:00,15.245697
2025-08-02 09:00:00,15.757843
2025-08-02 10:00:00,17.199982
2025-08-02 11:00:00,15.967957
2025-08-02 12:00:00,16.275238
2025-08-02 13:00:00,16.378174
2025-08-02 14:00:00,16.227936
2025-08-02 15:00:00,16.16623
2025-08-02 16:00:00,15.867126
2025-08-02 17:00:00,15.686615
2025-08-02 18:00:00,15.6562805
2025-08-02 19:00:00,15.492584
2025-08-02 20:00:00,15.226196
2025-08-02 21:00:00,15.076019
2025-08-02 22:00:00,15.370941
2025-08-02 23:00:00,15.301117
2025-08-03 00:00:00,15.262054
2025-08-03 01:00:00,15.1633
2025-08-03 02:00:00,15.095703
2025-08-03 03:00:00,15.068634
2025-08-03 04:00:00,14.966339
2025-08-03 05:00:00,14.760529
2025-08-03 06:00:00,14.66272
2025-08-03 07:00:00,14.300995
2025-08-03 08:00:00,14.315186
2025-08-03 09:00:00,14.348114
2025-08-03 10:00:00,15.275299
2025-08-03 11:00:00,15.568146
2025-08-03 12:00:00,15.825836
2025-08-03 13:00:00,15.970154
2025-08-03 14:00:00,16.008698
2025-08-03 15:00:00,16.247467
2025-08-03 16:00:00,16.499908
2025-08-03 17:00:00,16.690582
2025-08-03 18:00:00,16.760895
2025-08-03 19:00:00,16.633392
2025-08-03 20:00:00,16.615814
2025-08-03 21:00:00,16.388458
2025-08-03 22:00:00,14.806732
2025-08-03 23:00:00,14.318237
2025-08-04 00:00:00,14.094543
2025-08-04 01:00:00,14.155914
2025-08-04 02:00:00,14.37027
2025-08-04 03:00:00,14.607056
2025-08-04 04:00:00,14.746216
2025-08-04 05:00:00,14.607849
2025-08-04 06:00:00,14.580963
2025-08-04 07:00:00,14.574768
2025-08-04 08:00:00,14.558075
2025-08-04 09:00:00,14.806274
2025-08-04 10:00:00,15.228424
2025-08-04 11:00:00,15.601868
2025-08-04 12:00:00,15.851166
2025-08-04 13:00:00,15.947418
2025-08-04 14:00:00,15.621918
2025-08-04 15:00:00,15.288635
2025-08-04 16:00:00,14.909637
2025-08-04 17:00:00,14.569305
2025-08-04 18:00:00,14.649445
2025-08-04 19:00:00,14.918304
2025-08-04 20:00:00,15.046661
2025-08-04 21:00:00,15.171783
2025-08-04 22:00:00,14.740265
2025-08-04 23:00:00,14.553192
2025-08-05 00:00:00,14.435669
2025-08-05 01:00:00,14.430237
2025-08-05 02:00:00,14.20813
2025-08-05 03:00:00,14.123077
2025-08-05 04:00:00,13.888611
2025-08-05 05:00:00,13.026367
2025-08-05 06:00:00,12.440582
2025-08-05 07:00:00,12.754791
2025-08-05 08:00:00,13.640411
2025-08-05 09:00:00,13.83316
2025-08-05 10:00:00,15.133636
2025-08-05 11:00:00,15.566315
2025-08-05 12:00:00,15.892181
2025-08-05 13:00:00,16.001923
2025-08-05 14:00:00,16.059418
2025-08-05 15:00:00,15.839142
2025-08-05 16:00:00,15.587158
2025-08-05 17:00:00,15.523193
2025-08-05 18:00:00,15.003387
2025-08-05 19:00:00,14.36496
2025-08-05 20:00:00,13.626251
2025-08-05 21:00:00,12.885071
2025-08-05 22:00:00,12.399445
2025-08-05 23:00:00,11.813751
2025-08-06 00:00:00,11.404938
2025-08-06 01:00:00,11.230255
2025-08-06 02:00:00,11.154633
2025-08-06 03:00:00,11.115631
2025-08-06 04:00:00,11.02475
2025-08-06 05:00:00,10.922943
2025-08-06 06:00:00,11.05603
2025-08-06 07:00:00,11.304779
2025-08-06 08:00:00,11.909882
2025-08-06 09:00:00,12.5659485
2025-08-06 10:00:00,13.596924
2025-08-06 11:00:00,13.885162
2025-08-06 12:00:00,14.11441
2025-08-06 13:00:00,14.305389
2025-08-06 14:00:00,14.4279785
2025-08-06 15:00:00,13.4531555
2025-08-06 16:00:00,13.808472
2025-08-06 17:00:00,14.480621
2025-08-06 18:00:00,14.558228
2025-08-06 19:00:00,14.372437
2025-08-06 20:00:00,14.146576
2025-08-06 21:00:00,13.997681
2025-08-06 22:00:00,13.661285
2025-08-06 23:00:00,13.55246
2025-08-07 00:00:00,13.516022
2025-08-07 01:00:00,13.310516
2025-08-07 02:00:00,12.975189
2025-08-07 03:00:00,12.805023
2025-08-07 04:00:00,12.748871
2025-08-07 05:00:00,12.6528015
2025-08-07 06:00:00,12.408661
2025-08-07 07:00:00,12.106598
2025-08-07 08:00:00,12.793304
2025-08-07 09:00:00,13.499451
2025-08-07 10:00:00,14.254395
2025-08-07 11:00:00,14.601105
2025-08-07 12:00:00,14.751862
2025-08-07 13:00:00,14.992706
2025-08-07 14:00:00,15.120026
2025-08-07 15:00:00,15.127167
2025-08-07 16:00:00,15.024078
2025-08-07 17:00:00,14.720428
2025-08-07 18:00:00,14.467987
2025-08-07 19:00:00,14.223663
2025-08-07 20:00:00,13.907623
2025-08-07 21:00:00,13.410919
2025-08-07 22:00:00,13.249847
2025-08-07 23:00:00,12.941711
2025-08-08 00:00:00,12.773193
2025-08-08 01:00:00,12.853485
2025-08-08 02:00:00,12.943573
2025-08-08 03:00:00,12.904327
2025-08-08 04:00:00,12.91507
2025-08-08 05:00:00,13.205597
2025-08-08 06:00:00,13.4711
2025-08-08 07:00:00,13.192017
2025-08-08 08:00:00,13.21637
2025-08-08 09:00:00,13.855743
2025-08-08 10:00:00,15.196777
2025-08-08 11:00:00,15.197693
2025-08-08 12:00:00,15.209808
2025-08-08 13:00:00,15.46347
2025-08-08 14:00:00,15.56131
2025-08-08 15:00:00,15.7534485
2025-08-08 16:00:00,15.980804
2025-08-08 17:00:00,16.201172
2025-08-08 18:00:00,16.311554
2025-08-08 19:00:00,16.332214
2025-08-08 20:00:00,16.265594
2025-08-08 21:00:00,16.071594
2025-08-08 22:00:00,16.465118
2025-08-08 23:00:00,15.894318
2025-08-09 00:00:00,14.919678
2025-08-09 01:00:00,13.93045
2025-08-09 02:00:00,12.989838
2025-08-09 03:00:00,12.069489
2025-08-09 04:00:00,11.6315
2025-08-09 05:00:00,11.429474
2025-08-09 06:00:00,10.949493
2025-08-09 07:00:00,11.870209
2025-08-09 08:00:00,12.599243
2025-08-09 09:00:00,13.195221
2025-08-09 10:00:00,14.363129
2025-08-09 11:00:00,14.732666
2025-08-09 12:00:00,15.126312
2025-08-09 13:00:00,15.300262
2025-08-09 14:00:00,15.30545
2025-08-09 15:00:00,15.249756
2025-08-09 16:00:00,15.223846
2025-08-09 17:00:00,15.160095
2025-08-09 18:00:00,15.106598
2025-08-09 19:00:00,15.119934
2025-08-09 20:00:00,15.135132
2025-08-09 21:00:00,15.0850525
2025-08-09 22:00:00,15.052521
2025-08-09 23:00:00,15.088837
2025-08-10 00:00:00,15.223907
2025-08-10 01:00:00,15.382965
2025-08-10 02:00:00,15.329742
2025-08-10 03:00:00,14.816498
2025-08-10 04:00:00,14.310364
2025-08-10 05:00:00,14.055206
2025-08-10 06:00:00,13.375763
2025-08-10 07:00:00,12.636932
2025-08-10 08:00:00,12.977661
2025-08-10 09:00:00,13.461029
2025-08-10 10:00:00,13.702911
2025-08-10 11:00:00,14.204834
2025-08-10 12:00:00,14.688385
2025-08-10 13:00:00,15.149933
2025-08-10 14:00:00,15.502991
2025-08-10 15:00:00,15.711517
2025-08-10 16:00:00,15.722321
2025-08-10 17:00:00,15.697449
2025-08-10 18:00:00,15.767975
2025-08-10 19:00:00,15.900574
2025-08-10 20:00:00,15.957916
2025-08-10 21:00:00,15.854462
2025-08-10 22:00:00,15.8284
2025-08-10 23:00:00,15.576324
2025-08-11 00:00:00,15.317413
2025-08-11 01:00:00,15.114838
2025-08-11 02:00:00,14.900299
2025-08-11 03:00:00,14.68161
2025-08-11 04:00:00,14.474762
2025-08-11 05:00:00,14.345917
2025-08-11 06:00:00,14.243744
2025-08-11 07:00:00,14.145447
2025-08-11 08:00:00,13.866669
2025-08-11 09:00:00,13.538818
2025-08-11 10:00:00,13.95166
2025-08-11 11:00:00,14.234894
2025-08-11 12:00:00,14.426697
2025-08-11 13:00:00,14.803741
2025-08-11 14:00:00,14.715759
2025-08-11 15:00:00,14.678894
2025-08-11 16:00:00,14.722504
2025-08-11 17:00:00,14.662445
2025-08-11 18:00:00,14.38089
2025-08-11 19:00:00,13.861603
2025-08-11 20:00:00,13.313812
2025-08-11 21:00:00,12.688293
2025-08-11 22:00:00,12.405182
2025-08-11 23:00:00,12.345245
2025-08-12 00:00:00,12.458099
2025-08-12 01:00:00,12.219482
2025-08-12 02:00:00,11.904999
2025-08-12 03:00:00,11.908447
2025-08-12 04:00:00,12.002716
2025-08-12 05:00:00,12.03183
2025-08-12 06:00:00,11.959656
2025-08-12 07:00:00,11.832581
2025-08-12 08:00:00,12.176544
2025-08-12 09:00:00,12.892853
2025-08-12 10:00:00,13.5833435
2025-08-12 11:00:00,14.1145935
2025-08-12 12:00:00,14.688141
2025-08-12 13:00:00,15.2812805
2025-08-12 14:00:00,15.711121
2025-08-12 15:00:00,15.887939
2025-08-12 16:00:00,15.863525
2025-08-12 17:00:00,15.62442
2025-08-12 18:00:00,15.276581
2025-08-12 19:00:00,15.126221
2025-08-12 20:00:00,15.216522
2025-08-12 21:00:00,15.381958
2025-08-12 22:00:00,16.116577
2025-08-12 23:00:00,16.114716
2025-08-13 00:00:00,16.026001
2025-08-13 01:00:00,15.822449
2025-08-13 02:00:00,15.450867
2025-08-13 03:00:00,15.357544
2025-08-13 04:00:00,15.479309
2025-08-13 05:00:00,15.588715
2025-08-13 06:00:00,15.562775
2025-08-13 07:00:00,15.499695
2025-08-13 08:00:00,15.511444
2025-08-13 09:00:00,15.573883
2025-08-13 10:00:00,15.590729
2025-08-13 11:00:00,15.894501
2025-08-13 12:00:00,16.39566
2025-08-13 13:00:00,16.786316
2025-08-13 14:00:00,17.252289
2025-08-13 15:00:00,17.622131
2025-08-13 16:00:00,17.993958
2025-08-13 17:00:00,18.16684
2025-08-13 18:00:00,18.138763
2025-08-13 19:00:00,17.944122
2025-08-13 20:00:00,17.724335
2025-08-13 21:00:00,17.553772
2025-08-13 22:00:00,17.775116
2025-08-13 23:00:00,17.652313
2025-08-14 00:00:00,17.509857
2025-08-14 01:00:00,17.384674
2025-08-14 02:00:00,17.271393
2025-08-14 03:00:00,17.189545
2025-08-14 04:00:00,17.205414
2025-08-14 05:00:00,17.253296
2025-08-14 06:00:00,17.331848
2025-08-14 07:00:00,17.459381
2025-08-14 08:00:00,17.618835
2025-08-14 09:00:00,17.78122
2025-08-14 10:00:00,18.35907
2025-08-14 11:00:00,18.966827
2025-08-14 12:00:00,19.460175
2025-08-14 13:00:00,19.96939
2025-08-14 14:00:00,20.241913
2025-08-14 15:00:00,20.321777
2025-08-14 16:00:00,20.208344
2025-08-14 17:00:00,19.993195
2025-08-14 18:00:00,19.91983
2025-08-14 19:00:00,19.85672
2025-08-14 20:00:00,19.927246
2025-08-14 21:00:00,20.253387
2025-08-14 22:00:00,19.838867
2025-08-14 23:00:00,19.507233
2025-08-15 00:00:00,19.339722
2025-08-15 01:00:00,19.568054
2025-08-15 02:00:00,19.487457
2025-08-15 03:00:00,19.428009
2025-08-15 04:00:00,19.631561
2025-08-15 05:00:00,19.843658
2025-08-15 06:00:00,18.298431
2025-08-15 07:00:00,19.067657
2025-08-15 08:00:00,19.04004
2025-08-15 09:00:00,19.945465
2025-08-15 10:00:00,19.225952
2025-08-15 11:00:00,19.469604
2025-08-15 12:00:00,19.621399
2025-08-15 13:00:00,19.94986
2025-08-15 14:00:00,20.47757
2025-08-15 15:00:00,19.774109
2025-08-15 16:00:00,19.75058
2025-08-15 17:00:00,19.403229
2025-08-15 18:00:00,18.629486
2025-08-15 19:00:00,17.961151
2025-08-15 20:00:00,13.898956
2025-08-15 21:00:00,10.86496
2025-08-15 22:00:00,11.162628
2025-08-15 23:00:00,11.63504
2025-08-16 00:00:00,12.4835205
2025-08-16 01:00:00,12.533783
2025-08-16 02:00:00,12.050507
2025-08-16 03:00:00,11.588409
2025-08-16 04:00:00,10.998718
2025-08-16 05:00:00,10.291199
2025-08-16 06:00:00,9.941437
2025-08-16 07:00:00,9.72757
2025-08-16 08:00:00,10.483276
2025-08-16 09:00:00,11.389374
2025-08-16 10:00:00,11.231964
2025-08-16 11:00:00,11.998077
2025-08-16 12:00:00,12.292694
2025-08-16 13:00:00,12.682068
2025-08-16 14:00:00,12.994446
2025-08-16 15:00:00,12.773346
2025-08-16 16:00:00,11.586853
2025-08-16 17:00:00,11.217804
2025-08-16 18:00:00,11.114746
2025-08-16 19:00:00,10.6449585
2025-08-16 20:00:00,10.329407
2025-08-16 21:00:00,10.4599
2025-08-16 22:00:00,10.407227
2025-08-16 23:00:00,9.994812
2025-08-17 00:00:00,9.454041
2025-08-17 01:00:00,9.116333
2025-08-17 02:00:00,9.027496
2025-08-17 03:00:00,8.985321
2025-08-17 04:00:00,8.953949
2025-08-17 05:00:00,8.974823
2025-08-17 06:00:00,8.986359
2025-08-17 07:00:00,9.1658325
2025-08-17 08:00:00,9.391388
2025-08-17 09:00:00,9.774139
2025-08-17 10:00:00,9.615692
2025-08-17 11:00:00,9.937408
2025-08-17 12:00:00,10.189728
2025-08-17 13:00:00,10.72583
2025-08-17 14:00:00,11.18457
2025-08-17 15:00:00,11.420929
2025-08-17 16:00:00,11.713928
2025-08-17 17:00:00,11.993835
2025-08-17 18:00:00,12.294403
2025-08-17 19:00:00,12.704376
2025-08-17 20:00:00,13.134491
2025-08-17 21:00:00,13.469452
2025-08-17 22:00:00,13.457123
2025-08-17 23:00:00,13.719635
2025-08-18 00:00:00,13.471649
2025-08-18 01:00:00,12.906097
2025-08-18 02:00:00,12.823273
2025-08-18 03:00:00,13.314178
2025-08-18 04:00:00,13.648163
2025-08-18 05:00:00,13.8524475
2025-08-18 06:00:00,13.944153
2025-08-18 07:00:00,13.970734
2025-08-18 08:00:00,13.832855
2025-08-18 09:00:00,13.354767
2025-08-18 10:00:00,13.818237
2025-08-18 11:00:00,14.868011
2025-08-18 12:00:00,15.838623
2025-08-18 13:00:00,16.655945
2025-08-18 14:00:00,17.32901
2025-08-18 15:00:00,17.84787
2025-08-18 16:00:00,18.257538
2025-08-18 17:00:00,18.585663
2025-08-18 18:00:00,18.822113
2025-08-18 19:00:00,18.933899
2025-08-18 20:00:00,18.932587
2025-08-18 21:00:00,19.043854
2025-08-18 22:00:00,18.965454
2025-08-18 23:00:00,19.139618
2025-08-19 00:00:00,19.101715
2025-08-19 01:00:00,18.27005
2025-08-19 02:00:00,16.301971
2025-08-19 03:00:00,14.539856
2025-08-19 04:00:00,13.246246
2025-08-19 05:00:00,11.887238
2025-08-19 06:00:00,10.910248
2025-08-19 07:00:00,10.6138
2025-08-19 08:00:00,10.543671
2025-08-19 09:00:00,10.406891
2025-08-19 10:00:00,9.5451355
2025-08-19 11:00:00,9.51767
2025-08-19 12:00:00,9.747528
2025-08-19 13:00:00,10.024475
2025-08-19 14:00:00,10.723297
2025-08-19 15:00:00,11.388092
2025-08-19 16:00:00,11.684357
2025-08-19 17:00:00,11.618561
2025-08-19 18:00:00,11.508362
2025-08-19 19:00:00,11.492828
2025-08-19 20:00:00,11.5868225
2025-08-19 21:00:00,11.673798
2025-08-19 22:00:00,11.028656
2025-08-19 23:00:00,10.123932
2025-08-20 00:00:00,9.139008
2025-08-20 01:00:00,8.552612
2025-08-20 02:00:00,8.119659
2025-08-20 03:00:00,7.8213196
2025-08-20 04:00:00,7.575897
2025-08-20 05:00:00,7.3769226
2025-08-20 06:00:00,7.258362
2025-08-20 07:00:00,7.927948
2025-08-20 08:00:00,8.490906
2025-08-20 09:00:00,8.842346
2025-08-20 10:00:00,9.050476
2025-08-20 11:00:00,9.274384
2025-08-20 12:00:00,9.5903015
2025-08-20 13:00:00,10.066071
2025-08-20 14:00:00,10.669586
2025-08-20 15:00:00,10.970551
2025-08-20 16:00:00,10.9375305
2025-08-20 17:00:00,10.750244
2025-08-20 18:00:00,10.490448
2025-08-20 19:00:00,10.376312
2025-08-20 20:00:00,10.393402
2025-08-20 21:00:00,10.537964
2025-08-20 22:00:00,10.628113
2025-08-20 23:00:00,10.657867
2025-08-21 00:00:00,10.564117
2025-08-21 01:00:00,10.028046
2025-08-21 02:00:00,9.81665
2025-08-21 03:00:00,9.716095
2025-08-21 04:00:00,9.651978
2025-08-21 05:00:00,9.587738
2025-08-21 06:00:00,9.453033
2025-08-21 07:00:00,9.119171
2025-08-21 08:00:00,9.530853
2025-08-21 09:00:00,9.824402
2025-08-21 10:00:00,10.024933
2025-08-21 11:00:00,10.087799
2025-08-21 12:00:00,10.134735
2025-08-21 13:00:00,9.880768
2025-08-21 14:00:00,9.409607
2025-08-21 15:00:00,9.155914
2025-08-21 16:00:00,9.210358
2025-08-21 17:00:00,9.319366
2025-08-21 18:00:00,9.403168
2025-08-21 19:00:00,9.442413
2025-08-21 20:00:00,9.488068
2025-08-21 21:00:00,9.5138855
2025-08-21 22:00:00,10.105682
2025-08-21 23:00:00,10.073853
2025-08-22 00:00:00,10.00528
2025-08-22 01:00:00,10.067108
2025-08-22 02:00:00,10.177277
2025-08-22 03:00:00,10.067596
2025-08-22 04:00:00,9.704926
2025-08-22 05:00:00,9.417603
2025-08-22 06:00:00,9.321564
2025-08-22 07:00:00,9.299164
2025-08-22 08:00:00,9.123199
2025-08-22 09:00:00,9.6996765
2025-08-22 10:00:00,9.836945
2025-08-22 11:00:00,9.86972
2025-08-22 12:00:00,9.077301
2025-08-22 13:00:00,8.282745
2025-08-22 14:00:00,8.037994
2025-08-22 15:00:00,8.065216
2025-08-22 16:00:00,7.962982
2025-08-22 17:00:00,7.6564026
2025-08-22 18:00:00,7.314789
2025-08-22 19:00:00,6.907501
2025-08-22 20:00:00,6.6791077
2025-08-22 21:00:00,6.8024597
2025-08-22 22:00:00,6.6111755
2025-08-22 23:00:00,6.3407288
2025-08-23 00:00:00,6.5589294
2025-08-23 01:00:00,6.6097107
2025-08-23 02:00:00,6.7320557
2025-08-23 03:00:00,7.1123962
2025-08-23 04:00:00,7.456238
2025-08-23 05:00:00,7.6872864
2025-08-23 06:00:00,7.8139343
2025-08-23 07:00:00,7.5728455
2025-08-23 08:00:00,7.263916
2025-08-23 09:00:00,7.607727
2025-08-23 10:00:00,8.541962
2025-08-23 11:00:00,9.343018
2025-08-23 12:00:00,9.706604
2025-08-23 13:00:00,10.027222
2025-08-23 14:00:00,10.603973
2025-08-23 15:00:00,11.244629
2025-08-23 16:00:00,10.867767
2025-08-23 17:00:00,9.740723
2025-08-23 18:00:00,9.256226
2025-08-23 19:00:00,9.315643
2025-08-23 20:00:00,9.1519165
2025-08-23 21:00:00,9.243256
2025-08-23 22:00:00,9.128632
2025-08-23 23:00:00,9.162323
2025-08-24 00:00:00,9.045685
2025-08-24 01:00:00,8.841339
2025-08-24 02:00:00,8.670563
2025-08-24 03:00:00,8.614532
2025-08-24 04:00:00,8.639191
2025-08-24 05:00:00,8.586212
2025-08-24 06:00:00,8.496002
2025-08-24 07:00:00,8.500885
2025-08-24 08:00:00,9.41452
2025-08-24 09:00:00,10.129852
2025-08-24 10:00:00,9.825104
2025-08-24 11:00:00,10.06546
2025-08-24 12:00:00,10.248444
2025-08-24 13:00:00,10.659515
2025-08-24 14:00:00,11.175995
2025-08-24 15:00:00,11.308014
2025-08-24 16:00:00,10.699036
2025-08-24 17:00:00,9.681274
2025-08-24 18:00:00,9.776886
2025-08-24 19:00:00,9.94809
2025-08-24 20:00:00,10.00296
2025-08-24 21:00:00,9.822235
2025-08-24 22:00:00,9.439117
2025-08-24 23:00:00,8.759308
2025-08-25 00:00:00,8.372681
2025-08-25 01:00:00,8.155792
2025-08-25 02:00:00,7.9147644
2025-08-25 03:00:00,7.7029724
2025-08-25 04:00:00,7.486603
2025-08-25 05:00:00,7.2724915
2025-08-25 06:00:00,7.1586914
2025-08-25 07:00:00,7.9615173
2025-08-25 08:00:00,8.366791
2025-08-25 09:00:00,8.227692
2025-08-25 10:00:00,8.595612
2025-08-25 11:00:00,8.884888
2025-08-25 12:00:00,9.4339905
2025-08-25 13:00:00,9.83139
2025-08-25 14:00:00,10.06778
2025-08-25 15:00:00,10.087067
2025-08-25 16:00:00,10.043915
2025-08-25 17:00:00,9.80838
2025-08-25 18:00:00,9.617554
2025-08-25 19:00:00,9.523956
2025-08-25 20:00:00,9.642731
2025-08-25 21:00:00,9.850067
2025-08-25 22:00:00,10.40152
2025-08-25 23:00:00,10.525177
2025-08-26 00:00:00,10.518829
2025-08-26 01:00:00,10.48291
2025-08-26 02:00:00,10.368988
2025-08-26 03:00:00,9.982086
2025-08-26 04:00:00,9.433655
2025-08-26 05:00:00,9.013947
2025-08-26 06:00:00,8.849915
2025-08-26 07:00:00,8.743835
2025-08-26 08:00:00,8.355743
2025-08-26 09:00:00,8.929962
2025-08-26 10:00:00,9.512848
2025-08-26 11:00:00,9.931854
2025-08-26 12:00:00,10.410919
2025-08-26 13:00:00,10.723358
2025-08-26 14:00:00,10.624603
2025-08-26 15:00:00,9.793488
2025-08-26 16:00:00,9.794525
2025-08-26 17:00:00,10.024567
2025-08-26 18:00:00,9.9600525
2025-08-26 19:00:00,9.6875
2025-08-26 20:00:00,9.425903
2025-08-26 21:00:00,9.298798
2025-08-26 22:00:00,9.222626
2025-08-26 23:00:00,9.262543
2025-08-27 00:00:00,9.348724
2025-08-27 01:00:00,9.504791
2025-08-27 02:00:00,9.6545105
2025-08-27 03:00:00,9.828369
2025-08-27 04:00:00,9.916901
2025-08-27 05:00:00,9.969452
2025-08-27 06:00:00,10.042694
2025-08-27 07:00:00,10.17038
2025-08-27 08:00:00,10.326538
2025-08-27 09:00:00,10.431488
2025-08-27 10:00:00,10.7291565
2025-08-27 11:00:00,10.76535
2025-08-27 12:00:00,11.012299
2025-08-27 13:00:00,11.201874
2025-08-27 14:00:00,11.333954
2025-08-27 15:00:00,11.3316345
2025-08-27 16:00:00,11.238434
2025-08-27 17:00:00,11.195404
2025-08-27 18:00:00,11.361542
2025-08-27 19:00:00,11.661957
2025-08-27 20:00:00,11.98172
2025-08-27 21:00:00,12.281586
2025-08-27 22:00:00,12.210663
2025-08-27 23:00:00,11.92984
2025-08-28 00:00:00,12.07486
2025-08-28 01:00:00,12.35556
2025-08-28 02:00:00,12.366425
2025-08-28 03:00:00,12.529694
2025-08-28 04:00:00,12.745026
2025-08-28 05:00:00,12.770905
2025-08-28 06:00:00,12.621887
2025-08-28 07:00:00,12.57962
2025-08-28 08:00:00,12.499176
2025-08-28 09:00:00,12.479889
2025-08-28 10:00:00,12.755035
2025-08-28 11:00:00,13.037994
2025-08-28 12:00:00,13.339661
2025-08-28 13:00:00,13.495941
2025-08-28 14:00:00,13.4157715
2025-08-28 15:00:00,13.355133
2025-08-28 16:00:00,13.412323
2025-08-28 17:00:00,13.6579895
2025-08-28 18:00:00,14.033905
2025-08-28 19:00:00,14.336121
2025-08-28 20:00:00,14.252075
2025-08-28 21:00:00,14.281769
2025-08-28 22:00:00,14.777069
2025-08-28 23:00:00,15.1336975
2025-08-29 00:00:00,15.291534
2025-08-29 01:00:00,15.427704
2025-08-29 02:00:00,15.450775
2025-08-29 03:00:00,14.851349
2025-08-29 04:00:00,14.424194
2025-08-29 05:00:00,14.280792
2025-08-29 06:00:00,13.920807
2025-08-29 07:00:00,13.558502
2025-08-29 08:00:00,13.532867
2025-08-29 09:00:00,13.072418
2025-08-29 10:00:00,11.913971
2025-08-29 11:00:00,11.927521
2025-08-29 12:00:00,11.909241
2025-08-29 13:00:00,11.976166
2025-08-29 14:00:00,11.67514
2025-08-29 15:00:00,11.440826
2025-08-29 16:00:00,11.45343
2025-08-29 17:00:00,11.42691
2025-08-29 18:00:00,11.385895
2025-08-29 19:00:00,11.391541
2025-08-29 20:00:00,11.448151
2025-08-29 21:00:00,11.521759
2025-08-29 22:00:00,11.789276
2025-08-29 23:00:00,11.778442
2025-08-30 00:00:00,11.693848
2025-08-30 01:00:00,11.703644
2025-08-30 02:00:00,11.697845
2025-08-30 03:00:00,11.7030945
2025-08-30 04:00:00,11.707031
2025-08-30 05:00:00,11.785614
2025-08-30 06:00:00,11.639404
2025-08-30 07:00:00,11.404419
2025-08-30 08:00:00,11.970245
2025-08-30 09:00:00,12.830719
2025-08-30 10:00:00,11.842682
2025-08-30 11:00:00,12.885345
2025-08-30 12:00:00,13.5269165
2025-08-30 13:00:00,13.5208435
2025-08-30 14:00:00,13.470795
2025-08-30 15:00:00,13.344086
2025-08-30 16:00:00,13.015137
2025-08-30 17:00:00,12.646393
2025-08-30 18:00:00,12.356567
2025-08-30 19:00:00,12.269012
2025-08-30 20:00:00,12.367096
2025-08-30 21:00:00,12.525635
2025-08-30 22:00:00,11.802521
2025-08-30 23:00:00,11.9947815
2025-08-31 00:00:00,12.190399
2025-08-31 01:00:00,12.275055
2025-08-31 02:00:00,12.406708
2025-08-31 03:00:00,12.415314
2025-08-31 04:00:00,12.304718
2025-08-31 05:00:00,12.218475
2025-08-31 06:00:00,12.091461
2025-08-31 07:00:00,12.008728
2025-08-31 08:00:00,12.019867
2025-08-31 09:00:00,11.898499
2025-08-31 10:00:00,11.870941
2025-08-31 11:00:00,11.865875
2025-08-31 12:00:00,12.02005
2025-08-31 13:00:00,12.093109
2025-08-31 14:00:00,12.160736
2025-08-31 15:00:00,12.28421
2025-08-31 16:00:00,12.393219
2025-08-31 17:00:00,12.479767
2025-08-31 18:00:00,12.514526
2025-08-31 19:00:00,12.4422
2025-08-31 20:00:00,12.283508
2025-08-31 21:00:00,12.131561
2025-08-31 22:00:00,11.939575
2025-08-31 23:00:00,11.842957
2025-09-01 00:00:00,11.786285
2025-09-01 01:00:00,11.675629
2025-09-01 02:00:00,11.7630005
2025-09-01 03:00:00,11.808502
2025-09-01 04:00:00,11.801727
2025-09-01 05:00:00,11.773254
2025-09-01 06:00:00,11.434479
2025-09-01 07:00:00,11.078339
2025-09-01 08:00:00,10.941132
2025-09-01 09:00:00,11.053253
2025-09-01 10:00:00,11.242279
2025-09-01 11:00:00,11.292023
2025-09-01 12:00:00,11.39801
2025-09-01 13:00:00,11.43454
2025-09-01 14:00:00,11.442474
2025-09-01 15:00:00,11.472015
2025-09-01 16:00:00,11.484558
2025-09-01 17:00:00,11.673798
2025-09-01 18:00:00,11.8142395
2025-09-01 19:00:00,11.804047
2025-09-01 20:00:00,11.903107
2025-09-01 21:00:00,12.009338
2025-09-01 22:00:00,12.742249
2025-09-01 23:00:00,12.879608
2025-09-02 00:00:00,12.934448
2025-09-02 01:00:00,13.137604
2025-09-02 02:00:00,13.487152
2025-09-02 03:00:00,13.842133
2025-09-02 04:00:00,14.139496
2025-09-02 05:00:00,14.393158
2025-09-02 06:00:00,14.5104065
2025-09-02 07:00:00,14.485016
2025-09-02 08:00:00,14.061829
2025-09-02 09:00:00,13.710114
2025-09-02 10:00:00,14.325806
2025-09-02 11:00:00,14.253906
2025-09-02 12:00:00,14.146088
2025-09-02 13:00:00,14.102692
2025-09-02 14:00:00,13.849762
2025-09-02 15:00:00,13.838165
2025-09-02 16:00:00,13.909241
2025-09-02 17:00:00,13.997894
2025-09-02 18:00:00,14.091217
2025-09-02 19:00:00,14.025421
2025-09-02 20:00:00,14.387848
2025-09-02 21:00:00,14.43634
2025-09-02 22:00:00,13.95752
2025-09-02 23:00:00,14.13031
2025-09-03 00:00:00,14.144623
2025-09-03 01:00:00,14.21402
2025-09-03 02:00:00,14.38736
2025-09-03 03:00:00,14.40097
2025-09-03 04:00:00,14.409027
2025-09-03 05:00:00,14.188202
2025-09-03 06:00:00,13.6892395
2025-09-03 07:00:00,13.530853
2025-09-03 08:00:00,13.560883
2025-09-03 09:00:00,13.052612
2025-09-03 10:00:00,13.3585205
2025-09-03 11:00:00,14.330109
2025-09-03 12:00:00,14.683258
2025-09-03 13:00:00,15.007172
2025-09-03 14:00:00,15.3480835
2025-09-03 15:00:00,15.356659
2025-09-03 16:00:00,15.236389
2025-09-03 17:00:00,15.064484
2025-09-03 18:00:00,14.95932
2025-09-03 19:00:00,15.026276
2025-09-03 20:00:00,15.222076
2025-09-03 21:00:00,15.405426
2025-09-03 22:00:00,15.046661
2025-09-03 23:00:00,15.23996
2025-09-04 00:00:00,15.443726
2025-09-04 01:00:00,16.02536
2025-09-04 02:00:00,16.300812
2025-09-04 03:00:00,16.372803
2025-09-04 04:00:00,16.437653
2025-09-04 05:00:00,16.54187
2025-09-04 06:00:00,16.67337
2025-09-04 07:00:00,16.948395
2025-09-04 08:00:00,16.949677
2025-09-04 09:00:00,16.526764
2025-09-04 10:00:00,16.612457
2025-09-04 11:00:00,16.895966
2025-09-04 12:00:00,17.257965
2025-09-04 13:00:00,17.529327
2025-09-04 14:00:00,17.805084
2025-09-04 15:00:00,18.292633
2025-09-04 16:00:00,18.598297
2025-09-04 17:00:00,18.764313
2025-09-04 18:00:00,18.88559
2025-09-04 19:00:00,18.839203
2025-09-04 20:00:00,18.75888
2025-09-04 21:00:00,18.662903
2025-09-04 22:00:00,18.188507
2025-09-04 23:00:00,18.061462
2025-09-05 00:00:00,17.870758
2025-09-05 01:00:00,17.68576
2025-09-05 02:00:00,17.525421
2025-09-05 03:00:00,17.500214
2025-09-05 04:00:00,17.517395
2025-09-05 05:00:00,17.484772
2025-09-05 06:00:00,17.425629
2025-09-05 07:00:00,17.266754
2025-09-05 08:00:00,17.177948
2025-09-05 09:00:00,17.351227
2025-09-05 10:00:00,17.353241
2025-09-05 11:00:00,17.627563
2025-09-05 12:00:00,18.081635
2025-09-05 13:00:00,18.539215
2025-09-05 14:00:00,18.792908
2025-09-05 15:00:00,19.069733
2025-09-05 16:00:00,19.32196
2025-09-05 17:00:00,19.403473
2025-09-05 18:00:00,19.37497
2025-09-05 19:00:00,19.24768
2025-09-05 20:00:00,18.829468
2025-09-05 21:00:00,18.258026
2025-09-05 22:00:00,17.465057
2025-09-05 23:00:00,17.364075
2025-09-06 00:00:00,17.40268
2025-09-06 01:00:00,17.406464
2025-09-06 02:00:00,17.251007
2025-09-06 03:00:00,17.138885
2025-09-06 04:00:00,17.00293
2025-09-06 05:00:00,16.887787
2025-09-06 06:00:00,16.577545
2025-09-06 07:00:00,15.850861
2025-09-06 08:00:00,15.3723755
2025-09-06 09:00:00,15.204224
2025-09-06 10:00:00,14.853821
2025-09-06 11:00:00,14.92926
2025-09-06 12:00:00,14.871033
2025-09-06 13:00:00,14.563446
2025-09-06 14:00:00,14.498932
2025-09-06 15:00:00,14.75592
2025-09-06 16:00:00,14.670624
2025-09-06 17:00:00,14.596649
2025-09-06 18:00:00,14.451447
2025-09-06 19:00:00,14.342926
2025-09-06 20:00:00,14.200104
2025-09-06 21:00:00,14.072052
2025-09-06 22:00:00,14.061737
2025-09-06 23:00:00,14.00946
2025-09-07 00:00:00,13.858185
2025-09-07 01:00:00,13.644257
2025-09-07 02:00:00,13.526276
2025-09-07 03:00:00,13.540131
2025-09-07 04:00:00,13.538849
2025-09-07 05:00:00,13.410706
2025-09-07 06:00:00,13.331268
2025-09-07 07:00:00,13.360443
2025-09-07 08:00:00,13.503082
2025-09-07 09:00:00,13.244019
2025-09-07 10:00:00,13.200714
2025-09-07 11:00:00,14.210968
2025-09-07 12:00:00,14.507965
2025-09-07 13:00:00,14.622589
2025-09-07 14:00:00,14.688019
2025-09-07 15:00:00,14.709686
2025-09-07 16:00:00,14.656799
2025-09-07 17:00:00,14.551453
2025-09-07 18:00:00,14.425201
2025-09-07 19:00:00,14.282928
2025-09-07 20:00:00,14.1414795
2025-09-07 21:00:00,13.980286
2025-09-07 22:00:00,14.611969
2025-09-07 23:00:00,14.527039
2025-09-08 00:00:00,14.502106
2025-09-08 01:00:00,14.5121155
2025-09-08 02:00:00,14.514374
2025-09-08 03:00:00,14.559296
2025-09-08 04:00:00,14.677765
2025-09-08 05:00:00,14.805756
2025-09-08 06:00:00,15.109772
2025-09-08 07:00:00,15.489838
2025-09-08 08:00:00,15.86264
2025-09-08 09:00:00,16.005219
2025-09-08 10:00:00,17.253784
2025-09-08 11:00:00,17.702118
2025-09-08 12:00:00,17.874329
2025-09-08 13:00:00,17.736847
2025-09-08 14:00:00,17.735748
2025-09-08 15:00:00,18.061066
2025-09-08 16:00:00,18.34311
2025-09-08 17:00:00,18.469269
2025-09-08 18:00:00,18.5784
2025-09-08 19:00:00,18.55719
2025-09-08 20:00:00,18.512848
2025-09-08 21:00:00,18.40384
2025-09-08 22:00:00,18.266937
2025-09-08 23:00:00,18.193329
2025-09-09 00:00:00,18.154938
2025-09-09 01:00:00,17.911102
2025-09-09 02:00:00,17.560669
2025-09-09 03:00:00,17.213043
2025-09-09 04:00:00,16.849457
2025-09-09 05:00:00,16.455475
2025-09-09 06:00:00,16.188019
2025-09-09 07:00:00,16.003876
2025-09-09 08:00:00,15.812836
2025-09-09 09:00:00,15.311584
2025-09-09 10:00:00,15.626648
2025-09-09 11:00:00,15.804291
2025-09-09 12:00:00,15.802399
2025-09-09 13:00:00,15.739227
2025-09-09 14:00:00,15.61264
2025-09-09 15:00:00,15.490631
2025-09-09 16:00:00,15.346741
2025-09-09 17:00:00,15.149628
2025-09-09 18:00:00,14.944946
2025-09-09 19:00:00,14.77713
2025-09-09 20:00:00,14.65152
2025-09-09 21:00:00,14.586182
2025-09-09 22:00:00,14.691925
2025-09-09 23:00:00,14.739166
2025-09-10 00:00:00,14.854095
2025-09-10 01:00:00,15.035858
2025-09-10 02:00:00,15.188965
2025-09-10 03:00:00,15.292145
2025-09-10 04:00:00,15.373383
2025-09-10 05:00:00,15.446869
2025-09-10 06:00:00,15.387421
2025-09-10 07:00:00,15.061005
2025-09-10 08:00:00,14.631989
2025-09-10 09:00:00,14.33255
2025-09-10 10:00:00,15.148926
2025-09-10 11:00:00,14.84964
2025-09-10 12:00:00,14.253387
2025-09-10 13:00:00,13.78952
2025-09-10 14:00:00,13.4296875
2025-09-10 15:00:00,13.514069
2025-09-10 16:00:00,13.667145
2025-09-10 17:00:00,14.513489
2025-09-10 18:00:00,15.160675
2025-09-10 19:00:00,15.245758
2025-09-10 20:00:00,15.541931
2025-09-10 21:00:00,14.151154
2025-09-10 22:00:00,13.897919
2025-09-10 23:00:00,13.976074
2025-09-11 00:00:00,13.914124
2025-09-11 01:00:00,14.093018
2025-09-11 02:00:00,14.742706
2025-09-11 03:00:00,15.420746
2025-09-11 04:00:00,15.768951
2025-09-11 05:00:00,15.820496
2025-09-11 06:00:00,15.78006
2025-09-11 07:00:00,15.443481
2025-09-11 08:00:00,15.446289
2025-09-11 09:00:00,15.311676
2025-09-11 10:00:00,15.65213
2025-09-11 11:00:00,16.193146
2025-09-11 12:00:00,16.138458
2025-09-11 13:00:00,16.318634
2025-09-11 14:00:00,16.069092
2025-09-11 15:00:00,15.224762
2025-09-11 16:00:00,14.735596
2025-09-11 17:00:00,14.140228
2025-09-11 18:00:00,13.814484
2025-09-11 19:00:00,14.1961975
2025-09-11 20:00:00,14.709412
2025-09-11 21:00:00,14.508606
2025-09-11 22:00:00,15.807831
2025-09-11 23:00:00,15.862427
2025-09-12 00:00:00,15.714996
2025-09-12 01:00:00,15.678314
2025-09-12 02:00:00,15.704071
2025-09-12 03:00:00,15.431671
2025-09-12 04:00:00,14.731842
2025-09-12 05:00:00,13.967072
2025-09-12 06:00:00,13.71051
2025-09-12 07:00:00,13.4583435
2025-09-12 08:00:00,13.123901
2025-09-12 09:00:00,12.907562
2025-09-12 10:00:00,13.534271
2025-09-12 11:00:00,13.6579895
2025-09-12 12:00:00,13.6779785
2025-09-12 13:00:00,14.071869
2025-09-12 14:00:00,14.205963
2025-09-12 15:00:00,14.296631
2025-09-12 16:00:00,14.373444
2025-09-12 17:00:00,13.903046
2025-09-12 18:00:00,13.70462
2025-09-12 19:00:00,13.324127
2025-09-12 20:00:00,13.094696
2025-09-12 21:00:00,12.931366
2025-09-12 22:00:00,12.696442
2025-09-12 23:00:00,12.627991
2025-09-13 00:00:00,12.493683
2025-09-13 01:00:00,12.030975
2025-09-13 02:00:00,11.480164
2025-09-13 03:00:00,11.075409
2025-09-13 04:00:00,10.807861
2025-09-13 05:00:00,10.814362
2025-09-13 06:00:00,10.990204
2025-09-13 07:00:00,11.108276
2025-09-13 08:00:00,10.922607
2025-09-13 09:00:00,11.174133
2025-09-13 10:00:00,11.785736
2025-09-13 11:00:00,12.262543
2025-09-13 12:00:00,12.662628
2025-09-13 13:00:00,12.880402
2025-09-13 14:00:00,12.816193
2025-09-13 15:00:00,12.509338
2025-09-13 16:00:00,12.409271
2025-09-13 17:00:00,12.419708
2025-09-13 18:00:00,12.305725
2025-09-13 19:00:00,11.89798
2025-09-13 20:00:00,11.638824
2025-09-13 21:00:00,11.595001
2025-09-13 22:00:00,11.975586
2025-09-13 23:00:00,11.889435
2025-09-14 00:00:00,11.733124
2025-09-14 01:00:00,11.727509
2025-09-14 02:00:00,11.691254
2025-09-14 03:00:00,11.773499
2025-09-14 04:00:00,11.780975
2025-09-14 05:00:00,11.711151
2025-09-14 06:00:00,11.664459
2025-09-14 07:00:00,11.576691
2025-09-14 08:00:00,11.526764
2025-09-14 09:00:00,11.770355
2025-09-14 10:00:00,12.21933
2025-09-14 11:00:00,12.09079
2025-09-14 12:00:00,12.049164
2025-09-14 13:00:00,12.19632
2025-09-14 14:00:00,12.228851
2025-09-14 15:00:00,12.282654
2025-09-14 16:00:00,12.558502
2025-09-14 17:00:00,12.468414
2025-09-14 18:00:00,12.251282
2025-09-14 19:00:00,12.2561035
2025-09-14 20:00:00,12.141815
2025-09-14 21:00:00,12.216339
2025-09-14 22:00:00,12.306976
2025-09-14 23:00:00,12.392303
2025-09-15 00:00:00,12.591278
2025-09-15 01:00:00,12.632202
2025-09-15 02:00:00,12.231384
2025-09-15 03:00:00,11.324982
2025-09-15 04:00:00,11.1716
2025-09-15 05:00:00,11.102814
2025-09-15 06:00:00,10.3533325
2025-09-15 07:00:00,9.754944
2025-09-15 08:00:00,10.177673
2025-09-15 09:00:00,10.525543
2025-09-15 10:00:00,10.472687
2025-09-15 11:00:00,10.891815
2025-09-15 12:00:00,11.399994
2025-09-15 13:00:00,11.858948
2025-09-15 14:00:00,12.184418
2025-09-15 15:00:00,12.21344
2025-09-15 16:00:00,12.181641
2025-09-15 17:00:00,12.339447
2025-09-15 18:00:00,12.253326
2025-09-15 19:00:00,11.782013
2025-09-15 20:00:00,12.132599
2025-09-15 21:00:00,12.743439
2025-09-15 22:00:00,11.837494
2025-09-15 23:00:00,11.878571
2025-09-16 00:00:00,11.894714
2025-09-16 01:00:00,11.89859
2025-09-16 02:00:00,11.860321
2025-09-16 03:00:00,11.705811
2025-09-16 04:00:00,11.437012
2025-09-16 05:00:00,11.245941
2025-09-16 06:00:00,11.164856
2025-09-16 07:00:00,11.303864
2025-09-16 08:00:00,11.141876
2025-09-16 09:00:00,11.531372
2025-09-16 10:00:00,12.397369
2025-09-16 11:00:00,12.747437
2025-09-16 12:00:00,12.882294
2025-09-16 13:00:00,12.419373
2025-09-16 14:00:00,11.560699
2025-09-16 15:00:00,11.606049
2025-09-16 16:00:00,11.881073
2025-09-16 17:00:00,11.654541
2025-09-16 18:00:00,11.71582
2025-09-16 19:00:00,11.563324
2025-09-16 20:00:00,11.1527405
2025-09-16 21:00:00,10.655701
2025-09-16 22:00:00,10.540192
2025-09-16 23:00:00,10.44989
2025-09-17 00:00:00,10.504486
2025-09-17 01:00:00,10.276886
2025-09-17 02:00:00,10.095062
2025-09-17 03:00:00,10.086578
2025-09-17 04:00:00,9.9635315
2025-09-17 05:00:00,9.892609
2025-09-17 06:00:00,9.769989
2025-09-17 07:00:00,9.983673
2025-09-17 08:00:00,10.324982
2025-09-17 09:00:00,10.577484
2025-09-17 10:00:00,10.837799
2025-09-17 11:00:00,11.144318
2025-09-17 12:00:00,11.409515
2025-09-17 13:00:00,11.671356
2025-09-17 14:00:00,11.81778
2025-09-17 15:00:00,11.268524
2025-09-17 16:00:00,11.517731
2025-09-17 17:00:00,11.4375305
2025-09-17 18:00:00,11.823547
2025-09-17 19:00:00,12.131226
2025-09-17 20:00:00,12.480957
2025-09-17 21:00:00,12.8506775
2025-09-17 22:00:00,12.981842
2025-09-17 23:00:00,13.336731
2025-09-18 00:00:00,13.446991
2025-09-18 01:00:00,13.36908
2025-09-18 02:00:00,13.163361
2025-09-18 03:00:00,12.847504
2025-09-18 04:00:00,12.49057
2025-09-18 05:00:00,12.035645
2025-09-18 06:00:00,11.458649
2025-09-18 07:00:00,10.466064
2025-09-18 08:00:00,9.703888
2025-09-18 09:00:00,9.646149
2025-09-18 10:00:00,10.342438
2025-09-18 11:00:00,10.5469055
2025-09-18 12:00:00,11.064362
2025-09-18 13:00:00,11.736969
2025-09-18 14:00:00,11.66922
2025-09-18 15:00:00,11.454376
2025-09-18 16:00:00,11.625763
2025-09-18 17:00:00,12.260284
2025-09-18 18:00:00,12.383026
2025-09-18 19:00:00,12.085114
2025-09-18 20:00:00,11.686432
2025-09-18 21:00:00,11.235016
2025-09-18 22:00:00,10.9652405
2025-09-18 23:00:00,10.776276
2025-09-19 00:00:00,10.715118
2025-09-19 01:00:00,10.751404
2025-09-19 02:00:00,10.719696
2025-09-19 03:00:00,10.676422
2025-09-19 04:00:00,10.710693
2025-09-19 05:00:00,10.812927
2025-09-19 06:00:00,10.889252
2025-09-19 07:00:00,10.777771
2025-09-19 08:00:00,10.374542
2025-09-19 09:00:00,11.348602
2025-09-19 10:00:00,12.306305
2025-09-19 11:00:00,12.87973
2025-09-19 12:00:00,13.532928
2025-09-19 13:00:00,14.205841
2025-09-19 14:00:00,14.230499
2025-09-19 15:00:00,14.162079
2025-09-19 16:00:00,13.961639
2025-09-19 17:00:00,13.672882
2025-09-19 18:00:00,13.414978
2025-09-19 19:00:00,13.347168
2025-09-19 20:00:00,13.484711
2025-09-19 21:00:00,13.861481
2025-09-19 22:00:00,13.65329
2025-09-19 23:00:00,13.853577
2025-09-20 00:00:00,14.0156555
2025-09-20 01:00:00,13.850739
2025-09-20 02:00:00,13.530182
2025-09-20 03:00:00,13.15271
2025-09-20 04:00:00,12.892944
2025-09-20 05:00:00,12.777435
2025-09-20 06:00:00,12.644623
2025-09-20 07:00:00,12.793915
2025-09-20 08:00:00,12.883331
2025-09-20 09:00:00,13.333527
2025-09-20 10:00:00,14.743408
2025-09-20 11:00:00,14.800018
2025-09-20 12:00:00,15.363159
2025-09-20 13:00:00,15.375
2025-09-20 14:00:00,15.289032
2025-09-20 15:00:00,15.43866
2025-09-20 16:00:00,15.75943
2025-09-20 17:00:00,16.165802
2025-09-20 18:00:00,16.69455
2025-09-20 19:00:00,17.340363
2025-09-20 20:00:00,18.059296
2025-09-20 21:00:00,17.651886
2025-09-20 22:00:00,16.151947
2025-09-20 23:00:00,16.230865
2025-09-21 00:00:00,16.142609
2025-09-21 01:00:00,16.18335
2025-09-21 02:00:00,15.708435
2025-09-21 03:00:00,14.72348
2025-09-21 04:00:00,14.048798
2025-09-21 05:00:00,13.606049
2025-09-21 06:00:00,13.534149
2025-09-21 07:00:00,13.777679
2025-09-21 08:00:00,14.021088
2025-09-21 09:00:00,14.401825
2025-09-21 10:00:00,14.475372
2025-09-21 11:00:00,14.986847
2025-09-21 12:00:00,15.296722
2025-09-21 13:00:00,14.989777
2025-09-21 14:00:00,15.378937
2025-09-21 15:00:00,15.330902
2025-09-21 16:00:00,15.065582
2025-09-21 17:00:00,14.511566
2025-09-21 18:00:00,13.835114
2025-09-21 19:00:00,13.262939
2025-09-21 20:00:00,12.458282
2025-09-21 21:00:00,11.469421
2025-09-21 22:00:00,8.942169
2025-09-21 23:00:00,8.411407
2025-09-22 00:00:00,8.095947
2025-09-22 01:00:00,7.8804016
2025-09-22 02:00:00,7.6776123
2025-09-22 03:00:00,7.599701
2025-09-22 04:00:00,7.50058
2025-09-22 05:00:00,7.222809
2025-09-22 06:00:00,6.9996643
2025-09-22 07:00:00,6.874542
2025-09-22 08:00:00,7.069641
2025-09-22 09:00:00,7.687042
2025-09-22 10:00:00,8.584259
2025-09-22 11:00:00,9.044952
2025-09-22 12:00:00,9.477142
2025-09-22 13:00:00,9.7413025
2025-09-22 14:00:00,9.547913
2025-09-22 15:00:00,9.364777
2025-09-22 16:00:00,8.950653
2025-09-22 17:00:00,8.503876
2025-09-22 18:00:00,8.243317
2025-09-22 19:00:00,8.133057
2025-09-22 20:00:00,7.980438
2025-09-22 21:00:00,7.7599487
2025-09-22 22:00:00,6.9616394
2025-09-22 23:00:00,6.429535
2025-09-23 00:00:00,5.8298035
2025-09-23 01:00:00,5.2945557
2025-09-23 02:00:00,4.8825073
2025-09-23 03:00:00,4.559723
2025-09-23 04:00:00,4.30011
2025-09-23 05:00:00,4.0338745
2025-09-23 06:00:00,3.8782654
2025-09-23 07:00:00,3.7736511
2025-09-23 08:00:00,3.6072693
2025-09-23 09:00:00,4.124359
2025-09-23 10:00:00,4.6358643
2025-09-23 11:00:00,5.250641
2025-09-23 12:00:00,5.7532654
2025-09-23 13:00:00,6.058441
2025-09-23 14:00:00,6.260681
2025-09-23 15:00:00,6.3559265
2025-09-23 16:00:00,6.457794
2025-09-23 17:00:00,6.5657654
2025-09-23 18:00:00,6.657593
2025-09-23 19:00:00,6.6733704
2025-09-23 20:00:00,6.575897
2025-09-23 21:00:00,6.4111023
2025-09-23 22:00:00,6.024872
2025-09-23 23:00:00,5.9478455
2025-09-24 00:00:00,5.9219055
2025-09-24 01:00:00,5.859894
2025-09-24 02:00:00,5.697174
2025-09-24 03:00:00,5.417145
2025-09-24 04:00:00,5.2001343
2025-09-24 05:00:00,5.0315247
2025-09-24 06:00:00,4.972412
2025-09-24 07:00:00,5.0101624
2025-09-24 08:00:00,5.0569153
2025-09-24 09:00:00,4.971283
2025-09-24 10:00:00,4.7156677
2025-09-24 11:00:00,5.282318
2025-09-24 12:00:00,5.9993896
2025-09-24 13:00:00,6.666626
2025-09-24 14:00:00,6.9400635
2025-09-24 15:00:00,7.120331
2025-09-24 16:00:00,7.3214417
2025-09-24 17:00:00,7.495453
2025-09-24 18:00:00,7.6388855
2025-09-24 19:00:00,7.7480774
2025-09-24 20:00:00,7.7606506
2025-09-24 21:00:00,7.7221375
2025-09-24 22:00:00,7.6243286
2025-09-24 23:00:00,7.5448303
2025-09-25 00:00:00,7.4703674
2025-09-25 01:00:00,7.4199524
2025-09-25 02:00:00,7.408722
2025-09-25 03:00:00,7.4582214
2025-09-25 04:00:00,7.532501
2025-09-25 05:00:00,7.58963
2025-09-25 06:00:00,7.623993
2025-09-25 07:00:00,7.6591797
2025-09-25 08:00:00,7.7199707
2025-09-25 09:00:00,7.809723
2025-09-25 10:00:00,8.367218
2025-09-25 11:00:00,8.365204
2025-09-25 12:00:00,8.557434
2025-09-25 13:00:00,8.954071
2025-09-25 14:00:00,9.201752
2025-09-25 15:00:00,9.441956
2025-09-25 16:00:00,9.690369
2025-09-25 17:00:00,9.907135
2025-09-25 18:00:00,10.098633
2025-09-25 19:00:00,10.263519
2025-09-25 20:00:00,10.325195
2025-09-25 21:00:00,10.308685
2025-09-25 22:00:00,10.315399
2025-09-25 23:00:00,10.31546
2025-09-26 00:00:00,10.379639
2025-09-26 01:00:00,10.496613
2025-09-26 02:00:00,10.65744
2025-09-26 03:00:00,10.790863
2025-09-26 04:00:00,10.9930725
2025-09-26 05:00:00,11.404663
2025-09-26 06:00:00,11.692963
2025-09-26 07:00:00,11.435944
2025-09-26 08:00:00,11.129211
2025-09-26 09:00:00,11.177887
2025-09-26 10:00:00,11.851135
2025-09-26 11:00:00,11.811432
2025-09-26 12:00:00,11.82373
2025-09-26 13:00:00,12.002777
2025-09-26 14:00:00,12.349823
2025-09-26 15:00:00,12.694275
2025-09-26 16:00:00,12.777313
2025-09-26 17:00:00,12.817871
2025-09-26 18:00:00,12.966766
2025-09-26 19:00:00,13.032562
2025-09-26 20:00:00,13.053253
2025-09-26 21:00:00,12.906433
2025-09-26 22:00:00,12.726868
2025-09-26 23:00:00,12.710297
2025-09-27 00:00:00,12.596405
2025-09-27 01:00:00,12.422974
2025-09-27 02:00:00,12.27475
2025-09-27 03:00:00,12.247589
2025-09-27 04:00:00,12.233917
2025-09-27 05:00:00,12.215179
2025-09-27 06:00:00,12.190857
2025-09-27 07:00:00,12.276672
2025-09-27 08:00:00,12.488983
2025-09-27 09:00:00,12.615082
2025-09-27 10:00:00,13.453705
2025-09-27 11:00:00,13.232941
2025-09-27 12:00:00,13.015778
2025-09-27 13:00:00,12.840851
2025-09-27 14:00:00,12.5833435
2025-09-27 15:00:00,12.145966
2025-09-27 16:00:00,11.479279
2025-09-27 17:00:00,11.036713
2025-09-27 18:00:00,10.935547
2025-09-27 19:00:00,10.448578
2025-09-27 20:00:00,9.727295
2025-09-27 21:00:00,9.488434
2025-09-27 22:00:00,9.98584
2025-09-27 23:00:00,9.876923
2025-09-28 00:00:00,9.743744
2025-09-28 01:00:00,9.756866
2025-09-28 02:00:00,9.8359375
2025-09-28 03:00:00,9.780914
2025-09-28 04:00:00,9.562195
2025-09-28 05:00:00,9.282593
2025-09-28 06:00:00,9.098358
2025-09-28 07:00:00,8.970581
2025-09-28 08:00:00,8.8394165
2025-09-28 09:00:00,8.317047
2025-09-28 10:00:00,8.592621
2025-09-28 11:00:00,8.15921
2025-09-28 12:00:00,7.87204
2025-09-28 13:00:00,7.5378723
2025-09-28 14:00:00,7.030609
2025-09-28 15:00:00,6.542938
2025-09-28 16:00:00,6.2971497
2025-09-28 17:00:00,6.250885
2025-09-28 18:00:00,6.340851
2025-09-28 19:00:00,6.511444
2025-09-28 20:00:00,6.641754
2025-09-28 21:00:00,6.759857
2025-09-28 22:00:00,7.5072937
2025-09-28 23:00:00,7.615204
2025-09-29 00:00:00,7.573639
2025-09-29 01:00:00,7.342407
2025-09-29 02:00:00,6.954071
2025-09-29 03:00:00,6.6011353
2025-09-29 04:00:00,6.327362
2025-09-29 05:00:00,6.0288696
2025-09-29 06:00:00,5.750061
2025-09-29 07:00:00,5.527466
2025-09-29 08:00:00,5.4084167
2025-09-29 09:00:00,5.3764954
2025-09-29 10:00:00,5.964203
2025-09-29 11:00:00,5.747772
2025-09-29 12:00:00,5.6057434
2025-09-29 13:00:00,5.4202576
2025-09-29 14:00:00,5.269104
2025-09-29 15:00:00,5.164459
2025-09-29 16:00:00,5.0139465
2025-09-29 17:00:00,4.908783
2025-09-29 18:00:00,4.7607727
2025-09-29 19:00:00,4.5961914
2025-09-29 20:00:00,4.4452515
2025-09-29 21:00:00,4.3230286
2025-09-29 22:00:00,4.664276
2025-09-29 23:00:00,4.7774353
2025-09-30 00:00:00,4.8905334
2025-09-30 01:00:00,4.9110107
2025-09-30 02:00:00,4.9135437
2025-09-30 03:00:00,4.880493
2025-09-30 04:00:00,4.8415527
2025-09-30 05:00:00,4.8260803
2025-09-30 06:00:00,4.839142
2025-09-30 07:00:00,4.735443
2025-09-30 08:00:00,4.637787
2025-09-30 09:00:00,4.4833374
2025-09-30 10:00:00,4.56131
2025-09-30 11:00:00,4.5988464
2025-09-30 12:00:00,4.678009
2025-09-30 13:00:00,4.773651
2025-09-30 14:00:00,4.690094
2025-09-30 15:00:00,4.6580505
2025-09-30 16:00:00,4.559784
2025-09-30 17:00:00,4.4391785
2025-09-30 18:00:00,4.298889
2025-09-30 19:00:00,4.189789
2025-09-30 20:00:00,4.196289
2025-09-30 21:00:00,4.1627502
2025-09-30 22:00:00,4.1767883
2025-09-30 23:00:00,4.071106
2025-10-01 00:00:00,4.1681213
2025-10-01 01:00:00,4.328949
2025-10-01 02:00:00,4.535675
2025-10-01 03:00:00,4.613312
2025-10-01 04:00:00,4.591034
2025-10-01 05:00:00,4.5297546
2025-10-01 06:00:00,4.458893
2025-10-01 07:00:00,4.391876
2025-10-01 08:00:00,4.356262
2025-10-01 09:00:00,4.442749
2025-10-01 10:00:00,4.923645
2025-10-01 11:00:00,5.00708
2025-10-01 12:00:00,5.000458
2025-10-01 13:00:00,5.415222
2025-10-01 14:00:00,5.212738
2025-10-01 15:00:00,5.3872986
2025-10-01 16:00:00,5.3385315
2025-10-01 17:00:00,5.3660583
2025-10-01 18:00:00,5.4102173
2025-10-01 19:00:00,5.3904724
2025-10-01 20:00:00,5.381195
2025-10-01 21:00:00,5.3529663
2025-10-01 22:00:00,5.3771057
2025-10-01 23:00:00,5.403595
2025-10-02 00:00:00,5.424591
2025-10-02 01:00:00,5.44693
2025-10-02 02:00:00,5.410431
2025-10-02 03:00:00,5.356842
2025-10-02 04:00:00,5.296295
2025-10-02 05:00:00,5.296295
2025-10-02 06:00:00,5.3338623
2025-10-02 07:00:00,5.403717
2025-10-02 08:00:00,5.413727
2025-10-02 09:00:00,5.443573
2025-10-02 10:00:00,6.070801
2025-10-02 11:00:00,6.0771484
2025-10-02 12:00:00,5.9653015
2025-10-02 13:00:00,5.8350525
2025-10-02 14:00:00,5.838501
2025-10-02 15:00:00,5.927765
2025-10-02 16:00:00,6.006195
2025-10-02 17:00:00,6.0030212
2025-10-02 18:00:00,5.9096375
2025-10-02 19:00:00,5.777191
2025-10-02 20:00:00,5.6111755
2025-10-02 21:00:00,5.4229126
2025-10-02 22:00:00,5.880707
2025-10-02 23:00:00,5.698822
2025-10-03 00:00:00,5.5355835
2025-10-03 01:00:00,5.4237976
2025-10-03 02:00:00,5.3592224
2025-10-03 03:00:00,5.271576
2025-10-03 04:00:00,5.0591125
2025-10-03 05:00:00,4.886322
2025-10-03 06:00:00,4.766876
2025-10-03 07:00:00,4.5933533
2025-10-03 08:00:00,4.396698
2025-10-03 09:00:00,4.271881
2025-10-03 10:00:00,4.9079285
2025-10-03 11:00:00,4.9741516
2025-10-03 12:00:00,5.0724792
2025-10-03 13:00:00,5.205902
2025-10-03 14:00:00,5.383209
2025-10-03 15:00:00,5.521393
2025-10-03 16:00:00,5.643463
2025-10-03 17:00:00,5.6842346
2025-10-03 18:00:00,5.6617737
2025-10-03 19:00:00,5.665863
2025-10-03 20:00:00,5.6318665
2025-10-03 21:00:00,5.615448
2025-10-03 22:00:00,6.1805115
2025-10-03 23:00:00,6.260376
2025-10-04 00:00:00,6.3180237
2025-10-04 01:00:00,6.3503723
2025-10-04 02:00:00,6.2912292
2025-10-04 03:00:00,6.293701
2025-10-04 04:00:00,6.396881
2025-10-04 05:00:00,6.7055664
2025-10-04 06:00:00,7.0221863
2025-10-04 07:00:00,7.1576843
2025-10-04 08:00:00,7.180725
2025-10-04 09:00:00,7.475342
2025-10-04 10:00:00,7.9035645
2025-10-04 11:00:00,7.35141
2025-10-04 12:00:00,7.336548
2025-10-04 13:00:00,7.389618
2025-10-04 14:00:00,7.1284485
2025-10-04 15:00:00,7.222931
2025-10-04 16:00:00,7.343933
2025-10-04 17:00:00,7.4284973
2025-10-04 18:00:00,7.5068054
2025-10-04 19:00:00,7.5317993
2025-10-04 20:00:00,7.5071106
2025-10-04 21:00:00,7.537567
2025-10-04 22:00:00,7.998749
2025-10-04 23:00:00,8.367523
2025-10-05 00:00:00,9.001617
2025-10-05 01:00:00,9.337128
2025-10-05 02:00:00,9.592621
2025-10-05 03:00:00,9.27121
2025-10-05 04:00:00,9.280212
2025-10-05 05:00:00,9.029022
2025-10-05 06:00:00,8.3367
2025-10-05 07:00:00,8.065399
2025-10-05 08:00:00,8.019318
2025-10-05 09:00:00,8.563446
2025-10-05 10:00:00,8.417999
2025-10-05 11:00:00,8.824921
2025-10-05 12:00:00,9.08902
2025-10-05 13:00:00,9.206116
2025-10-05 14:00:00,9.115356
2025-10-05 15:00:00,8.9722595
2025-10-05 16:00:00,8.932709
2025-10-05 17:00:00,8.987518
2025-10-05 18:00:00,9.148651
2025-10-05 19:00:00,9.349518
2025-10-05 20:00:00,9.501068
2025-10-05 21:00:00,9.601105
2025-10-05 22:00:00,9.292328
2025-10-05 23:00:00,9.259308
2025-10-06 00:00:00,9.22583
2025-10-06 01:00:00,9.11731
2025-10-06 02:00:00,8.972137
2025-10-06 03:00:00,8.794037
2025-10-06 04:00:00,8.716949
2025-10-06 05:00:00,8.644745
2025-10-06 06:00:00,8.5914
2025-10-06 07:00:00,8.529755
2025-10-06 08:00:00,8.525452
2025-10-06 09:00:00,8.507843
2025-10-06 10:00:00,8.679352
2025-10-06 11:00:00,8.653046
2025-10-06 12:00:00,8.704437
2025-10-06 13:00:00,8.731903
2025-10-06 14:00:00,8.847839
2025-10-06 15:00:00,8.933777
2025-10-06 16:00:00,8.973785
2025-10-06 17:00:00,8.912323
2025-10-06 18:00:00,8.872833
2025-10-06 19:00:00,8.856842
2025-10-06 20:00:00,8.893951
2025-10-06 21:00:00,8.907379
2025-10-06 22:00:00,10.172363
2025-10-06 23:00:00,10.203339
2025-10-07 00:00:00,10.22995
2025-10-07 01:00:00,10.291229
2025-10-07 02:00:00,10.183929
2025-10-07 03:00:00,9.941864
2025-10-07 04:00:00,9.6302185
2025-10-07 05:00:00,9.394745
2025-10-07 06:00:00,9.317657
2025-10-07 07:00:00,9.1979065
2025-10-07 08:00:00,9.223389
2025-10-07 09:00:00,9.28421
2025-10-07 10:00:00,8.707672
2025-10-07 11:00:00,8.594452
2025-10-07 12:00:00,8.593964
2025-10-07 13:00:00,8.68808
2025-10-07 14:00:00,8.828552
2025-10-07 15:00:00,9.0312195
2025-10-07 16:00:00,9.139801
2025-10-07 17:00:00,9.233612
2025-10-07 18:00:00,9.244843
2025-10-07 19:00:00,9.19693
2025-10-07 20:00:00,9.414337
2025-10-07 21:00:00,9.743683
2025-10-07 22:00:00,9.946808
2025-10-07 23:00:00,9.953308
2025-10-08 00:00:00,10.014557
2025-10-08 01:00:00,9.932709
2025-10-08 02:00:00,9.772919
2025-10-08 03:00:00,9.610504
2025-10-08 04:00:00,9.544525
2025-10-08 05:00:00,9.41983
2025-10-08 06:00:00,9.278839
2025-10-08 07:00:00,9.281433
2025-10-08 08:00:00,9.342743
2025-10-08 09:00:00,9.254181
2025-10-08 10:00:00,8.874237
2025-10-08 11:00:00,9.310547
2025-10-08 12:00:00,9.7465515
2025-10-08 13:00:00,9.992462
2025-10-08 14:00:00,10.208527
2025-10-08 15:00:00,10.334442
2025-10-08 16:00:00,10.381683
2025-10-08 17:00:00,10.253845
2025-10-08 18:00:00,9.912231
2025-10-08 19:00:00,9.630402
2025-10-08 20:00:00,9.488861
2025-10-08 21:00:00,9.371368
2025-10-08 22:00:00,10.25705
2025-10-08 23:00:00,10.218353
2025-10-09 00:00:00,10.179138
2025-10-09 01:00:00,10.121002
2025-10-09 02:00:00,10.032074
2025-10-09 03:00:00,9.9505005
2025-10-09 04:00:00,9.896545
2025-10-09 05:00:00,9.9219055
2025-10-09 06:00:00,9.950592
2025-10-09 07:00:00,9.965515
2025-10-09 08:00:00,9.901276
2025-10-09 09:00:00,9.746399
2025-10-09 10:00:00,8.510101
2025-10-09 11:00:00,7.7063904
2025-10-09 12:00:00,8.084961
2025-10-09 13:00:00,8.546173
2025-10-09 14:00:00,8.660797
2025-10-09 15:00:00,9.036774
2025-10-09 16:00:00,9.044189
2025-10-09 17:00:00,9.220123
2025-10-09 18:00:00,9.255707
2025-10-09 19:00:00,9.023865
2025-10-09 20:00:00,8.611969
2025-10-09 21:00:00,8.376129
2025-10-09 22:00:00,8.751923
2025-10-09 23:00:00,8.738586
2025-10-10 00:00:00,8.498627
2025-10-10 01:00:00,8.24115
2025-10-10 02:00:00,8.09848
2025-10-10 03:00:00,8.094238
2025-10-10 04:00:00,8.097137
2025-10-10 05:00:00,8.043671
2025-10-10 06:00:00,8.475555
2025-10-10 07:00:00,8.889557
2025-10-10 08:00:00,8.939789
2025-10-10 09:00:00,9.082306
2025-10-10 10:00:00,8.927612
2025-10-10 11:00:00,8.997711
2025-10-10 12:00:00,8.8815
2025-10-10 13:00:00,8.508331
2025-10-10 14:00:00,8.315277
2025-10-10 15:00:00,8.384186
2025-10-10 16:00:00,8.669403
2025-10-10 17:00:00,8.843597
2025-10-10 18:00:00,9.005096
2025-10-10 19:00:00,9.585724
2025-10-10 20:00:00,10.178925
2025-10-10 21:00:00,10.413086
2025-10-10 22:00:00,9.5069275
2025-10-10 23:00:00,10.004211
2025-10-11 00:00:00,10.897186
2025-10-11 01:00:00,11.669403
2025-10-11 02:00:00,12.035492
2025-10-11 03:00:00,11.654419
2025-10-11 04:00:00,10.912994
2025-10-11 05:00:00,9.948364
2025-10-11 06:00:00,9.133606
2025-10-11 07:00:00,8.597839
2025-10-11 08:00:00,8.269867
2025-10-11 09:00:00,8.1362915
2025-10-11 10:00:00,7.75473
2025-10-11 11:00:00,7.9058228
2025-10-11 12:00:00,8.060883
2025-10-11 13:00:00,8.343018
2025-10-11 14:00:00,8.58252
2025-10-11 15:00:00,8.663818
2025-10-11 16:00:00,8.705505
2025-10-11 17:00:00,8.850494
2025-10-11 18:00:00,9.041779
2025-10-11 19:00:00,9.360382
2025-10-11 20:00:00,9.914856
2025-10-11 21:00:00,10.6492
2025-10-11 22:00:00,10.591278
2025-10-11 23:00:00,10.276459
2025-10-12 00:00:00,9.543549
2025-10-12 01:00:00,9.091888
2025-10-12 02:00:00,8.033295
2025-10-12 03:00:00,6.4030457
2025-10-12 04:00:00,5.109497
2025-10-12 05:00:00,4.691986
2025-10-12 06:00:00,4.122284
2025-10-12 07:00:00,3.5735168
2025-10-12 08:00:00,3.5746765
2025-10-12 09:00:00,3.8096619
2025-10-12 10:00:00,3.9595642
2025-10-12 11:00:00,4.2217712
2025-10-12 12:00:00,4.6078796
2025-10-12 13:00:00,4.924774
2025-10-12 14:00:00,5.0622864
2025-10-12 15:00:00,5.0514526
2025-10-12 16:00:00,4.995392
2025-10-12 17:00:00,4.9012146
2025-10-12 18:00:00,4.799652
2025-10-12 19:00:00,4.720581
2025-10-12 20:00:00,4.6383667
2025-10-12 21:00:00,4.534851
2025-10-12 22:00:00,4.4826965
2025-10-12 23:00:00,3.89859
2025-10-13 00:00:00,3.3995667
2025-10-13 01:00:00,2.993805
2025-10-13 02:00:00,2.5701904
2025-10-13 03:00:00,2.215332
2025-10-13 04:00:00,1.9156494
2025-10-13 05:00:00,1.6477661
2025-10-13 06:00:00,1.3577576
2025-10-13 07:00:00,1.1600952
2025-10-13 08:00:00,1.0811768
2025-10-13 09:00:00,1.0892639
2025-10-13 10:00:00,1.152771
2025-10-13 11:00:00,1.3894348
2025-10-13 12:00:00,1.7138977
2025-10-13 13:00:00,1.8512268
2025-10-13 14:00:00,2.0397034
2025-10-13 15:00:00,2.2457275
2025-10-13 16:00:00,2.3756714
2025-10-13 17:00:00,2.3952942
2025-10-13 18:00:00,2.3614197
2025-10-13 19:00:00,2.250763
2025-10-13 20:00:00,2.1869202
2025-10-13 21:00:00,2.249298
2025-10-13 22:00:00,2.2540588
2025-10-13 23:00:00,2.3817444
2025-10-14 00:00:00,2.4826965
2025-10-14 01:00:00,2.504242
2025-10-14 02:00:00,2.6087341
2025-10-14 03:00:00,2.7326965
2025-10-14 04:00:00,2.7713013
2025-10-14 05:00:00,2.7795105
2025-10-14 06:00:00,2.8238525
2025-10-14 07:00:00,2.9497375
2025-10-14 08:00:00,3.0848083
2025-10-14 09:00:00,3.1612244
2025-10-14 10:00:00,3.0379944
2025-10-14 11:00:00,3.0622253
2025-10-14 12:00:00,2.9770813
2025-10-14 13:00:00,3.035431
2025-10-14 14:00:00,3.1408997
2025-10-14 15:00:00,3.4132996
2025-10-14 16:00:00,3.782257
2025-10-14 17:00:00,4.1647644
2025-10-14 18:00:00,4.4877014
2025-10-14 19:00:00,4.931244
2025-10-14 20:00:00,5.4884644
2025-10-14 21:00:00,6.0154114
2025-10-14 22:00:00,5.8170776
2025-10-14 23:00:00,6.332733
2025-10-15 00:00:00,6.9306946
2025-10-15 01:00:00,7.2971497
2025-10-15 02:00:00,7.4093933
2025-10-15 03:00:00,7.3294067
2025-10-15 04:00:00,7.1493835
2025-10-15 05:00:00,7.119049
2025-10-15 06:00:00,7.2628784
2025-10-15 07:00:00,7.4634094
2025-10-15 08:00:00,7.679779
2025-10-15 09:00:00,7.985016
2025-10-15 10:00:00,8.153748
2025-10-15 11:00:00,8.3750305
2025-10-15 12:00:00,8.436249
2025-10-15 13:00:00,8.48233
2025-10-15 14:00:00,8.578888
2025-10-15 15:00:00,8.607025
2025-10-15 16:00:00,8.57785
2025-10-15 17:00:00,8.575531
2025-10-15 18:00:00,8.674744
2025-10-15 19:00:00,8.76059
2025-10-15 20:00:00,8.814667
2025-10-15 21:00:00,8.890533
2025-10-15 22:00:00,8.518341
2025-10-15 23:00:00,8.510773
2025-10-16 00:00:00,8.610382
2025-10-16 01:00:00,8.707916
2025-10-16 02:00:00,8.776611
2025-10-16 03:00:00,8.939545
2025-10-16 04:00:00,9.146271
2025-10-16 05:00:00,9.365265
2025-10-16 06:00:00,8.49527
2025-10-16 07:00:00,7.427643
2025-10-16 08:00:00,7.068512
2025-10-16 09:00:00,6.547394
2025-10-16 10:00:00,5.40625
2025-10-16 11:00:00,5.555603
2025-10-16 12:00:00,5.691559
2025-10-16 13:00:00,5.6112976
2025-10-16 14:00:00,5.42218
2025-10-16 15:00:00,5.181793
2025-10-16 16:00:00,4.9289246
2025-10-16 17:00:00,4.7064514
2025-10-16 18:00:00,4.5382996
2025-10-16 19:00:00,4.430542
2025-10-16 20:00:00,4.2861023
2025-10-16 21:00:00,4.033386
2025-10-16 22:00:00,3.6341553
2025-10-16 23:00:00,3.2070618
2025-10-17 00:00:00,2.8338013
2025-10-17 01:00:00,2.4993591
2025-10-17 02:00:00,2.2045593
2025-10-17 03:00:00,1.961029
2025-10-17 04:00:00,1.7325134
2025-10-17 05:00:00,1.5455627
2025-10-17 06:00:00,1.41745
2025-10-17 07:00:00,1.3841858
2025-10-17 08:00:00,1.3401794
2025-10-17 09:00:00,1.2810364
2025-10-17 10:00:00,1.2288208
2025-10-17 11:00:00,1.1388855
2025-10-17 12:00:00,0.9610901
2025-10-17 13:00:00,1.1007385
2025-10-17 14:00:00,1.1601868
2025-10-17 15:00:00,1.0744629
2025-10-17 16:00:00,1.0135498
2025-10-17 17:00:00,1.0448303
2025-10-17 18:00:00,1.047699
2025-10-17 19:00:00,1.0853577
2025-10-17 20:00:00,1.1558533
2025-10-17 21:00:00,1.3221741
2025-10-17 22:00:00,1.7612
2025-10-17 23:00:00,1.6127625
2025-10-18 00:00:00,1.5073853
2025-10-18 01:00:00,1.4963074
2025-10-18 02:00:00,1.5276184
2025-10-18 03:00:00,1.5874329
2025-10-18 04:00:00,1.6395264
2025-10-18 05:00:00,1.6490784
2025-10-18 06:00:00,1.6741028
2025-10-18 07:00:00,1.6932373
2025-10-18 08:00:00,1.7252502
2025-10-18 09:00:00,1.7979431
2025-10-18 10:00:00,1.7430725
2025-10-18 11:00:00,1.8097229
2025-10-18 12:00:00,1.9454956
2025-10-18 13:00:00,2.1265564
2025-10-18 14:00:00,2.3394775
2025-10-18 15:00:00,2.5410156
2025-10-18 16:00:00,2.7151794
2025-10-18 17:00:00,2.849701
2025-10-18 18:00:00,2.9426575
2025-10-18 19:00:00,2.9894104
2025-10-18 20:00:00,2.9573364
2025-10-18 21:00:00,2.865326
2025-10-18 22:00:00,2.9734802
2025-10-18 23:00:00,2.903717
2025-10-19 00:00:00,2.8866272
2025-10-19 01:00:00,2.8737488
2025-10-19 02:00:00,2.8017883
2025-10-19 03:00:00,2.6877747
2025-10-19 04:00:00,2.6056824
2025-10-19 05:00:00,2.6198425
2025-10-19 06:00:00,2.591095
2025-10-19 07:00:00,2.534607
2025-10-19 08:00:00,2.471161
2025-10-19 09:00:00,2.457611
2025-10-19 10:00:00,2.9514465
2025-10-19 11:00:00,2.8103333
2025-10-19 12:00:00,2.2912903
2025-10-19 13:00:00,2.4500427
2025-10-19 14:00:00,2.7690735
2025-10-19 15:00:00,3.0346375
2025-10-19 16:00:00,3.2072754
2025-10-19 17:00:00,3.2847595
2025-10-19 18:00:00,3.3476257
2025-10-19 19:00:00,3.5178223
2025-10-19 20:00:00,3.745819
2025-10-19 21:00:00,3.9689026
2025-10-19 22:00:00,4.3901367
2025-10-19 23:00:00,4.589447
2025-10-20 00:00:00,4.690796
2025-10-20 01:00:00,4.7588806
2025-10-20 02:00:00,4.639374
2025-10-20 03:00:00,4.235504
2025-10-20 04:00:00,3.7557068
2025-10-20 05:00:00,3.3807068
2025-10-20 06:00:00,3.1503906
2025-10-20 07:00:00,3.0729675
2025-10-20 08:00:00,3.2153015
2025-10-20 09:00:00,3.6543884
2025-10-20 10:00:00,4.8089905
2025-10-20 11:00:00,5.028473
2025-10-20 12:00:00,5.2155457
2025-10-20 13:00:00,5.2635193
2025-10-20 14:00:00,5.1702576
2025-10-20 15:00:00,5.0660095
2025-10-20 16:00:00,5.0901184
2025-10-20 17:00:00,5.149994
2025-10-20 18:00:00,5.06131
2025-10-20 19:00:00,4.969574
2025-10-20 20:00:00,4.883362
2025-10-20 21:00:00,4.9145813
2025-10-20 22:00:00,4.4030457
2025-10-20 23:00:00,4.653656
2025-10-21 00:00:00,4.8996887
2025-10-21 01:00:00,5.061493
2025-10-21 02:00:00,5.158386
2025-10-21 03:00:00,5.252289
2025-10-21 04:00:00,5.3462524
2025-10-21 05:00:00,5.4804993
2025-10-21 06:00:00,5.56369
2025-10-21 07:00:00,5.7502136
2025-10-21 08:00:00,5.9905396
2025-10-21 09:00:00,6.212555
2025-10-21 10:00:00,6.689087
2025-10-21 11:00:00,6.9934387
2025-10-21 12:00:00,7.217743
2025-10-21 13:00:00,7.0953674
2025-10-21 14:00:00,6.913452
2025-10-21 15:00:00,6.7327576
2025-10-21 16:00:00,6.566681
2025-10-21 17:00:00,6.6040955
2025-10-21 18:00:00,6.6686707
2025-10-21 19:00:00,6.761078
2025-10-21 20:00:00,6.922943
2025-10-21 21:00:00,7.1183167
2025-10-21 22:00:00,7.5432434
2025-10-21 23:00:00,7.551941
2025-10-22 00:00:00,7.403717
2025-10-22 01:00:00,7.243469
2025-10-22 02:00:00,7.1660156
2025-10-22 03:00:00,7.2717285
2025-10-22 04:00:00,7.3840027
2025-10-22 05:00:00,7.51297
2025-10-22 06:00:00,7.6905518
2025-10-22 07:00:00,7.9181824
2025-10-22 08:00:00,8.259125
2025-10-22 09:00:00,8.634369
2025-10-22 10:00:00,8.490234
2025-10-22 11:00:00,8.620605
2025-10-22 12:00:00,8.786163
2025-10-22 13:00:00,8.976349
2025-10-22 14:00:00,9.104919
2025-10-22 15:00:00,9.055511
2025-10-22 16:00:00,8.925629
2025-10-22 17:00:00,8.71698
2025-10-22 18:00:00,8.5694275
2025-10-22 19:00:00,8.400909
2025-10-22 20:00:00,8.218597
2025-10-22 21:00:00,8.152679
2025-10-22 22:00:00,8.186707
2025-10-22 23:00:00,8.118774
2025-10-23 00:00:00,8.091888
2025-10-23 01:00:00,8.182098
2025-10-23 02:00:00,8.161041
2025-10-23 03:00:00,7.961731
2025-10-23 04:00:00,7.9724426
2025-10-23 05:00:00,7.972687
2025-10-23 06:00:00,7.978607
2025-10-23 07:00:00,8.01239
2025-10-23 08:00:00,8.137451
2025-10-23 09:00:00,8.399811
2025-10-23 10:00:00,9.179016
2025-10-23 11:00:00,9.211151
2025-10-23 12:00:00,9.232025
2025-10-23 13:00:00,9.293518
2025-10-23 14:00:00,9.222137
2025-10-23 15:00:00,9.06015
2025-10-23 16:00:00,8.688477
2025-10-23 17:00:00,8.098694
2025-10-23 18:00:00,7.705353
2025-10-23 19:00:00,7.619049
2025-10-23 20:00:00,7.6913147
2025-10-23 21:00:00,7.7240295
2025-10-23 22:00:00,7.548706
2025-10-23 23:00:00,7.4926453
2025-10-24 00:00:00,7.474182
2025-10-24 01:00:00,7.480011
2025-10-24 02:00:00,7.5245667
2025-10-24 03:00:00,7.5572815
2025-10-24 04:00:00,7.5505676
2025-10-24 05:00:00,7.492462
2025-10-24 06:00:00,7.4169617
2025-10-24 07:00:00,7.3438416
2025-10-24 08:00:00,7.411438
2025-10-24 09:00:00,7.4917603
2025-10-24 10:00:00,8.111786
2025-10-24 11:00:00,7.9878235
2025-10-24 12:00:00,7.8896484
2025-10-24 13:00:00,7.8461914
2025-10-24 14:00:00,7.9216614
2025-10-24 15:00:00,8.063904
2025-10-24 16:00:00,8.285126
2025-10-24 17:00:00,8.518219
2025-10-24 18:00:00,8.762787
2025-10-24 19:00:00,8.9953
2025-10-24 20:00:00,9.142242
2025-10-24 21:00:00,9.204437
2025-10-24 22:00:00,9.246674
2025-10-24 23:00:00,9.137604
2025-10-25 00:00:00,8.890839
2025-10-25 01:00:00,8.559723
2025-10-25 02:00:00,8.295288
2025-10-25 03:00:00,8.139923
2025-10-25 04:00:00,8.05658
2025-10-25 05:00:00,8.023102
2025-10-25 06:00:00,8.004303
2025-10-25 07:00:00,7.949066
2025-10-25 08:00:00,7.7843933
2025-10-25 09:00:00,7.5314636
2025-10-25 10:00:00,7.463623
2025-10-25 11:00:00,7.4317627
2025-10-25 12:00:00,7.4635315
2025-10-25 13:00:00,7.4485474
2025-10-25 14:00:00,7.440735
2025-10-25 15:00:00,7.3318176
2025-10-25 16:00:00,7.1698914
2025-10-25 17:00:00,7.09848
2025-10-25 18:00:00,7.191681
2025-10-25 19:00:00,7.011688
2025-10-25 20:00:00,6.9150085
2025-10-25 21:00:00,6.914154
2025-10-25 22:00:00,7.18808
2025-10-25 23:00:00,7.1355896
2025-10-26 00:00:00,7.0816956
2025-10-26 01:00:00,7.047882
2025-10-26 02:00:00,7.034088
2025-10-26 03:00:00,7.0239563
2025-10-26 04:00:00,7.0736694
2025-10-26 05:00:00,7.195465
2025-10-26 06:00:00,7.292206
2025-10-26 07:00:00,7.3296204
2025-10-26 08:00:00,7.3144226
2025-10-26 09:00:00,7.3094177
2025-10-26 10:00:00,7.1246033
2025-10-26 11:00:00,7.1441956
2025-10-26 12:00:00,7.182373
2025-10-26 13:00:00,7.1675415
2025-10-26 14:00:00,7.2809143
2025-10-26 15:00:00,7.3141174
2025-10-26 16:00:00,7.3405457
2025-10-26 17:00:00,7.3347473
2025-10-26 18:00:00,7.2827454
2025-10-26 19:00:00,7.180786
2025-10-26 20:00:00,6.933136
2025-10-26 21:00:00,6.6286926
2025-10-26 22:00:00,5.8842163
2025-10-26 23:00:00,5.7101746
2025-10-27 00:00:00,5.5141296
2025-10-27 01:00:00,5.322113
2025-10-27 02:00:00,5.236664
2025-10-27 03:00:00,5.1946106
2025-10-27 04:00:00,5.1303406
2025-10-27 05:00:00,5.118683
2025-10-27 06:00:00,5.054657
2025-10-27 07:00:00,4.9456177
2025-10-27 08:00:00,4.803528
2025-10-27 09:00:00,4.555603
2025-10-27 10:00:00,4.901123
2025-10-27 11:00:00,5.023987
2025-10-27 12:00:00,5.247528
2025-10-27 13:00:00,5.3595276
2025-10-27 14:00:00,5.4286194
2025-10-27 15:00:00,5.4565125
2025-10-27 16:00:00,5.441803
2025-10-27 17:00:00,5.4392395
2025-10-27 18:00:00,5.4303284
2025-10-27 19:00:00,5.394684
2025-10-27 20:00:00,5.300873
2025-10-27 21:00:00,5.1586
2025-10-27 22:00:00,5.689728
2025-10-27 23:00:00,5.567505
2025-10-28 00:00:00,5.4673157
2025-10-28 01:00:00,5.335968
2025-10-28 02:00:00,5.1819153
2025-10-28 03:00:00,5.011444
2025-10-28 04:00:00,4.854309
2025-10-28 05:00:00,4.773346
2025-10-28 06:00:00,4.7690125
2025-10-28 07:00:00,4.814911
2025-10-28 08:00:00,4.8897095
2025-10-28 09:00:00,4.9148254
2025-10-28 10:00:00,4.1693115
2025-10-28 11:00:00,3.8077087
2025-10-28 12:00:00,4.5303345
2025-10-28 13:00:00,4.8384705
2025-10-28 14:00:00,5.003998
2025-10-28 15:00:00,5.1026306
2025-10-28 16:00:00,5.155548
2025-10-28 17:00:00,5.2044067
2025-10-28 18:00:00,5.20636
2025-10-28 19:00:00,5.2492676
2025-10-28 20:00:00,5.2840576
2025-10-28 21:00:00,5.273041
2025-10-28 22:00:00,5.600128
2025-10-28 23:00:00,5.6380005
2025-10-29 00:00:00,5.578644
2025-10-29 01:00:00,5.459076
2025-10-29 02:00:00,5.292816
2025-10-29 03:00:00,5.0716248
2025-10-29 04:00:00,4.8683167
2025-10-29 05:00:00,4.700897
2025-10-29 06:00:00,4.520752
2025-10-29 07:00:00,4.336426
2025-10-29 08:00:00,4.1996155
2025-10-29 09:00:00,4.0399475
2025-10-29 10:00:00,3.29187
2025-10-29 11:00:00,2.9269104
2025-10-29 12:00:00,2.839569
2025-10-29 13:00:00,2.9152222
2025-10-29 14:00:00,2.986847
2025-10-29 15:00:00,3.0960693
2025-10-29 16:00:00,3.185791
2025-10-29 17:00:00,3.3293762
2025-10-29 18:00:00,3.5507507
2025-10-29 19:00:00,3.7190247
2025-10-29 20:00:00,3.8441467
2025-10-29 21:00:00,4.0662537
2025-10-29 22:00:00,4.3809814
2025-10-29 23:00:00,4.7257385
2025-10-30 00:00:00,5.1519165
2025-10-30 01:00:00,5.504303
2025-10-30 02:00:00,5.909149
2025-10-30 03:00:00,6.1752625
2025-10-30 04:00:00,6.7312927
2025-10-30 05:00:00,6.9966736
2025-10-30 06:00:00,6.965149
2025-10-30 07:00:00,7.017975
2025-10-30 08:00:00,7.2443542
2025-10-30 09:00:00,7.570404
2025-10-30 10:00:00,7.955475
2025-10-30 11:00:00,7.7496643
2025-10-30 12:00:00,7.9447937
2025-10-30 13:00:00,8.111664
2025-10-30 14:00:00,7.434601
2025-10-30 15:00:00,7.2178955
2025-10-30 16:00:00,7.1036987
2025-10-30 17:00:00,7.0025635
2025-10-30 18:00:00,6.931061
2025-10-30 19:00:00,6.9295044
2025-10-30 20:00:00,6.9112854
2025-10-30 21:00:00,6.9493103
2025-10-30 22:00:00,6.511444
2025-10-30 23:00:00,6.276642
2025-10-31 00:00:00,5.938507
2025-10-31 01:00:00,5.6653137
2025-10-31 02:00:00,5.4367065
2025-10-31 03:00:00,5.2986755
2025-10-31 04:00:00,5.2606506
2025-10-31 05:00:00,5.26297
2025-10-31 06:00:00,5.1993103
2025-10-31 07:00:00,5.0913696
2025-10-31 08:00:00,4.8055115
2025-10-31 09:00:00,4.4678345
2025-10-31 10:00:00,3.9341736
2025-10-31 11:00:00,3.8350525
2025-10-31 12:00:00,3.6194153
2025-10-31 13:00:00,3.4249268
2025-10-31 14:00:00,3.1523132
2025-10-31 15:00:00,2.8631287
2025-10-31 16:00:00,2.629303
2025-10-31 17:00:00,2.3587952
2025-10-31 18:00:00,2.2329407
2025-10-31 19:00:00,2.0811462
2025-10-31 20:00:00,1.9269714
2025-10-31 21:00:00,1.8041077
2025-10-31 22:00:00,1.9119263
2025-10-31 23:00:00,1.8074646
2025-11-01 00:00:00,1.630188
2025-11-01 01:00:00,1.4973755
2025-11-01 02:00:00,1.4482117
2025-11-01 03:00:00,1.4533081
2025-11-01 04:00:00,1.5074463
2025-11-01 05:00:00,1.6391296
2025-11-01 06:00:00,1.9186401
2025-11-01 07:00:00,2.4258118
2025-11-01 08:00:00,2.9947205
2025-11-01 09:00:00,3.493866
2025-11-01 10:00:00,3.8188477
2025-11-01 11:00:00,4.1041565
2025-11-01 12:00:00,4.209717
2025-11-01 13:00:00,4.243622
2025-11-01 14:00:00,4.360138
2025-11-01 15:00:00,4.5923157
2025-11-01 16:00:00,4.769928
2025-11-01 17:00:00,4.858368
2025-11-01 18:00:00,5.0779114
2025-11-01 19:00:00,5.308258
2025-11-01 20:00:00,5.533203
2025-11-01 21:00:00,5.724884
2025-11-01 22:00:00,6.043457
2025-11-01 23:00:00,6.17099
2025-11-02 00:00:00,6.308075
2025-11-02 01:00:00,6.5414124
2025-11-02 02:00:00,7.0052185
2025-11-02 03:00:00,7.158539
2025-11-02 04:00:00,7.4321594
2025-11-02 05:00:00,7.264618
2025-11-02 06:00:00,6.8313904
2025-11-02 07:00:00,6.5950623
2025-11-02 08:00:00,6.4407043
2025-11-02 09:00:00,6.4256897
2025-11-02 10:00:00,6.6863403
2025-11-02 11:00:00,6.646332
2025-11-02 12:00:00,6.5175476
2025-11-02 13:00:00,6.496521
2025-11-02 14:00:00,6.4132385
2025-11-02 15:00:00,6.3575134
2025-11-02 16:00:00,6.2744446
2025-11-02 17:00:00,6.1979065
2025-11-02 18:00:00,6.1786194
2025-11-02 19:00:00,6.459076
2025-11-02 20:00:00,7.0239563
2025-11-02 21:00:00,7.2087097
2025-11-02 22:00:00,6.8936157
2025-11-02 23:00:00,6.371216
2025-11-03 00:00:00,5.7850647
2025-11-03 01:00:00,5.301239
2025-11-03 02:00:00,4.8671265
2025-11-03 03:00:00,4.53714
2025-11-03 04:00:00,4.44223
2025-11-03 05:00:00,4.606781
2025-11-03 06:00:00,4.9233704
2025-11-03 07:00:00,5.5053406
2025-11-03 08:00:00,5.851654
2025-11-03 09:00:00,6.0420227
2025-11-03 10:00:00,5.327057
2025-11-03 11:00:00,4.078186
2025-11-03 12:00:00,4.172943
2025-11-03 13:00:00,4.479004
2025-11-03 14:00:00,4.6302185
2025-11-03 15:00:00,4.8352356
2025-11-03 16:00:00,5.1752625
2025-11-03 17:00:00,5.523712
2025-11-03 18:00:00,5.7500916
2025-11-03 19:00:00,5.9011536
2025-11-03 20:00:00,6.0068054
2025-11-03 21:00:00,6.1058655
2025-11-03 22:00:00,6.474701
2025-11-03 23:00:00,6.3940735
2025-11-04 00:00:00,6.416168
2025-11-04 01:00:00,6.407318
2025-11-04 02:00:00,6.3099976
2025-11-04 03:00:00,5.9454346
2025-11-04 04:00:00,5.7481995
2025-11-04 05:00:00,6.073517
2025-11-04 06:00:00,6.674164
2025-11-04 07:00:00,7.3717346
2025-11-04 08:00:00,8.158295
2025-11-04 09:00:00,8.912872
2025-11-04 10:00:00,9.2065735
2025-11-04 11:00:00,9.344177
2025-11-04 12:00:00,9.570496
2025-11-04 13:00:00,9.537689
2025-11-04 14:00:00,9.44809
2025-11-04 15:00:00,9.579895
2025-11-04 16:00:00,9.541626
2025-11-04 17:00:00,9.55191
2025-11-04 18:00:00,9.557648
2025-11-04 19:00:00,9.643402
2025-11-04 20:00:00,9.781952
2025-11-04 21:00:00,9.856415
2025-11-04 22:00:00,10.2413025
2025-11-04 23:00:00,10.635742
2025-11-05 00:00:00,10.122223
2025-11-05 01:00:00,9.436615
2025-11-05 02:00:00,8.945282
2025-11-05 03:00:00,8.489014
2025-11-05 04:00:00,8.07547
2025-11-05 05:00:00,7.745056
2025-11-05 06:00:00,7.5062866
2025-11-05 07:00:00,7.5205383
2025-11-05 08:00:00,7.516449
2025-11-05 09:00:00,7.511383
2025-11-05 10:00:00,7.933838
2025-11-05 11:00:00,7.9301453
2025-11-05 12:00:00,8.079071
2025-11-05 13:00:00,8.216156
2025-11-05 14:00:00,8.326263
2025-11-05 15:00:00,8.384247
2025-11-05 16:00:00,8.329376
2025-11-05 17:00:00,8.132843
2025-11-05 18:00:00,7.9517517
2025-11-05 19:00:00,7.7368164
2025-11-05 20:00:00,7.5586853
2025-11-05 21:00:00,7.461029
2025-11-05 22:00:00,7.9501038
2025-11-05 23:00:00,8.241577
2025-11-06 00:00:00,8.50354
2025-11-06 01:00:00,8.687042
2025-11-06 02:00:00,8.841339
2025-11-06 03:00:00,9.001434
2025-11-06 04:00:00,9.112701
2025-11-06 05:00:00,9.23111
2025-11-06 06:00:00,9.347321
2025-11-06 07:00:00,9.49295
2025-11-06 08:00:00,9.344818
2025-11-06 09:00:00,9.296722
2025-11-06 10:00:00,9.8576355
2025-11-06 11:00:00,10.163422
2025-11-06 12:00:00,10.4809265
2025-11-06 13:00:00,10.873749
2025-11-06 14:00:00,11.098907
2025-11-06 15:00:00,11.437164
2025-11-06 16:00:00,11.636078
2025-11-06 17:00:00,11.698822
2025-11-06 18:00:00,11.66449
2025-11-06 19:00:00,11.810394
2025-11-06 20:00:00,12.123627
2025-11-06 21:00:00,12.447479
2025-11-06 22:00:00,12.907166
2025-11-06 23:00:00,12.790436
2025-11-07 00:00:00,12.952362
2025-11-07 01:00:00,13.430389
2025-11-07 02:00:00,13.406769
2025-11-07 03:00:00,13.433716
2025-11-07 04:00:00,13.588165
2025-11-07 05:00:00,13.832275
2025-11-07 06:00:00,14.16571
2025-11-07 07:00:00,14.158417
2025-11-07 08:00:00,14.000336
2025-11-07 09:00:00,13.812317
2025-11-07 10:00:00,14.230438
2025-11-07 11:00:00,13.82196
2025-11-07 12:00:00,13.583557
2025-11-07 13:00:00,13.485138
2025-11-07 14:00:00,13.39502
2025-11-07 15:00:00,13.284332
2025-11-07 16:00:00,13.113922
2025-11-07 17:00:00,13.064545
2025-11-07 18:00:00,13.029419
2025-11-07 19:00:00,12.481476
2025-11-07 20:00:00,11.096466
2025-11-07 21:00:00,9.96167
2025-11-07 22:00:00,9.440002
2025-11-07 23:00:00,9.08905
2025-11-08 00:00:00,8.722137
2025-11-08 01:00:00,8.33493
2025-11-08 02:00:00,8.023254
2025-11-08 03:00:00,7.6611023
2025-11-08 04:00:00,7.33902
2025-11-08 05:00:00,6.917938
2025-11-08 06:00:00,6.6856384
2025-11-08 07:00:00,6.499542
2025-11-08 08:00:00,6.3978577
2025-11-08 09:00:00,6.123596
2025-11-08 10:00:00,5.655426
2025-11-08 11:00:00,5.6114197
2025-11-08 12:00:00,5.521057
2025-11-08 13:00:00,5.0444946
2025-11-08 14:00:00,4.052948
2025-11-08 15:00:00,3.5609436
2025-11-08 16:00:00,3.2933044
2025-11-08 17:00:00,3.005371
2025-11-08 18:00:00,2.9577637
2025-11-08 19:00:00,2.9777527
2025-11-08 20:00:00,2.995819
2025-11-08 21:00:00,2.853119
2025-11-08 22:00:00,2.7858887
2025-11-08 23:00:00,2.631958
2025-11-09 00:00:00,2.4153748
2025-11-09 01:00:00,2.2358093
2025-11-09 02:00:00,1.9599304
2025-11-09 03:00:00,1.7714844
2025-11-09 04:00:00,1.5726013
2025-11-09 05:00:00,1.3450928
2025-11-09 06:00:00,1.1099548
2025-11-09 07:00:00,0.8800049
2025-11-09 08:00:00,0.8404846
2025-11-09 09:00:00,0.81921387
2025-11-09 10:00:00,1.0473022
2025-11-09 11:00:00,1.4163208
2025-11-09 12:00:00,1.7953186
2025-11-09 13:00:00,2.0891418
2025-11-09 14:00:00,2.2260742
2025-11-09 15:00:00,2.4012146
2025-11-09 16:00:00,2.4757385
2025-11-09 17:00:00,2.5028381
2025-11-09 18:00:00,2.434723
2025-11-09 19:00:00,2.339508
2025-11-09 20:00:00,2.3237305
2025-11-09 21:00:00,2.233429
2025-11-09 22:00:00,2.1744995
2025-11-09 23:00:00,2.2056885
2025-11-10 00:00:00,2.1613464
2025-11-10 01:00:00,2.1200867
2025-11-10 02:00:00,2.1198425
2025-11-10 03:00:00,2.143036
2025-11-10 04:00:00,2.1356506
2025-11-10 05:00:00,2.1550903
2025-11-10 06:00:00,2.1720886
2025-11-10 07:00:00,2.171112
2025-11-10 08:00:00,2.1773376
2025-11-10 09:00:00,2.1949768
2025-11-10 10:00:00,2.0187073
2025-11-10 11:00:00,2.091339
2025-11-10 12:00:00,2.2468567
2025-11-10 13:00:00,2.3103333
2025-11-10 14:00:00,2.29776
2025-11-10 15:00:00,2.263153
2025-11-10 16:00:00,2.269928
2025-11-10 17:00:00,2.2695618
2025-11-10 18:00:00,2.3487854
2025-11-10 19:00:00,2.473816
2025-11-10 20:00:00,2.5694275
2025-11-10 21:00:00,2.6347656
2025-11-10 22:00:00,2.3952026
2025-11-10 23:00:00,2.3077698
2025-11-11 00:00:00,2.2920837
2025-11-11 01:00:00,2.299286
2025-11-11 02:00:00,2.3561707
2025-11-11 03:00:00,2.4100037
2025-11-11 04:00:00,2.455017
2025-11-11 05:00:00,2.5306702
2025-11-11 06:00:00,2.64917
2025-11-11 07:00:00,2.856842
2025-11-11 08:00:00,3.0972595
2025-11-11 09:00:00,3.3924866
2025-11-11 10:00:00,2.7878418
2025-11-11 11:00:00,3.004547
2025-11-11 12:00:00,3.2376099
2025-11-11 13:00:00,3.441162
2025-11-11 14:00:00,3.597931
2025-11-11 15:00:00,3.7182922
2025-11-11 16:00:00,3.7710266
2025-11-11 17:00:00,3.8348389
2025-11-11 18:00:00,3.987915
2025-11-11 19:00:00,4.174225
2025-11-11 20:00:00,4.328705
2025-11-11 21:00:00,4.4421997
2025-11-11 22:00:00,4.505768
2025-11-11 23:00:00,4.6078186
2025-11-12 00:00:00,4.654175
2025-11-12 01:00:00,4.6853027
2025-11-12 02:00:00,4.7637024
2025-11-12 03:00:00,4.838928
2025-11-12 04:00:00,5.0573425
2025-11-12 05:00:00,5.2623596
2025-11-12 06:00:00,5.2934875
2025-11-12 07:00:00,5.0498962
2025-11-12 08:00:00,4.850067
2025-11-12 09:00:00,4.7066345
2025-11-12 10:00:00,5.1167297
2025-11-12 11:00:00,5.839752
2025-11-12 12:00:00,6.039398
2025-11-12 13:00:00,6.004669
2025-11-12 14:00:00,6.2763367
2025-11-12 15:00:00,6.3278503
2025-11-12 16:00:00,6.309906
2025-11-12 17:00:00,6.2994385
2025-11-12 18:00:00,6.441864
2025-11-12 19:00:00,6.681549
2025-11-12 20:00:00,6.9252625
2025-11-12 21:00:00,7.2082825
2025-11-12 22:00:00,7.3876038
2025-11-12 23:00:00,7.488617
2025-11-13 00:00:00,7.6132507
2025-11-13 01:00:00,7.7427673
2025-11-13 02:00:00,7.784851
2025-11-13 03:00:00,7.820801
2025-11-13 04:00:00,7.782501
2025-11-13 05:00:00,7.799469
2025-11-13 06:00:00,8.009735
2025-11-13 07:00:00,8.246307
2025-11-13 08:00:00,8.336395
2025-11-13 09:00:00,8.209991
2025-11-13 10:00:00,7.6705017
2025-11-13 11:00:00,6.956665
2025-11-13 12:00:00,5.1997986
2025-11-13 13:00:00,3.4440613
2025-11-13 14:00:00,2.2193604
2025-11-13 15:00:00,1.1659241
2025-11-13 16:00:00,0.7347717
2025-11-13 17:00:00,0.42562866
2025-11-13 18:00:00,0.26168823
2025-11-13 19:00:00,0.33798218
2025-11-13 20:00:00,0.6808777
2025-11-13 21:00:00,0.8940735
2025-11-13 22:00:00,0.6463623
2025-11-13 23:00:00,0.38153076
2025-11-14 00:00:00,0.098846436
2025-11-14 01:00:00,-0.058532715
2025-11-14 02:00:00,-0.17547607
2025-11-14 03:00:00,-0.37838745
2025-11-14 04:00:00,-0.6586609
2025-11-14 05:00:00,-0.91915894
2025-11-14 06:00:00,-1.0166321
2025-11-14 07:00:00,-0.99401855
2025-11-14 08:00:00,-0.8972473
2025-11-14 09:00:00,-0.7631531
2025-11-14 10:00:00,-1.0051575
2025-11-14 11:00:00,-1.0421753
2025-11-14 12:00:00,-1.0528564
2025-11-14 13:00:00,-0.9480591
2025-11-14 14:00:00,-0.9491272
2025-11-14 15:00:00,-1.1967468
2025-11-14 16:00:00,-1.5640564
2025-11-14 17:00:00,-1.9688416
2025-11-14 18:00:00,-2.4566345
2025-11-14 19:00:00,-2.9440308
2025-11-14 20:00:00,-3.245453
2025-11-14 21:00:00,-3.4107666
2025-11-14 22:00:00,-3.291748
2025-11-14 23:00:00,-3.3039856
2025-11-15 00:00:00,-3.2551575
2025-11-15 01:00:00,-3.1871033
2025-11-15 02:00:00,-3.1879883
2025-11-15 03:00:00,-2.9982605
2025-11-15 04:00:00,-2.7911072
2025-11-15 05:00:00,-2.5850525
2025-11-15 06:00:00,-2.1130066
2025-11-15 07:00:00,-1.5750732
2025-11-15 08:00:00,-1.1403503
2025-11-15 09:00:00,-0.8005371
2025-11-15 10:00:00,-0.89785767
2025-11-15 11:00:00,-0.4993286
2025-11-15 12:00:00,-0.017669678
2025-11-15 13:00:00,0.34259033
2025-11-15 14:00:00,0.19717407
2025-11-15 15:00:00,-0.5254822
2025-11-15 16:00:00,-1.1446838
2025-11-15 17:00:00,-1.4895935
2025-11-15 18:00:00,-1.5821228
2025-11-15 19:00:00,-1.6078491
2025-11-15 20:00:00,-1.6894531
2025-11-15 21:00:00,-1.7055359
2025-11-15 22:00:00,-1.5291748
2025-11-15 23:00:00,-1.2103577
2025-11-16 00:00:00,-0.98651123
2025-11-16 01:00:00,-0.9284973
2025-11-16 02:00:00,-0.87368774
2025-11-16 03:00:00,-0.783844
2025-11-16 04:00:00,-0.87924194
2025-11-16 05:00:00,-0.9664917
2025-11-16 06:00:00,-0.9700012
2025-11-16 07:00:00,-0.823761
2025-11-16 08:00:00,-0.5602722
2025-11-16 09:00:00,-0.35006714
2025-11-16 10:00:00,0.7880554
2025-11-16 11:00:00,0.99069214
2025-11-16 12:00:00,1.0041199
2025-11-16 13:00:00,0.679657
2025-11-16 14:00:00,0.4425354
2025-11-16 15:00:00,0.45413208
2025-11-16 16:00:00,0.48623657
2025-11-16 17:00:00,0.5628967
2025-11-16 18:00:00,0.6367798
2025-11-16 19:00:00,0.57125854
2025-11-16 20:00:00,0.5689392
2025-11-16 21:00:00,0.67025757
2025-11-16 22:00:00,0.9350281
2025-11-16 23:00:00,0.9781494
2025-11-17 00:00:00,0.93414307
2025-11-17 01:00:00,0.7876892
2025-11-17 02:00:00,0.61416626
2025-11-17 03:00:00,0.47903442
2025-11-17 04:00:00,0.40997314
2025-11-17 05:00:00,0.29489136
2025-11-17 06:00:00,0.04434204
2025-11-17 07:00:00,-0.35256958
2025-11-17 08:00:00,-0.74435425
2025-11-17 09:00:00,-0.9934082
2025-11-17 10:00:00,-0.9457092
2025-11-17 11:00:00,-1.2008667
2025-11-17 12:00:00,-1.5125427
2025-11-17 13:00:00,-1.760315
2025-11-17 14:00:00,-1.9217834
2025-11-17 15:00:00,-2.2241516
2025-11-17 16:00:00,-2.3857117
2025-11-17 17:00:00,-2.436676
2025-11-17 18:00:00,-2.4075623
2025-11-17 19:00:00,-2.3330383
2025-11-17 20:00:00,-2.3610535
2025-11-17 21:00:00,-2.4622498
2025-11-17 22:00:00,-2.0062866
2025-11-17 23:00:00,-2.4446716
2025-11-18 00:00:00,-3.0702515
2025-11-18 01:00:00,-3.7447205
2025-11-18 02:00:00,-4.3940125
2025-11-18 03:00:00,-4.7394104
2025-11-18 04:00:00,-4.9076843
2025-11-18 05:00:00,-4.922577
2025-11-18 06:00:00,-4.8766785
2025-11-18 07:00:00,-4.6903687
2025-11-18 08:00:00,-4.432068
2025-11-18 09:00:00,-4.278351
2025-11-18 10:00:00,-3.7094421
2025-11-18 11:00:00,-3.6261292
2025-11-18 12:00:00,-3.5853577
2025-11-18 13:00:00,-3.5853577
2025-11-18 14:00:00,-3.5899963
2025-11-18 15:00:00,-3.577118
2025-11-18 16:00:00,-3.530182
2025-11-18 17:00:00,-3.4042969
2025-11-18 18:00:00,-3.2212524
2025-11-18 19:00:00,-3.0707092
2025-11-18 20:00:00,-3.030182
2025-11-18 21:00:00,-3.0158691
2025-11-18 22:00:00,-3.25531
2025-11-18 23:00:00,-3.2233887
2025-11-19 00:00:00,-3.1021423
2025-11-19 01:00:00,-2.9098206
2025-11-19 02:00:00,-2.8208313
2025-11-19 03:00:00,-2.7355042
2025-11-19 04:00:00,-2.5606384
2025-11-19 05:00:00,-2.377594
2025-11-19 06:00:00,-2.1923828
2025-11-19 07:00:00,-1.9795837
2025-11-19 08:00:00,-1.7718506
2025-11-19 09:00:00,-1.6029968
2025-11-19 10:00:00,-1.0248108
2025-11-19 11:00:00,-0.9260559
2025-11-19 12:00:00,-0.9862976
2025-11-19 13:00:00,-1.0384216
2025-11-19 14:00:00,-1.0501404
2025-11-19 15:00:00,-1.0962219
2025-11-19 16:00:00,-1.0842285
2025-11-19 17:00:00,-0.97506714
2025-11-19 18:00:00,-0.8874817
2025-11-19 19:00:00,-1.0742493
2025-11-19 20:00:00,-1.1486206
2025-11-19 21:00:00,-1.5699768
2025-11-19 22:00:00,-1.9881287
2025-11-19 23:00:00,-2.4654236
2025-11-20 00:00:00,-2.973053
2025-11-20 01:00:00,-2.6378784
2025-11-20 02:00:00,-2.4579163
2025-11-20 03:00:00,-2.5503845
2025-11-20 04:00:00,-2.4472046
2025-11-20 05:00:00,-2.4186096
2025-11-20 06:00:00,-2.3163147
2025-11-20 07:00:00,-2.301056
2025-11-20 08:00:00,-2.5049133
2025-11-20 09:00:00,-2.596161
2025-11-20 10:00:00,-2.9406738
2025-11-20 11:00:00,-3.039154
2025-11-20 12:00:00,-3.3928528
2025-11-20 13:00:00,-3.5711975
2025-11-20 14:00:00,-3.535736
2025-11-20 15:00:00,-3.3731995
2025-11-20 16:00:00,-2.8789368
2025-11-20 17:00:00,-2.3324585
2025-11-20 18:00:00,-1.9703064
2025-11-20 19:00:00,-1.83255
2025-11-20 20:00:00,-1.9631042
2025-11-20 21:00:00,-2.1029053
2025-11-20 22:00:00,-2.0380554
2025-11-20 23:00:00,-1.5555725
2025-11-21 00:00:00,-1.2102661
2025-11-21 01:00:00,-1.2245483
2025-11-21 02:00:00,-1.4058533
2025-11-21 03:00:00,-1.587738
2025-11-21 04:00:00,-1.8449402
2025-11-21 05:00:00,-2.2714539
2025-11-21 06:00:00,-2.7139587
2025-11-21 07:00:00,-3.0646667
2025-11-21 08:00:00,-3.3936462
2025-11-21 09:00:00,-3.8596191
2025-11-21 10:00:00,-3.4464417
2025-11-21 11:00:00,-3.1414795
2025-11-21 12:00:00,-3.3613281
2025-11-21 13:00:00,-3.459381
2025-11-21 14:00:00,-3.5871277
2025-11-21 15:00:00,-3.5864868
2025-11-21 16:00:00,-3.6094666
2025-11-21 17:00:00,-3.8963318
2025-11-21 18:00:00,-4.236786
2025-11-21 19:00:00,-4.428192
2025-11-21 20:00:00,-4.4344788
2025-11-21 21:00:00,-4.2621155
2025-11-21 22:00:00,-2.7912903
2025-11-21 23:00:00,-1.9120789
2025-11-22 00:00:00,-1.3808594
2025-11-22 01:00:00,-1.2861023
2025-11-22 02:00:00,-1.2319031
2025-11-22 03:00:00,-1.1678772
2025-11-22 04:00:00,-1.0036011
2025-11-22 05:00:00,-0.7978821
2025-11-22 06:00:00,-0.74450684
2025-11-22 07:00:00,-0.45742798
2025-11-22 08:00:00,-0.2833557
2025-11-22 09:00:00,-0.13375854
2025-11-22 10:00:00,0.36767578
2025-11-22 11:00:00,0.03744507
2025-11-22 12:00:00,-0.23526001
2025-11-22 13:00:00,-0.25048828
2025-11-22 14:00:00,0.04763794
2025-11-22 15:00:00,0.29751587
2025-11-22 16:00:00,0.4322815
2025-11-22 17:00:00,0.5076599
2025-11-22 18:00:00,0.7427063
2025-11-22 19:00:00,0.9096985
2025-11-22 20:00:00,0.88131714
2025-11-22 21:00:00,0.8556824
2025-11-22 22:00:00,1.335968
2025-11-22 23:00:00,1.4306946
2025-11-23 00:00:00,1.419342
2025-11-23 01:00:00,1.3102722
2025-11-23 02:00:00,1.194458
2025-11-23 03:00:00,1.0950623
2025-11-23 04:00:00,1.0150452
2025-11-23 05:00:00,1.0591736
2025-11-23 06:00:00,1.0958557
2025-11-23 07:00:00,0.86990356
2025-11-23 08:00:00,0.5392761
2025-11-23 09:00:00,0.48672485
2025-11-23 10:00:00,0.7674866
2025-11-23 11:00:00,0.46981812
2025-11-23 12:00:00,0.12637329
2025-11-23 13:00:00,-0.15689087
2025-11-23 14:00:00,-0.21456909
2025-11-23 15:00:00,-0.17581177
2025-11-23 16:00:00,-0.15536499
2025-11-23 17:00:00,-0.1986084
2025-11-23 18:00:00,-0.19943237
2025-11-23 19:00:00,-0.08200073
2025-11-23 20:00:00,0.110809326
2025-11-23 21:00:00,0.27755737
2025-11-23 22:00:00,0.63500977
2025-11-23 23:00:00,0.772583
2025-11-24 00:00:00,0.8627014
2025-11-24 01:00:00,0.9203491
2025-11-24 02:00:00,0.8948059
2025-11-24 03:00:00,0.84054565
2025-11-24 04:00:00,0.77627563
2025-11-24 05:00:00,0.70654297
2025-11-24 06:00:00,0.6300049
2025-11-24 07:00:00,0.523468
2025-11-24 08:00:00,0.38760376
2025-11-24 09:00:00,0.29937744
2025-11-24 10:00:00,0.024383545
2025-11-24 11:00:00,-0.0748291
2025-11-24 12:00:00,-0.1550293
2025-11-24 13:00:00,-0.21316528
2025-11-24 14:00:00,-0.26913452
2025-11-24 15:00:00,-0.27243042
2025-11-24 16:00:00,-0.23458862
2025-11-24 17:00:00,-0.1867981
2025-11-24 18:00:00,-0.20266724
2025-11-24 19:00:00,-0.27807617
2025-11-24 20:00:00,-0.36831665
2025-11-24 21:00:00,-0.43240356
2025-11-24 22:00:00,0.052856445
2025-11-24 23:00:00,0.034576416
2025-11-25 00:00:00,0.011779785
2025-11-25 01:00:00,-0.035369873
2025-11-25 02:00:00,-0.09902954
2025-11-25 03:00:00,-0.20394897
2025-11-25 04:00:00,-0.30929565
2025-11-25 05:00:00,-0.38449097
2025-11-25 06:00:00,-0.5179138
2025-11-25 07:00:00,-0.74002075
2025-11-25 08:00:00,-1.0119324
2025-11-25 09:00:00,-1.3316345
2025-11-25 10:00:00,-1.401947
2025-11-25 11:00:00,-1.6643677
2025-11-25 12:00:00,-1.9033508
2025-11-25 13:00:00,-2.0534058
2025-11-25 14:00:00,-2.235962
2025-11-25 15:00:00,-2.4429626
2025-11-25 16:00:00,-2.5277405
2025-11-25 17:00:00,-2.7539978
2025-11-25 18:00:00,-2.813568
2025-11-25 19:00:00,-2.9196777
2025-11-25 20:00:00,-3.0725403
2025-11-25 21:00:00,-3.1740417
2025-11-25 22:00:00,-2.7252502
2025-11-25 23:00:00,-2.887909
2025-11-26 00:00:00,-3.0135803
2025-11-26 01:00:00,-3.0577087
2025-11-26 02:00:00,-2.9843445
2025-11-26 03:00:00,-2.8804016
2025-11-26 04:00:00,-2.8813782
2025-11-26 05:00:00,-2.8453674
2025-11-26 06:00:00,-2.7587585
2025-11-26 07:00:00,-2.5946045
2025-11-26 08:00:00,-2.1880188
2025-11-26 09:00:00,-1.7047424
2025-11-26 10:00:00,-1.0336304
2025-11-26 11:00:00,-0.8517151
2025-11-26 12:00:00,-0.89450073
2025-11-26 13:00:00,-1.0401001
2025-11-26 14:00:00,-1.1985474
2025-11-26 15:00:00,-1.3273315
2025-11-26 16:00:00,-1.4225159
2025-11-26 17:00:00,-1.5106201
2025-11-26 18:00:00,-1.5988464
2025-11-26 19:00:00,-1.6515503
2025-11-26 20:00:00,-1.729065
2025-11-26 21:00:00,-1.9680481
2025-11-26 22:00:00,-1.7398987
2025-11-26 23:00:00,-2.244629
2025-11-27 00:00:00,-2.7328491
2025-11-27 01:00:00,-2.9864197
2025-11-27 02:00:00,-3.0381775
2025-11-27 03:00:00,-3.0368958
2025-11-27 04:00:00,-2.7339783
2025-11-27 05:00:00,-1.9675293
2025-11-27 06:00:00,-1.2849426
2025-11-27 07:00:00,-1.0835266
2025-11-27 08:00:00,-1.1134033
2025-11-27 09:00:00,-1.2867126
2025-11-27 10:00:00,-1.8017273
2025-11-27 11:00:00,-1.6470642
2025-11-27 12:00:00,-1.3118591
2025-11-27 13:00:00,-1.0262146
2025-11-27 14:00:00,-0.5979614
2025-11-27 15:00:00,-0.31698608
2025-11-27 16:00:00,-0.17886353
2025-11-27 17:00:00,-0.030517578
2025-11-27 18:00:00,0.013092041
2025-11-27 19:00:00,0.15802002
2025-11-27 20:00:00,0.44509888
2025-11-27 21:00:00,0.958313
2025-11-27 22:00:00,1.0864563
2025-11-27 23:00:00,1.8768616
2025-11-28 00:00:00,2.889557
2025-11-28 01:00:00,3.8521423
2025-11-28 02:00:00,4.2969666
2025-11-28 03:00:00,4.651947
2025-11-28 04:00:00,5.009735
2025-11-28 05:00:00,5.335663
2025-11-28 06:00:00,5.716797
2025-11-28 07:00:00,6.16745
2025-11-28 08:00:00,6.3839417
2025-11-28 09:00:00,6.4127502
2025-11-28 10:00:00,5.641144
2025-11-28 11:00:00,5.542816
2025-11-28 12:00:00,5.5576477
2025-11-28 13:00:00,5.4562073
2025-11-28 14:00:00,5.297699
2025-11-28 15:00:00,5.206085
2025-11-28 16:00:00,5.0781555
2025-11-28 17:00:00,4.9681396
2025-11-28 18:00:00,4.828583
2025-11-28 19:00:00,4.655548
2025-11-28 20:00:00,4.439148
2025-11-28 21:00:00,4.207794
2025-11-28 22:00:00,4.8228455
2025-11-28 23:00:00,4.495697
2025-11-29 00:00:00,4.1509094
2025-11-29 01:00:00,3.7756042
2025-11-29 02:00:00,3.52182
2025-11-29 03:00:00,3.2554321
2025-11-29 04:00:00,3.0882263
2025-11-29 05:00:00,3.2066956
2025-11-29 06:00:00,3.5349426
2025-11-29 07:00:00,3.7530212
2025-11-29 08:00:00,3.92807
2025-11-29 09:00:00,4.0157776
2025-11-29 10:00:00,3.688446
2025-11-29 11:00:00,3.9826965
2025-11-29 12:00:00,4.305359
2025-11-29 13:00:00,4.5783386
2025-11-29 14:00:00,4.6040344
2025-11-29 15:00:00,4.466217
2025-11-29 16:00:00,4.372162
2025-11-29 17:00:00,4.1622314
2025-11-29 18:00:00,3.9248352
2025-11-29 19:00:00,3.7432861
2025-11-29 20:00:00,3.4872742
2025-11-29 21:00:00,3.2918396
2025-11-29 22:00:00,4.2341003
2025-11-29 23:00:00,4.1455994
2025-11-30 00:00:00,4.038727
2025-11-30 01:00:00,4.054901
2025-11-30 02:00:00,4.1701355
2025-11-30 03:00:00,4.2486267
2025-11-30 04:00:00,4.3172913
2025-11-30 05:00:00,4.3111877
2025-11-30 06:00:00,4.1513367
2025-11-30 07:00:00,3.9448853
2025-11-30 08:00:00,3.5587158
2025-11-30 09:00:00,3.1703796
2025-11-30 10:00:00,3.294281
2025-11-30 11:00:00,3.0466614
2025-11-30 12:00:00,2.943512
2025-11-30 13:00:00,2.8142395
2025-11-30 14:00:00,2.7391663
2025-11-30 15:00:00,2.8058777
2025-11-30 16:00:00,2.9306335
2025-11-30 17:00:00,3.0749512
2025-11-30 18:00:00,3.171814
2025-11-30 19:00:00,3.2413025
2025-11-30 20:00:00,3.4668274
2025-11-30 21:00:00,3.8005676
2025-11-30 22:00:00,4.0673523
2025-11-30 23:00:00,4.070526
2025-12-01 00:00:00,3.621704
2025-12-01 01:00:00,2.9318542
2025-12-01 02:00:00,2.3390503
2025-12-01 03:00:00,2.063263
2025-12-01 04:00:00,2.2487183
2025-12-01 05:00:00,2.5408325
2025-12-01 06:00:00,2.6227112
2025-12-01 07:00:00,2.516571
2025-12-01 08:00:00,2.923706
2025-12-01 09:00:00,3.153656
2025-12-01 10:00:00,3.179718
2025-12-01 11:00:00,3.0486755
2025-12-01 12:00:00,2.7182922
2025-12-01 13:00:00,2.4356995
2025-12-01 14:00:00,2.3532104
2025-12-01 15:00:00,2.321167
2025-12-01 16:00:00,2.2190247
2025-12-01 17:00:00,2.2276917
2025-12-01 18:00:00,2.2259827
2025-12-01 19:00:00,2.11911
2025-12-01 20:00:00,1.9247742
2025-12-01 21:00:00,1.7184143
2025-12-01 22:00:00,1.986969
2025-12-01 23:00:00,1.9171143
2025-12-02 00:00:00,2.004425
2025-12-02 01:00:00,2.215973
2025-12-02 02:00:00,2.2151794
2025-12-02 03:00:00,1.7402039
2025-12-02 04:00:00,1.3841553
2025-12-02 05:00:00,1.3511658
2025-12-02 06:00:00,1.6017151
2025-12-02 07:00:00,1.8969421
2025-12-02 08:00:00,1.9274597
2025-12-02 09:00:00,1.9416199
2025-12-02 10:00:00,2.713379
2025-12-02 11:00:00,2.6784363
2025-12-02 12:00:00,2.5639648
2025-12-02 13:00:00,2.5289001
2025-12-02 14:00:00,2.5575867
2025-12-02 15:00:00,2.4596863
2025-12-02 16:00:00,2.2210388
2025-12-02 17:00:00,2.157257
2025-12-02 18:00:00,2.194336
2025-12-02 19:00:00,2.2048035
2025-12-02 20:00:00,1.9642639
2025-12-02 21:00:00,1.8250427
2025-12-02 22:00:00,1.6254272
2025-12-02 23:00:00,1.4959412
2025-12-03 00:00:00,1.3644409
2025-12-03 01:00:00,1.0648193
2025-12-03 02:00:00,0.77700806
2025-12-03 03:00:00,0.7824402
2025-12-03 04:00:00,0.8614502
2025-12-03 05:00:00,1.0596619
2025-12-03 06:00:00,1.1767883
2025-12-03 07:00:00,1.2395325
2025-12-03 08:00:00,1.2498169
2025-12-03 09:00:00,1.182251
2025-12-03 10:00:00,0.77145386
2025-12-03 11:00:00,0.78726196
2025-12-03 12:00:00,0.82406616
2025-12-03 13:00:00,0.85079956
2025-12-03 14:00:00,0.8922119
2025-12-03 15:00:00,0.87991333
2025-12-03 16:00:00,0.8934326
2025-12-03 17:00:00,0.9227905
2025-12-03 18:00:00,0.9112549
2025-12-03 19:00:00,0.8916931
2025-12-03 20:00:00,0.8491516
2025-12-03 21:00:00,0.8495178
2025-12-03 22:00:00,0.7652283
2025-12-03 23:00:00,0.86013794
2025-12-04 00:00:00,1.0296936
2025-12-04 01:00:00,1.1948853
2025-12-04 02:00:00,1.379364
2025-12-04 03:00:00,1.4914551
2025-12-04 04:00:00,1.5289001
2025-12-04 05:00:00,1.5140381
2025-12-04 06:00:00,1.4101257
2025-12-04 07:00:00,1.2585449
2025-12-04 08:00:00,1.1393127
2025-12-04 09:00:00,1.0766296
2025-12-04 10:00:00,0.112091064
2025-12-04 11:00:00,0.21929932
2025-12-04 12:00:00,0.44900513
2025-12-04 13:00:00,0.7024231
2025-12-04 14:00:00,1.0570984
2025-12-04 15:00:00,1.3576355
2025-12-04 16:00:00,1.4780579
2025-12-04 17:00:00,1.5487366
2025-12-04 18:00:00,1.6147766
2025-12-04 19:00:00,1.6716003
2025-12-04 20:00:00,1.7580261
2025-12-04 21:00:00,1.8653259
2025-12-04 22:00:00,2.4582214
2025-12-04 23:00:00,2.6290588
2025-12-05 00:00:00,2.677826
2025-12-05 01:00:00,2.5688477
2025-12-05 02:00:00,2.2740173
2025-12-05 03:00:00,1.8449402
2025-12-05 04:00:00,1.597168
2025-12-05 05:00:00,1.3979187
2025-12-05 06:00:00,1.2874451
2025-12-05 07:00:00,1.2668457
2025-12-05 08:00:00,1.3232727
2025-12-05 09:00:00,1.4032898
2025-12-05 10:00:00,1.8509216
2025-12-05 11:00:00,1.9047546
2025-12-05 12:00:00,1.9286194
2025-12-05 13:00:00,1.9300232
2025-12-05 14:00:00,1.9405212
2025-12-05 15:00:00,1.9354553
2025-12-05 16:00:00,1.931427
2025-12-05 17:00:00,1.9607849
2025-12-05 18:00:00,2.015686
2025-12-05 19:00:00,2.052185
2025-12-05 20:00:00,2.0481262
2025-12-05 21:00:00,2.0658264
2025-12-05 22:00:00,2.2610168
2025-12-05 23:00:00,2.2850647
2025-12-06 00:00:00,2.1872864
2025-12-06 01:00:00,2.0482483
2025-12-06 02:00:00,2.0935974
2025-12-06 03:00:00,2.2806396
2025-12-06 04:00:00,2.511261
2025-12-06 05:00:00,2.9890442
2025-12-06 06:00:00,3.5186462
2025-12-06 07:00:00,3.949646
2025-12-06 08:00:00,4.183197
2025-12-06 09:00:00,4.202545
2025-12-06 10:00:00,4.3319397
2025-12-06 11:00:00,3.9015198
2025-12-06 12:00:00,3.3607788
2025-12-06 13:00:00,3.0099182
2025-12-06 14:00:00,2.9083557
2025-12-06 15:00:00,2.9341125
2025-12-06 16:00:00,2.922058
2025-12-06 17:00:00,2.820282
2025-12-06 18:00:00,2.7048035
2025-12-06 19:00:00,2.563446
2025-12-06 20:00:00,2.3139343
2025-12-06 21:00:00,2.0671692
2025-12-06 22:00:00,2.6178284
2025-12-06 23:00:00,2.5171814
2025-12-07 00:00:00,2.4726868
2025-12-07 01:00:00,2.482788
2025-12-07 02:00:00,2.5157166
2025-12-07 03:00:00,2.5538025
2025-12-07 04:00:00,2.6249084
2025-12-07 05:00:00,2.6208801
2025-12-07 06:00:00,2.6710815
2025-12-07 07:00:00,2.841339
2025-12-07 08:00:00,3.13974
2025-12-07 09:00:00,3.3527527
2025-12-07 10:00:00,3.4729004
2025-12-07 11:00:00,3.4885254
2025-12-07 12:00:00,3.3736267
2025-12-07 13:00:00,3.3043518
2025-12-07 14:00:00,3.259674
2025-12-07 15:00:00,3.2632751
2025-12-07 16:00:00,3.3015137
2025-12-07 17:00:00,3.3814392
2025-12-07 18:00:00,3.469757
2025-12-07 19:00:00,3.3891602
2025-12-07 20:00:00,3.0724487
2025-12-07 21:00:00,2.6376648
2025-12-07 22:00:00,2.6689453
2025-12-07 23:00:00,2.0672913
2025-12-08 00:00:00,1.8460999
2025-12-08 01:00:00,1.9445496
2025-12-08 02:00:00,2.3397827
2025-12-08 03:00:00,2.8224792
2025-12-08 04:00:00,3.2392883
2025-12-08 05:00:00,3.507019
2025-12-08 06:00:00,3.6734009
2025-12-08 07:00:00,3.8373718
2025-12-08 08:00:00,4.006012
2025-12-08 09:00:00,4.063324
2025-12-08 10:00:00,4.245819
2025-12-08 11:00:00,4.386261
2025-12-08 12:00:00,4.167328
2025-12-08 13:00:00,4.1151123
2025-12-08 14:00:00,4.1580505
2025-12-08 15:00:00,4.570282
2025-12-08 16:00:00,5.209015
2025-12-08 17:00:00,5.1778564
2025-12-08 18:00:00,4.5363464
2025-12-08 19:00:00,4.6908875
2025-12-08 20:00:00,5.063965
2025-12-08 21:00:00,5.0909424
2025-12-08 22:00:00,5.28006
2025-12-08 23:00:00,5.0333557
2025-12-09 00:00:00,4.803833
2025-12-09 01:00:00,4.625641
2025-12-09 02:00:00,4.480011
2025-12-09 03:00:00,4.347809
2025-12-09 04:00:00,4.223114
2025-12-09 05:00:00,4.0558167
2025-12-09 06:00:00,3.9370728
2025-12-09 07:00:00,3.738922
2025-12-09 08:00:00,3.4833984
2025-12-09 09:00:00,3.2780457
2025-12-09 10:00:00,2.9031677
2025-12-09 11:00:00,2.667511
2025-12-09 12:00:00,2.434845
2025-12-09 13:00:00,2.2218933
2025-12-09 14:00:00,1.9671326
2025-12-09 15:00:00,1.7471008
2025-12-09 16:00:00,1.6700745
2025-12-09 17:00:00,1.6603394
2025-12-09 18:00:00,1.7449646
2025-12-09 19:00:00,1.9367981
2025-12-09 20:00:00,2.1164246
2025-12-09 21:00:00,2.1697083
2025-12-09 22:00:00,0.79190063
2025-12-09 23:00:00,0.7105408
2025-12-10 00:00:00,0.7677307
2025-12-10 01:00:00,0.70925903
2025-12-10 02:00:00,0.61346436
2025-12-10 03:00:00,0.73757935
2025-12-10 04:00:00,1.2575378
2025-12-10 05:00:00,2.353424
2025-12-10 06:00:00,3.2518616
2025-12-10 07:00:00,3.7425842
2025-12-10 08:00:00,4.1973877
2025-12-10 09:00:00,5.2119446
2025-12-10 10:00:00,6.2878723
2025-12-10 11:00:00,6.950226
2025-12-10 12:00:00,7.0036926
2025-12-10 13:00:00,6.7105713
2025-12-10 14:00:00,6.387848
2025-12-10 15:00:00,6.007141
2025-12-10 16:00:00,5.6247864
2025-12-10 17:00:00,5.3704834
2025-12-10 18:00:00,5.2308044
2025-12-10 19:00:00,5.182373
2025-12-10 20:00:00,5.111969
2025-12-10 21:00:00,4.995514
2025-12-10 22:00:00,5.019745
2025-12-10 23:00:00,4.9008484
2025-12-11 00:00:00,4.986603
2025-12-11 01:00:00,5.175995
2025-12-11 02:00:00,5.239502
2025-12-11 03:00:00,5.1203613
2025-12-11 04:00:00,4.8806458
2025-12-11 05:00:00,4.7392273
2025-12-11 06:00:00,4.582184
2025-12-11 07:00:00,4.473419
2025-12-11 08:00:00,4.436859
2025-12-11 09:00:00,4.4303894
2025-12-11 10:00:00,4.8302
2025-12-11 11:00:00,4.921875
2025-12-11 12:00:00,4.8940125
2025-12-11 13:00:00,5.0675964
2025-12-11 14:00:00,4.9808655
2025-12-11 15:00:00,4.896393
2025-12-11 16:00:00,4.6889343
2025-12-11 17:00:00,4.417572
2025-12-11 18:00:00,4.104889
2025-12-11 19:00:00,3.7980652
2025-12-11 20:00:00,3.346527
2025-12-11 21:00:00,2.7572021
2025-12-11 22:00:00,2.491272
2025-12-11 23:00:00,1.8815918
2025-12-12 00:00:00,1.129242
2025-12-12 01:00:00,0.5726929
2025-12-12 02:00:00,0.14544678
2025-12-12 03:00:00,-0.18844604
2025-12-12 04:00:00,-0.30996704
2025-12-12 05:00:00,-0.43771362
2025-12-12 06:00:00,-0.54281616
2025-12-12 07:00:00,-0.6369934
2025-12-12 08:00:00,-1.0144958
2025-12-12 09:00:00,-1.4115906
2025-12-12 10:00:00,-1.9554749
2025-12-12 11:00:00,-2.2102356
2025-12-12 12:00:00,-2.4078674
2025-12-12 13:00:00,-2.7184753
2025-12-12 14:00:00,-2.997406
2025-12-12 15:00:00,-3.2228394
2025-12-12 16:00:00,-3.355072
2025-12-12 17:00:00,-3.3772888
2025-12-12 18:00:00,-3.3049011
2025-12-12 19:00:00,-3.1595764
2025-12-12 20:00:00,-2.8749084
2025-12-12 21:00:00,-2.6097107
2025-12-12 22:00:00,-2.3758545
2025-12-12 23:00:00,-2.1261292
2025-12-13 00:00:00,-1.9720764
2025-12-13 01:00:00,-1.9000549
2025-12-13 02:00:00,-1.8302002
2025-12-13 03:00:00,-1.7169495
2025-12-13 04:00:00,-1.5062561
2025-12-13 05:00:00,-1.3294373
2025-12-13 06:00:00,-1.2094116
2025-12-13 07:00:00,-1.1902771
2025-12-13 08:00:00,-1.2608948
2025-12-13 09:00:00,-1.1311646
2025-12-13 10:00:00,-0.53634644
2025-12-13 11:00:00,-0.13180542
2025-12-13 12:00:00,0.22018433
2025-12-13 13:00:00,0.5376282
2025-12-13 14:00:00,1.0123291
2025-12-13 15:00:00,1.3107605
2025-12-13 16:00:00,0.9895935
2025-12-13 17:00:00,0.62893677
2025-12-13 18:00:00,0.32540894
2025-12-13 19:00:00,-0.025970459
2025-12-13 20:00:00,-0.18518066
2025-12-13 21:00:00,-0.30929565
2025-12-13 22:00:00,0.090911865
2025-12-13 23:00:00,0.39834595
2025-12-14 00:00:00,0.6287842
2025-12-14 01:00:00,0.8371887
2025-12-14 02:00:00,1.0335999
2025-12-14 03:00:00,1.054718
2025-12-14 04:00:00,1.2390442
2025-12-14 05:00:00,1.7020264
2025-12-14 06:00:00,2.1689148
2025-12-14 07:00:00,2.32547
2025-12-14 08:00:00,2.4526062
2025-12-14 09:00:00,2.728241
2025-12-14 10:00:00,3.1016235
2025-12-14 11:00:00,3.1325073
2025-12-14 12:00:00,3.1174011
2025-12-14 13:00:00,3.4109192
2025-12-14 14:00:00,3.902008
2025-12-14 15:00:00,4.366211
2025-12-14 16:00:00,4.7770996
2025-12-14 17:00:00,5.1181946
2025-12-14 18:00:00,5.197235
2025-12-14 19:00:00,5.208954
2025-12-14 20:00:00,5.157318
2025-12-14 21:00:00,5.146576
2025-12-14 22:00:00,5.928253
2025-12-14 23:00:00,5.8500977
2025-12-15 00:00:00,5.9226074
2025-12-15 01:00:00,5.957306
2025-12-15 02:00:00,5.768341
2025-12-15 03:00:00,5.601715
2025-12-15 04:00:00,5.3595886
2025-12-15 05:00:00,5.126129
2025-12-15 06:00:00,5.0087585
2025-12-15 07:00:00,4.815338
2025-12-15 08:00:00,4.373932
2025-12-15 09:00:00,4.1580505
2025-12-15 10:00:00,3.8974915
2025-12-15 11:00:00,3.9976501
2025-12-15 12:00:00,4.1176453
2025-12-15 13:00:00,4.206421
2025-12-15 14:00:00,4.2308655
2025-12-15 15:00:00,4.260803
2025-12-15 16:00:00,4.3368225
2025-12-15 17:00:00,4.441437
2025-12-15 18:00:00,4.494049
2025-12-15 19:00:00,4.530945
2025-12-15 20:00:00,4.591156
2025-12-15 21:00:00,4.681732
2025-12-15 22:00:00,4.634735
2025-12-15 23:00:00,4.5296326
2025-12-16 00:00:00,4.28891
2025-12-16 01:00:00,3.905548
2025-12-16 02:00:00,3.3814392
2025-12-16 03:00:00,2.8943481
2025-12-16 04:00:00,2.5846558
2025-12-16 05:00:00,2.4809875
2025-12-16 06:00:00,2.5905457
2025-12-16 07:00:00,2.7263184
2025-12-16 08:00:00,2.6846619
2025-12-16 09:00:00,2.4698792
2025-12-16 10:00:00,2.2574463
2025-12-16 11:00:00,2.2742004
2025-12-16 12:00:00,1.8821106
2025-12-16 13:00:00,1.5199585
2025-12-16 14:00:00,1.469696
2025-12-16 15:00:00,1.471405
2025-12-16 16:00:00,1.4543762
2025-12-16 17:00:00,1.4464417
2025-12-16 18:00:00,1.5197144
2025-12-16 19:00:00,1.7298889
2025-12-16 20:00:00,2.03891
2025-12-16 21:00:00,2.408142
2025-12-16 22:00:00,4.1679993
2025-12-16 23:00:00,4.4499207
2025-12-17 00:00:00,4.4002075
2025-12-17 01:00:00,4.71344
2025-12-17 02:00:00,5.270508
2025-12-17 03:00:00,5.708008
2025-12-17 04:00:00,5.487488
2025-12-17 05:00:00,4.152008
2025-12-17 06:00:00,4.140991
2025-12-17 07:00:00,4.68808
2025-12-17 08:00:00,5.2070007
2025-12-17 09:00:00,5.396332
2025-12-17 10:00:00,4.6493835
2025-12-17 11:00:00,4.4775085
2025-12-17 12:00:00,4.2276306
2025-12-17 13:00:00,3.8711853
2025-12-17 14:00:00,3.5178833
2025-12-17 15:00:00,3.0068665
2025-12-17 16:00:00,2.5226135
2025-12-17 17:00:00,2.3545837
2025-12-17 18:00:00,2.8678284
2025-12-17 19:00:00,3.5738525
2025-12-17 20:00:00,4.169586
2025-12-17 21:00:00,4.275421
2025-12-17 22:00:00,5.0952454
2025-12-17 23:00:00,4.9563904
2025-12-18 00:00:00,4.857147
2025-12-18 01:00:00,5.1748962
2025-12-18 02:00:00,5.4013977
2025-12-18 03:00:00,5.3372498
2025-12-18 04:00:00,5.0874634
2025-12-18 05:00:00,4.643036
2025-12-18 06:00:00,4.320038
2025-12-18 07:00:00,3.9344788
2025-12-18 08:00:00,3.2990723
2025-12-18 09:00:00,2.60849
2025-12-18 10:00:00,2.22995
2025-12-18 11:00:00,2.0081177
2025-12-18 12:00:00,2.3233337
2025-12-18 13:00:00,2.5558167
2025-12-18 14:00:00,2.509552
2025-12-18 15:00:00,2.5838928
2025-12-18 16:00:00,2.8157654
2025-12-18 17:00:00,3.2136536
2025-12-18 18:00:00,3.4726257
2025-12-18 19:00:00,3.7388916
2025-12-18 20:00:00,3.9813843
2025-12-18 21:00:00,4.021118
2025-12-18 22:00:00,4.2867126
2025-12-18 23:00:00,4.0388184
2025-12-19 00:00:00,3.839386
2025-12-19 01:00:00,3.7914734
2025-12-19 02:00:00,3.960846
2025-12-19 03:00:00,4.600769
2025-12-19 04:00:00,5.3347473
2025-12-19 05:00:00,5.334381
2025-12-19 06:00:00,4.6667786
2025-12-19 07:00:00,3.864624
2025-12-19 08:00:00,3.7252808
2025-12-19 09:00:00,3.9847107
2025-12-19 10:00:00,4.35318
2025-12-19 11:00:00,4.8955383
2025-12-19 12:00:00,5.25589
2025-12-19 13:00:00,5.751007
2025-12-19 14:00:00,5.900116
2025-12-19 15:00:00,5.6685486
2025-12-19 16:00:00,5.5069275
2025-12-19 17:00:00,5.3247375
2025-12-19 18:00:00,5.0205383
2025-12-19 19:00:00,4.7017517
2025-12-19 20:00:00,4.609894
2025-12-19 21:00:00,4.5052185
2025-12-19 22:00:00,4.209015
2025-12-19 23:00:00,3.903534
2025-12-20 00:00:00,3.6132507
2025-12-20 01:00:00,3.4142761
2025-12-20 02:00:00,3.3816223
2025-12-20 03:00:00,3.3546753
2025-12-20 04:00:00,3.347107
2025-12-20 05:00:00,3.4596863
2025-12-20 06:00:00,3.518158
2025-12-20 07:00:00,3.5966187
2025-12-20 08:00:00,3.7063904
2025-12-20 09:00:00,3.7332764
2025-12-20 10:00:00,3.7742615
2025-12-20 11:00:00,4.019165
2025-12-20 12:00:00,4.234955
2025-12-20 13:00:00,4.304352
2025-12-20 14:00:00,4.2555847
2025-12-20 15:00:00,4.105957
2025-12-20 16:00:00,3.8994446
2025-12-20 17:00:00,3.8859253
2025-12-20 18:00:00,3.8885803
2025-12-20 19:00:00,4.011139
2025-12-20 20:00:00,4.3108215
2025-12-20 21:00:00,4.47171
2025-12-20 22:00:00,4.12619
2025-12-20 23:00:00,3.7356262
2025-12-21 00:00:00,3.4875488
2025-12-21 01:00:00,3.4012756
2025-12-21 02:00:00,3.3285217
2025-12-21 03:00:00,3.270172
2025-12-21 04:00:00,3.2226868
2025-12-21 05:00:00,3.1821594
2025-12-21 06:00:00,3.1609802
2025-12-21 07:00:00,3.1054688
2025-12-21 08:00:00,2.9614563
2025-12-21 09:00:00,2.6921692
2025-12-21 10:00:00,2.5664978
2025-12-21 11:00:00,2.514862
2025-12-21 12:00:00,2.3883972
2025-12-21 13:00:00,2.157074
2025-12-21 14:00:00,1.9326477
2025-12-21 15:00:00,1.773529
2025-12-21 16:00:00,1.695343
2025-12-21 17:00:00,1.6262512
2025-12-21 18:00:00,1.7086487
2025-12-21 19:00:00,1.8846741
2025-12-21 20:00:00,2.1247864
2025-12-21 21:00:00,2.2268372
2025-12-21 22:00:00,2.3656921
2025-12-21 23:00:00,2.110199
2025-12-22 00:00:00,1.8187256
2025-12-22 01:00:00,1.5897217
2025-12-22 02:00:00,1.4048157
2025-12-22 03:00:00,1.2222595
2025-12-22 04:00:00,1.0917664
2025-12-22 05:00:00,0.7715149
2025-12-22 06:00:00,0.39334106
2025-12-22 07:00:00,0.20828247
2025-12-22 08:00:00,0.21026611
2025-12-22 09:00:00,-0.06472778
2025-12-22 10:00:00,-0.78878784
2025-12-22 11:00:00,-1.2284241
2025-12-22 12:00:00,-1.4635925
2025-12-22 13:00:00,-1.6565247
2025-12-22 14:00:00,-1.7553406
2025-12-22 15:00:00,-1.7080688
2025-12-22 16:00:00,-1.7053528
2025-12-22 17:00:00,-1.8783569
2025-12-22 18:00:00,-2.0711975
2025-12-22 19:00:00,-2.4446716
2025-12-22 20:00:00,-2.7939453
2025-12-22 21:00:00,-3.0362244
2025-12-22 22:00:00,-3.3414917
2025-12-22 23:00:00,-3.5376892
2025-12-23 00:00:00,-3.5310974
2025-12-23 01:00:00,-3.5761108
2025-12-23 02:00:00,-3.6238708
2025-12-23 03:00:00,-3.7391052
2025-12-23 04:00:00,-4.0023804
2025-12-23 05:00:00,-4.1094055
2025-12-23 06:00:00,-4.3953857
2025-12-23 07:00:00,-4.6092834
2025-12-23 08:00:00,-4.7953186
2025-12-23 09:00:00,-5.0055847
2025-12-23 10:00:00,-5.5397034
2025-12-23 11:00:00,-5.785858
2025-12-23 12:00:00,-6.0236816
2025-12-23 13:00:00,-6.1565857
2025-12-23 14:00:00,-6.276367
2025-12-23 15:00:00,-6.371063
2025-12-23 16:00:00,-6.486603
2025-12-23 17:00:00,-6.6701965
2025-12-23 18:00:00,-6.865814
2025-12-23 19:00:00,-7.0243835
2025-12-23 20:00:00,-7.158783
2025-12-23 21:00:00,-7.238678
2025-12-23 22:00:00,-7.648773
2025-12-23 23:00:00,-7.6621094
2025-12-24 00:00:00,-7.541748
2025-12-24 01:00:00,-7.2947693
2025-12-24 02:00:00,-6.571228
2025-12-24 03:00:00,-6.0463257
2025-12-24 04:00:00,-4.9525146
2025-12-24 05:00:00,-3.667694
2025-12-24 06:00:00,-2.3910217
2025-12-24 07:00:00,-1.2284241
2025-12-24 08:00:00,-0.0871582
2025-12-24 09:00:00,0.6622925
2025-12-24 10:00:00,1.6347351
2025-12-24 11:00:00,2.2740173
2025-12-24 12:00:00,2.7366638
2025-12-24 13:00:00,2.7695618
2025-12-24 14:00:00,2.6446838
2025-12-24 15:00:00,2.8791504
2025-12-24 16:00:00,3.1122131
2025-12-24 17:00:00,3.1963196
2025-12-24 18:00:00,3.2182617
2025-12-24 19:00:00,3.0936584
2025-12-24 20:00:00,3.2617493
2025-12-24 21:00:00,3.7043152
2025-12-24 22:00:00,3.7782898
2025-12-24 23:00:00,4.171234
2025-12-25 00:00:00,4.4546814
2025-12-25 01:00:00,4.752777
2025-12-25 02:00:00,4.917328
2025-12-25 03:00:00,5.0916443
2025-12-25 04:00:00,5.3576965
2025-12-25 05:00:00,5.6256104
2025-12-25 06:00:00,5.794037
2025-12-25 07:00:00,5.9598083
2025-12-25 08:00:00,6.228485
2025-12-25 09:00:00,6.3708496
2025-12-25 10:00:00,6.374359
2025-12-25 11:00:00,6.8573914
2025-12-25 12:00:00,6.6730957
2025-12-25 13:00:00,6.089569
2025-12-25 14:00:00,5.6150208
2025-12-25 15:00:00,5.268463
2025-12-25 16:00:00,5.3260193
2025-12-25 17:00:00,5.602417
2025-12-25 18:00:00,5.776886
2025-12-25 19:00:00,5.698059
2025-12-25 20:00:00,5.423126
2025-12-25 21:00:00,5.0331116
2025-12-25 22:00:00,5.2687683
2025-12-25 23:00:00,5.2483215
2025-12-26 00:00:00,5.134552
2025-12-26 01:00:00,5.190338
2025-12-26 02:00:00,5.292511
2025-12-26 03:00:00,5.325226
2025-12-26 04:00:00,5.271637
2025-12-26 05:00:00,5.2344666
2025-12-26 06:00:00,5.3622437
2025-12-26 07:00:00,6.0065002
2025-12-26 08:00:00,5.966522
2025-12-26 09:00:00,4.9786987
2025-12-26 10:00:00,5.8941345
2025-12-26 11:00:00,6.2284546
2025-12-26 12:00:00,6.4129944
2025-12-26 13:00:00,6.543915
2025-12-26 14:00:00,6.664795
2025-12-26 15:00:00,6.8367004
2025-12-26 16:00:00,7.03656
2025-12-26 17:00:00,6.912628
2025-12-26 18:00:00,6.8721313
2025-12-26 19:00:00,6.8909607
2025-12-26 20:00:00,6.8599854
2025-12-26 21:00:00,6.856415
2025-12-26 22:00:00,6.994171
2025-12-26 23:00:00,7.623932
2025-12-27 00:00:00,8.270905
2025-12-27 01:00:00,8.545197
2025-12-27 02:00:00,9.5555725
2025-12-27 03:00:00,9.333313
2025-12-27 04:00:00,7.2056274
2025-12-27 05:00:00,6.5430603
2025-12-27 06:00:00,5.727936
2025-12-27 07:00:00,3.8301086
2025-12-27 08:00:00,2.6780396
2025-12-27 09:00:00,1.5870667
2025-12-27 10:00:00,0.7035217
2025-12-27 11:00:00,0.28414917
2025-12-27 12:00:00,-0.011871338
2025-12-27 13:00:00,-0.20840454
2025-12-27 14:00:00,-0.27487183
2025-12-27 15:00:00,-0.19161987
2025-12-27 16:00:00,-0.19821167
2025-12-27 17:00:00,-0.6086426
2025-12-27 18:00:00,-1.1150818
2025-12-27 19:00:00,-1.6487122
2025-12-27 20:00:00,-2.1325989
2025-12-27 21:00:00,-2.532135
2025-12-27 22:00:00,-3.0340881
2025-12-27 23:00:00,-3.5082703
2025-12-28 00:00:00,-3.9007568
2025-12-28 01:00:00,-4.120636
2025-12-28 02:00:00,-4.065613
2025-12-28 03:00:00,-3.8796692
2025-12-28 04:00:00,-3.5486145
2025-12-28 05:00:00,-3.4481506
2025-12-28 06:00:00,-3.3243103
2025-12-28 07:00:00,-2.9789124
2025-12-28 08:00:00,-2.3301086
2025-12-28 09:00:00,-1.4563293
2025-12-28 10:00:00,-0.8213196
2025-12-28 11:00:00,-0.5560913
2025-12-28 12:00:00,-0.37234497
2025-12-28 13:00:00,0.06600952
2025-12-28 14:00:00,0.5215149
2025-12-28 15:00:00,0.80181885
2025-12-28 16:00:00,1.0494995
2025-12-28 17:00:00,1.5198059
2025-12-28 18:00:00,1.662262
2025-12-28 19:00:00,1.5954895
2025-12-28 20:00:00,1.7676392
2025-12-28 21:00:00,2.054657
2025-12-28 22:00:00,1.9682617
2025-12-28 23:00:00,2.123993
2025-12-29 00:00:00,1.5923157
2025-12-29 01:00:00,0.97824097
2025-12-29 02:00:00,0.18841553
2025-12-29 03:00:00,-0.81869507
2025-12-29 04:00:00,-1.6462708
2025-12-29 05:00:00,-2.2070312
2025-12-29 06:00:00,-2.8702087
2025-12-29 07:00:00,-3.4023743
2025-12-29 08:00:00,-3.8092346
2025-12-29 09:00:00,-4.0798035
2025-12-29 10:00:00,-5.46286
2025-12-29 11:00:00,-5.578583
2025-12-29 12:00:00,-5.6756287
2025-12-29 13:00:00,-5.672058
2025-12-29 14:00:00,-5.593506
2025-12-29 15:00:00,-5.514862
2025-12-29 16:00:00,-5.4805603
2025-12-29 17:00:00,-5.7854004
2025-12-29 18:00:00,-6.0447693
2025-12-29 19:00:00,-6.161957
2025-12-29 20:00:00,-6.174347
2025-12-29 21:00:00,-5.9737244
2025-12-29 22:00:00,-6.38797
2025-12-29 23:00:00,-6.372528
2025-12-30 00:00:00,-6.1338806
2025-12-30 01:00:00,-5.9190674
2025-12-30 02:00:00,-5.962677
2025-12-30 03:00:00,-6.146332
2025-12-30 04:00:00,-6.342621
2025-12-30 05:00:00,-6.3401184
2025-12-30 06:00:00,-6.24527
2025-12-30 07:00:00,-6.0860596
2025-12-30 08:00:00,-5.972748
2025-12-30 09:00:00,-5.9146423
2025-12-30 10:00:00,-6.2638855
2025-12-30 11:00:00,-6.0927124
2025-12-30 12:00:00,-5.9824524
2025-12-30 13:00:00,-6.0639343
2025-12-30 14:00:00,-6.3003235
2025-12-30 15:00:00,-6.4636536
2025-12-30 16:00:00,-6.698822
2025-12-30 17:00:00,-6.968231
2025-12-30 18:00:00,-7.0869446
2025-12-30 19:00:00,-7.106262
2025-12-30 20:00:00,-6.9862976
2025-12-30 21:00:00,-6.964752
2025-12-30 22:00:00,-6.5920105
2025-12-30 23:00:00,-6.1981506
2025-12-31 00:00:00,-6.056671
2025-12-31 01:00:00,-6.107147
2025-12-31 02:00:00,-6.2474976
2025-12-31 03:00:00,-6.3842163
2025-12-31 04:00:00,-6.451233
2025-12-31 05:00:00,-6.4967346
2025-12-31 06:00:00,-6.498749
2025-12-31 07:00:00,-6.449402
2025-12-31 08:00:00,-6.466217
2025-12-31 09:00:00,-6.4113464
2025-12-31 10:00:00,-5.9740295
2025-12-31 11:00:00,-5.90567
2025-12-31 12:00:00,-5.837372
2025-12-31 13:00:00,-5.8013916
2025-12-31 14:00:00,-5.889984
2025-12-31 15:00:00,-5.9632874
2025-12-31 16:00:00,-5.926239
2025-12-31 17:00:00,-5.9197083
2025-12-31 18:00:00,-5.9421387
2025-12-31 19:00:00,-5.905121
2025-12-31 20:00:00,-5.811096
2025-12-31 21:00:00,-5.861786
2025-12-31 22:00:00,-5.6067505
2025-12-31 23:00:00,-5.549591
2026-01-01 00:00:00,-5.2173157
2026-01-01 01:00:00,-4.4967957
2026-01-01 02:00:00,-3.5552673
2026-01-01 03:00:00,-2.983368
2026-01-01 04:00:00,-2.5259094
2026-01-01 05:00:00,-2.040619
2026-01-01 06:00:00,-1.7263184
2026-01-01 07:00:00,-1.6004333
2026-01-01 08:00:00,-1.4453735
2026-01-01 09:00:00,-1.254425
2026-01-01 10:00:00,-0.69711304
2026-01-01 11:00:00,-0.35247803
2026-01-01 12:00:00,-0.33877563
2026-01-01 13:00:00,-0.03878784
2026-01-01 14:00:00,0.5110779
2026-01-01 15:00:00,0.70977783
2026-01-01 16:00:00,0.6866455
2026-01-01 17:00:00,0.6947937
2026-01-01 18:00:00,0.6520691
2026-01-01 19:00:00,0.554657
2026-01-01 20:00:00,0.45040894
2026-01-01 21:00:00,0.3920288
2026-01-01 22:00:00,0.28323364
2026-01-01 23:00:00,0.26168823
2026-01-02 00:00:00,0.29211426
2026-01-02 01:00:00,0.39904785
2026-01-02 02:00:00,0.5050354
2026-01-02 03:00:00,0.51538086
2026-01-02 04:00:00,0.5002136
2026-01-02 05:00:00,0.24801636
2026-01-02 06:00:00,0.2658081
2026-01-02 07:00:00,0.09805298
2026-01-02 08:00:00,-0.24151611
2026-01-02 09:00:00,-0.45010376
2026-01-02 10:00:00,-0.9105835
2026-01-02 11:00:00,-1.2007751
2026-01-02 12:00:00,-1.5731506
2026-01-02 13:00:00,-2.0058594
2026-01-02 14:00:00,-2.431305
2026-01-02 15:00:00,-2.7834473
2026-01-02 16:00:00,-3.0096436
2026-01-02 17:00:00,-3.1146545
2026-01-02 18:00:00,-3.2541199
2026-01-02 19:00:00,-3.375824
2026-01-02 20:00:00,-3.4076233
2026-01-02 21:00:00,-3.4421692
2026-01-02 22:00:00,-4.3242493
2026-01-02 23:00:00,-3.8858948
2026-01-03 00:00:00,-3.5834045
2026-01-03 01:00:00,-3.5173035
2026-01-03 02:00:00,-3.455902
2026-01-03 03:00:00,-3.2046204
2026-01-03 04:00:00,-2.9879456
2026-01-03 05:00:00,-2.9843445
2026-01-03 06:00:00,-2.9447327
2026-01-03 07:00:00,-2.8700256
2026-01-03 08:00:00,-2.7746277
2026-01-03 09:00:00,-2.7141418
2026-01-03 10:00:00,-2.76297
2026-01-03 11:00:00,-2.5989075
2026-01-03 12:00:00,-2.5245056
2026-01-03 13:00:00,-2.5677185
2026-01-03 14:00:00,-2.7861938
2026-01-03 15:00:00,-2.8535767
2026-01-03 16:00:00,-2.9058228
2026-01-03 17:00:00,-2.9839172
2026-01-03 18:00:00,-3.2208557
2026-01-03 19:00:00,-3.411255
2026-01-03 20:00:00,-3.5386658
2026-01-03 21:00:00,-3.684082
2026-01-03 22:00:00,-3.7893066
2026-01-03 23:00:00,-4.277466
2026-01-04 00:00:00,-4.6967773
2026-01-04 01:00:00,-5.1072083
2026-01-04 02:00:00,-5.441101
2026-01-04 03:00:00,-5.808319
2026-01-04 04:00:00,-6.107544
2026-01-04 05:00:00,-6.393341
2026-01-04 06:00:00,-6.616913
2026-01-04 07:00:00,-6.8730164
2026-01-04 08:00:00,-7.216278
2026-01-04 09:00:00,-7.617584
2026-01-04 10:00:00,-8.194733
2026-01-04 11:00:00,-8.330597
2026-01-04 12:00:00,-8.442169
2026-01-04 13:00:00,-8.605255
2026-01-04 14:00:00,-8.829254
2026-01-04 15:00:00,-8.984222
2026-01-04 16:00:00,-9.05957
2026-01-04 17:00:00,-8.933502
2026-01-04 18:00:00,-8.898621
2026-01-04 19:00:00,-8.900909
2026-01-04 20:00:00,-8.790192
2026-01-04 21:00:00,-8.700745
2026-01-04 22:00:00,-8.348663
2026-01-04 23:00:00,-8.566437
2026-01-05 00:00:00,-8.641815
2026-01-05 01:00:00,-8.393829
2026-01-05 02:00:00,-8.312805
2026-01-05 03:00:00,-8.33255
2026-01-05 04:00:00,-8.379944
2026-01-05 05:00:00,-8.363617
2026-01-05 06:00:00,-8.482513
2026-01-05 07:00:00,-8.572418
2026-01-05 08:00:00,-8.498993
2026-01-05 09:00:00,-8.159515
2026-01-05 10:00:00,-8.383942
2026-01-05 11:00:00,-8.058472
2026-01-05 12:00:00,-7.7184143
2026-01-05 13:00:00,-7.339752
2026-01-05 14:00:00,-6.9500427
2026-01-05 15:00:00,-6.623047
2026-01-05 16:00:00,-6.3437805
2026-01-05 17:00:00,-6.189911
2026-01-05 18:00:00,-5.960602
2026-01-05 19:00:00,-5.7256165
2026-01-05 20:00:00,-5.433441
2026-01-05 21:00:00,-5.094513
2026-01-05 22:00:00,-4.599701
2026-01-05 23:00:00,-4.327606
2026-01-06 00:00:00,-4.0533752
2026-01-06 01:00:00,-3.8563538
2026-01-06 02:00:00,-3.7878113
2026-01-06 03:00:00,-3.651886
2026-01-06 04:00:00,-3.6132507
2026-01-06 05:00:00,-3.4690247
2026-01-06 06:00:00,-3.3077087
2026-01-06 07:00:00,-3.2471619
2026-01-06 08:00:00,-3.3497314
2026-01-06 09:00:00,-3.4325256
2026-01-06 10:00:00,-3.197113
2026-01-06 11:00:00,-3.2047424
2026-01-06 12:00:00,-3.2014465
2026-01-06 13:00:00,-3.1004028
2026-01-06 14:00:00,-3.0457764
2026-01-06 15:00:00,-2.9214172
2026-01-06 16:00:00,-2.8356628
2026-01-06 17:00:00,-3.0046997
2026-01-06 18:00:00,-3.2101746
2026-01-06 19:00:00,-3.239563
2026-01-06 20:00:00,-3.4682007
2026-01-06 21:00:00,-3.8124084
2026-01-06 22:00:00,-3.763031
2026-01-06 23:00:00,-3.893158
2026-01-07 00:00:00,-3.8026428
2026-01-07 01:00:00,-3.8039856
2026-01-07 02:00:00,-3.8041077
2026-01-07 03:00:00,-3.7328491
2026-01-07 04:00:00,-3.7137146
2026-01-07 05:00:00,-3.9095154
2026-01-07 06:00:00,-4.189972
2026-01-07 07:00:00,-4.6550293
2026-01-07 08:00:00,-5.056549
2026-01-07 09:00:00,-5.333679
2026-01-07 10:00:00,-5.4931335
2026-01-07 11:00:00,-5.8995056
2026-01-07 12:00:00,-6.2409973
2026-01-07 13:00:00,-6.415741
2026-01-07 14:00:00,-6.250061
2026-01-07 15:00:00,-5.6698914
2026-01-07 16:00:00,-5.0441284
2026-01-07 17:00:00,-4.576416
2026-01-07 18:00:00,-4.2268677
2026-01-07 19:00:00,-3.9475403
2026-01-07 20:00:00,-3.418457
2026-01-07 21:00:00,-3.2156677
2026-01-07 22:00:00,-3.1078491
2026-01-07 23:00:00,-3.1755066
2026-01-08 00:00:00,-3.2321777
2026-01-08 01:00:00,-3.2467957
2026-01-08 02:00:00,-3.3262024
2026-01-08 03:00:00,-3.3580017
2026-01-08 04:00:00,-3.3050232
2026-01-08 05:00:00,-3.4449158
2026-01-08 06:00:00,-3.6080017
2026-01-08 07:00:00,-3.6133728
2026-01-08 08:00:00,-3.5813904
2026-01-08 09:00:00,-3.5660706
2026-01-08 10:00:00,-3.9047546
2026-01-08 11:00:00,-3.7547302
2026-01-08 12:00:00,-3.6437683
2026-01-08 13:00:00,-3.548523
2026-01-08 14:00:00,-3.5057983
2026-01-08 15:00:00,-3.6695251
2026-01-08 16:00:00,-3.8060608
2026-01-08 17:00:00,-3.941986
2026-01-08 18:00:00,-4.2423706
2026-01-08 19:00:00,-4.48584
2026-01-08 20:00:00,-4.676056
2026-01-08 21:00:00,-4.990082
2026-01-08 22:00:00,-4.3647766
2026-01-08 23:00:00,-4.955841
2026-01-09 00:00:00,-5.467926
2026-01-09 01:00:00,-5.9315796
2026-01-09 02:00:00,-6.305023
2026-01-09 03:00:00,-6.5998535
2026-01-09 04:00:00,-6.667328
2026-01-09 05:00:00,-6.647644
2026-01-09 06:00:00,-6.5766907
2026-01-09 07:00:00,-6.613434
2026-01-09 08:00:00,-6.6571045
2026-01-09 09:00:00,-6.8146057
2026-01-09 10:00:00,-7.374176
2026-01-09 11:00:00,-7.4092712
2026-01-09 12:00:00,-7.24234
2026-01-09 13:00:00,-7.1401978
2026-01-09 14:00:00,-7.3007507
2026-01-09 15:00:00,-7.743988
2026-01-09 16:00:00,-8.141327
2026-01-09 17:00:00,-8.434204
2026-01-09 18:00:00,-8.620453
2026-01-09 19:00:00,-8.565765
2026-01-09 20:00:00,-8.154144
2026-01-09 21:00:00,-7.468445
2026-01-09 22:00:00,-7.2544556
2026-01-09 23:00:00,-6.9739685
2026-01-10 00:00:00,-6.7391663
2026-01-10 01:00:00,-6.647003
2026-01-10 02:00:00,-6.8259583
2026-01-10 03:00:00,-7.207306
2026-01-10 04:00:00,-7.348358
2026-01-10 05:00:00,-7.523712
2026-01-10 06:00:00,-7.474121
2026-01-10 07:00:00,-7.263214
2026-01-10 08:00:00,-7.174835
2026-01-10 09:00:00,-7.2083435
2026-01-10 10:00:00,-7.759796
2026-01-10 11:00:00,-7.7447815
2026-01-10 12:00:00,-7.6166077
2026-01-10 13:00:00,-7.4325256
2026-01-10 14:00:00,-7.2978516
2026-01-10 15:00:00,-7.2451477
2026-01-10 16:00:00,-7.1490173
2026-01-10 17:00:00,-7.0267334
2026-01-10 18:00:00,-7.0246277
2026-01-10 19:00:00,-7.087982
2026-01-10 20:00:00,-7.040985
2026-01-10 21:00:00,-6.9399414
2026-01-10 22:00:00,-5.816498
2026-01-10 23:00:00,-6.2452393
2026-01-11 00:00:00,-6.4815063
2026-01-11 01:00:00,-6.5395813
2026-01-11 02:00:00,-6.4897156
2026-01-11 03:00:00,-6.365326
2026-01-11 04:00:00,-6.2617493
2026-01-11 05:00:00,-6.246521
2026-01-11 06:00:00,-6.281311
2026-01-11 07:00:00,-6.3441467
2026-01-11 08:00:00,-6.484619
2026-01-11 09:00:00,-6.714508
2026-01-11 10:00:00,-6.6600037
2026-01-11 11:00:00,-6.7567444
2026-01-11 12:00:00,-6.7585144
2026-01-11 13:00:00,-6.7093506
2026-01-11 14:00:00,-6.694977
2026-01-11 15:00:00,-6.770172
2026-01-11 16:00:00,-6.850586
2026-01-11 17:00:00,-6.950653
2026-01-11 18:00:00,-7.0574036
2026-01-11 19:00:00,-7.235565
2026-01-11 20:00:00,-7.386841
2026-01-11 21:00:00,-7.532196
2026-01-11 22:00:00,-7.392975
2026-01-11 23:00:00,-7.444153
2026-01-12 00:00:00,-7.5013733
2026-01-12 01:00:00,-7.5576477
2026-01-12 02:00:00,-7.5621643
2026-01-12 03:00:00,-7.614441
2026-01-12 04:00:00,-7.6778564
2026-01-12 05:00:00,-7.772522
2026-01-12 06:00:00,-7.7723694
2026-01-12 07:00:00,-7.641876
2026-01-12 08:00:00,-7.3749084
2026-01-12 09:00:00,-7.0576477
2026-01-12 10:00:00,-7.207306
2026-01-12 11:00:00,-6.7501526
2026-01-12 12:00:00,-6.2408752
2026-01-12 13:00:00,-5.8415833
2026-01-12 14:00:00,-5.7061462
2026-01-12 15:00:00,-5.645447
2026-01-12 16:00:00,-5.624542
2026-01-12 17:00:00,-5.7271423
2026-01-12 18:00:00,-5.948395
2026-01-12 19:00:00,-6.1330566
2026-01-12 20:00:00,-6.1940613
2026-01-12 21:00:00,-6.1496277
2026-01-12 22:00:00,-5.1235657
2026-01-12 23:00:00,-5.083954
2026-01-13 00:00:00,-5.0655212
2026-01-13 01:00:00,-5.019928
2026-01-13 02:00:00,-4.981659
2026-01-13 03:00:00,-4.9336853
2026-01-13 04:00:00,-4.9614563
2026-01-13 05:00:00,-4.960968
2026-01-13 06:00:00,-4.954193
2026-01-13 07:00:00,-4.9422913
2026-01-13 08:00:00,-4.899933
2026-01-13 09:00:00,-4.877655
2026-01-13 10:00:00,-4.649872
2026-01-13 11:00:00,-4.7467957
2026-01-13 12:00:00,-4.718231
2026-01-13 13:00:00,-4.6427307
2026-01-13 14:00:00,-4.519226
2026-01-13 15:00:00,-4.3407288
2026-01-13 16:00:00,-4.212372
2026-01-13 17:00:00,-3.9610596
2026-01-13 18:00:00,-3.722931
2026-01-13 19:00:00,-3.5638123
2026-01-13 20:00:00,-3.3900452
2026-01-13 21:00:00,-3.2662048
2026-01-13 22:00:00,-3.386383
2026-01-13 23:00:00,-3.5255432
2026-01-14 00:00:00,-3.6471863
2026-01-14 01:00:00,-3.8750916
2026-01-14 02:00:00,-4.0760803
2026-01-14 03:00:00,-4.1644897
2026-01-14 04:00:00,-4.1245117
2026-01-14 05:00:00,-3.9133606
2026-01-14 06:00:00,-3.6157532
2026-01-14 07:00:00,-3.302887
2026-01-14 08:00:00,-3.1847534
2026-01-14 09:00:00,-3.1368713
2026-01-14 10:00:00,-2.7161255
2026-01-14 11:00:00,-2.5647278
2026-01-14 12:00:00,-2.4222717
2026-01-14 13:00:00,-2.210907
2026-01-14 14:00:00,-1.9837952
2026-01-14 15:00:00,-1.8452454
2026-01-14 16:00:00,-1.7785339
2026-01-14 17:00:00,-1.793457
2026-01-14 18:00:00,-1.7797546
2026-01-14 19:00:00,-1.6551208
2026-01-14 20:00:00,-1.3351135
2026-01-14 21:00:00,-0.88583374
2026-01-14 22:00:00,-0.52838135
2026-01-14 23:00:00,-0.99624634
2026-01-15 00:00:00,-1.3621521
2026-01-15 01:00:00,-1.4955139
2026-01-15 02:00:00,-1.6443787
2026-01-15 03:00:00,-1.915863
2026-01-15 04:00:00,-2.3683777
2026-01-15 05:00:00,-2.8155212
2026-01-15 06:00:00,-3.082428
2026-01-15 07:00:00,-2.788086
2026-01-15 08:00:00,-2.8148499
2026-01-15 09:00:00,-2.5418396
2026-01-15 10:00:00,-1.855011
2026-01-15 11:00:00,-1.5291748
2026-01-15 12:00:00,-1.1262817
2026-01-15 13:00:00,-0.8161316
2026-01-15 14:00:00,-0.5436096
2026-01-15 15:00:00,-0.43859863
2026-01-15 16:00:00,-0.42733765
2026-01-15 17:00:00,-0.67648315
2026-01-15 18:00:00,-1.1772766
2026-01-15 19:00:00,-1.6661072
2026-01-15 20:00:00,-1.612854
2026-01-15 21:00:00,-1.2571411
2026-01-15 22:00:00,-1.3726501
2026-01-15 23:00:00,-1.216217
2026-01-16 00:00:00,-1.0940857
2026-01-16 01:00:00,-1.0126648
2026-01-16 02:00:00,-1.025238
2026-01-16 03:00:00,-1.2123718
2026-01-16 04:00:00,-1.2124329
2026-01-16 05:00:00,-1.0002441
2026-01-16 06:00:00,-0.4833374
2026-01-16 07:00:00,-0.10397339
2026-01-16 08:00:00,-0.221344
2026-01-16 09:00:00,-0.13015747
2026-01-16 10:00:00,-0.57559204
2026-01-16 11:00:00,-0.54696655
2026-01-16 12:00:00,-0.39389038
2026-01-16 13:00:00,-0.40853882
2026-01-16 14:00:00,-0.3866577
2026-01-16 15:00:00,-0.16235352
2026-01-16 16:00:00,-0.13760376
2026-01-16 17:00:00,-0.16009521
2026-01-16 18:00:00,-0.10147095
2026-01-16 19:00:00,-0.10888672
2026-01-16 20:00:00,-0.031585693
2026-01-16 21:00:00,0.26101685
2026-01-16 22:00:00,-0.20065308
2026-01-16 23:00:00,0.23239136
2026-01-17 00:00:00,0.86065674
2026-01-17 01:00:00,1.1324463
2026-01-17 02:00:00,0.9665222
2026-01-17 03:00:00,0.47457886
2026-01-17 04:00:00,0.2170105
2026-01-17 05:00:00,0.13607788
2026-01-17 06:00:00,0.28152466
2026-01-17 07:00:00,0.4815979
2026-01-17 08:00:00,0.5302429
2026-01-17 09:00:00,0.44491577
2026-01-17 10:00:00,1.07547
2026-01-17 11:00:00,0.9153137
2026-01-17 12:00:00,0.76797485
2026-01-17 13:00:00,0.62857056
2026-01-17 14:00:00,0.46331787
2026-01-17 15:00:00,0.34552002
2026-01-17 16:00:00,0.1956482
2026-01-17 17:00:00,0.109680176
2026-01-17 18:00:00,0.0440979
2026-01-17 19:00:00,-0.16726685
2026-01-17 20:00:00,-0.34127808
2026-01-17 21:00:00,-0.5225525
2026-01-17 22:00:00,-0.4382019
2026-01-17 23:00:00,-0.5851135
2026-01-18 00:00:00,-0.76516724
2026-01-18 01:00:00,-0.8453064
2026-01-18 02:00:00,-1.1705017
2026-01-18 03:00:00,-1.5762024
2026-01-18 04:00:00,-1.7712402
2026-01-18 05:00:00,-1.8429871
2026-01-18 06:00:00,-1.976654
2026-01-18 07:00:00,-2.0342712
2026-01-18 08:00:00,-1.9623108
2026-01-18 09:00:00,-1.9170837
2026-01-18 10:00:00,-0.41333008
2026-01-18 11:00:00,-0.1972351
2026-01-18 12:00:00,0.21029663
2026-01-18 13:00:00,0.644928
2026-01-18 14:00:00,0.8976135
2026-01-18 15:00:00,0.97006226
2026-01-18 16:00:00,1.0917053
2026-01-18 17:00:00,1.3208923
2026-01-18 18:00:00,1.563385
2026-01-18 19:00:00,1.7835083
2026-01-18 20:00:00,2.0247803
2026-01-18 21:00:00,2.0827637
2026-01-18 22:00:00,2.8108826
2026-01-18 23:00:00,2.8237
2026-01-19 00:00:00,2.644104
2026-01-19 01:00:00,2.457428
2026-01-19 02:00:00,2.7293396
2026-01-19 03:00:00,3.0197144
2026-01-19 04:00:00,2.9209595
2026-01-19 05:00:00,2.9367676
2026-01-19 06:00:00,3.0272217
2026-01-19 07:00:00,3.2740784
2026-01-19 08:00:00,3.5604248
2026-01-19 09:00:00,3.6800842
2026-01-19 10:00:00,4.6897583
2026-01-19 11:00:00,5.005707
2026-01-19 12:00:00,5.005066
2026-01-19 13:00:00,4.5976257
2026-01-19 14:00:00,4.617279
2026-01-19 15:00:00,4.80719
2026-01-19 16:00:00,4.69104
2026-01-19 17:00:00,4.3114624
2026-01-19 18:00:00,3.7053833
2026-01-19 19:00:00,2.7627258
2026-01-19 20:00:00,2.557251
2026-01-19 21:00:00,2.736908
2026-01-19 22:00:00,3.5165405
2026-01-19 23:00:00,3.4225159
2026-01-20 00:00:00,3.2346497
2026-01-20 01:00:00,2.5346985
2026-01-20 02:00:00,2.183197
2026-01-20 03:00:00,2.2045593
2026-01-20 04:00:00,2.2556458
2026-01-20 05:00:00,1.9500732
2026-01-20 06:00:00,1.4352112
2026-01-20 07:00:00,1.1176453
2026-01-20 08:00:00,0.648407
2026-01-20 09:00:00,-0.6013489
2026-01-20 10:00:00,-2.1620178
2026-01-20 11:00:00,-2.8840027
2026-01-20 12:00:00,-3.7325745
2026-01-20 13:00:00,-4.1762085
2026-01-20 14:00:00,-4.464386
2026-01-20 15:00:00,-4.787506
2026-01-20 16:00:00,-5.079193
2026-01-20 17:00:00,-5.294342
2026-01-20 18:00:00,-5.3313293
2026-01-20 19:00:00,-5.1297913
2026-01-20 20:00:00,-4.81839
2026-01-20 21:00:00,-4.60141
2026-01-20 22:00:00,-4.175415
2026-01-20 23:00:00,-3.8941345
2026-01-21 00:00:00,-3.7767944
2026-01-21 01:00:00,-3.7013855
2026-01-21 02:00:00,-3.8431702
2026-01-21 03:00:00,-4.1120605
2026-01-21 04:00:00,-4.4928894
2026-01-21 05:00:00,-5.0054626
2026-01-21 06:00:00,-5.4685974
2026-01-21 07:00:00,-5.719879
2026-01-21 08:00:00,-5.5865173
2026-01-21 09:00:00,-5.269745
2026-01-21 10:00:00,-4.6454773
2026-01-21 11:00:00,-4.3451843
2026-01-21 12:00:00,-4.1803894
2026-01-21 13:00:00,-4.0606995
2026-01-21 14:00:00,-4.052887
2026-01-21 15:00:00,-4.1147156
2026-01-21 16:00:00,-4.1147766
2026-01-21 17:00:00,-4.070984
2026-01-21 18:00:00,-4.0451355
2026-01-21 19:00:00,-4.1853943
2026-01-21 20:00:00,-4.3444214
2026-01-21 21:00:00,-4.582489
2026-01-21 22:00:00,-5.0201416
2026-01-21 23:00:00,-5.093109
2026-01-22 00:00:00,-5.1880493
2026-01-22 01:00:00,-5.3371277
2026-01-22 02:00:00,-5.600952
2026-01-22 03:00:00,-5.9220276
2026-01-22 04:00:00,-6.16922
2026-01-22 05:00:00,-6.3874817
2026-01-22 06:00:00,-6.6114807
2026-01-22 07:00:00,-6.8194885
2026-01-22 08:00:00,-6.9843445
2026-01-22 09:00:00,-7.162628
2026-01-22 10:00:00,-7.5697937
2026-01-22 11:00:00,-7.774597
2026-01-22 12:00:00,-7.837433
2026-01-22 13:00:00,-7.9493103
2026-01-22 14:00:00,-7.952362
2026-01-22 15:00:00,-7.8784485
2026-01-22 16:00:00,-7.8426514
2026-01-22 17:00:00,-7.805908
2026-01-22 18:00:00,-7.8016663
2026-01-22 19:00:00,-7.7951355
2026-01-22 20:00:00,-7.799835
2026-01-22 21:00:00,-7.830414
2026-01-22 22:00:00,-7.9111023
2026-01-22 23:00:00,-8.000458
2026-01-23 00:00:00,-8.056641
2026-01-23 01:00:00,-8.081024
2026-01-23 02:00:00,-8.005585
2026-01-23 03:00:00,-7.926544
2026-01-23 04:00:00,-7.794586
2026-01-23 05:00:00,-7.6109924
2026-01-23 06:00:00,-7.453705
2026-01-23 07:00:00,-7.3279724
2026-01-23 08:00:00,-7.3056335
2026-01-23 09:00:00,-7.341278
2026-01-23 10:00:00,-8.052429
2026-01-23 11:00:00,-7.962738
2026-01-23 12:00:00,-7.8236694
2026-01-23 13:00:00,-7.839691
2026-01-23 14:00:00,-7.8875427
2026-01-23 15:00:00,-7.920807
2026-01-23 16:00:00,-7.953888
2026-01-23 17:00:00,-8.004974
2026-01-23 18:00:00,-8.081085
2026-01-23 19:00:00,-8.161713
2026-01-23 20:00:00,-8.211761
2026-01-23 21:00:00,-8.243225
2026-01-23 22:00:00,-7.942108
2026-01-23 23:00:00,-8.023285
2026-01-24 00:00:00,-7.947632
2026-01-24 01:00:00,-7.8525085
2026-01-24 02:00:00,-7.710327
2026-01-24 03:00:00,-7.5540466
2026-01-24 04:00:00,-7.4351196
2026-01-24 05:00:00,-7.3406067
2026-01-24 06:00:00,-7.2642517
2026-01-24 07:00:00,-7.2442627
2026-01-24 08:00:00,-7.2728577
2026-01-24 09:00:00,-7.3023987
2026-01-24 10:00:00,-7.0698547
2026-01-24 11:00:00,-7.1858826
2026-01-24 12:00:00,-7.2028503
2026-01-24 13:00:00,-7.2453613
2026-01-24 14:00:00,-7.3044434
2026-01-24 15:00:00,-7.394745
2026-01-24 16:00:00,-7.500885
2026-01-24 17:00:00,-7.5938416
2026-01-24 18:00:00,-7.696808
2026-01-24 19:00:00,-7.772705
2026-01-24 20:00:00,-7.832367
2026-01-24 21:00:00,-7.877533
2026-01-24 22:00:00,-7.8217773
2026-01-24 23:00:00,-7.8835754
2026-01-25 00:00:00,-7.8806458
2026-01-25 01:00:00,-7.8638
2026-01-25 02:00:00,-7.8682556
2026-01-25 03:00:00,-7.87265
2026-01-25 04:00:00,-7.880829
2026-01-25 05:00:00,-7.8989563
2026-01-25 06:00:00,-7.914215
2026-01-25 07:00:00,-7.914093
2026-01-25 08:00:00,-7.899811
2026-01-25 09:00:00,-7.8395386
2026-01-25 10:00:00,-7.8815613
2026-01-25 11:00:00,-7.568939
2026-01-25 12:00:00,-7.429718
2026-01-25 13:00:00,-7.273041
2026-01-25 14:00:00,-7.137909
2026-01-25 15:00:00,-6.943451
2026-01-25 16:00:00,-6.762268
2026-01-25 17:00:00,-6.5764465
2026-01-25 18:00:00,-6.436493
2026-01-25 19:00:00,-6.31723
2026-01-25 20:00:00,-6.2812195
2026-01-25 21:00:00,-6.249054
2026-01-25 22:00:00,-5.3819885
2026-01-25 23:00:00,-5.2766724
2026-01-26 00:00:00,-5.244934
2026-01-26 01:00:00,-5.2242737
2026-01-26 02:00:00,-5.228485
2026-01-26 03:00:00,-5.3401184
2026-01-26 04:00:00,-5.48349
2026-01-26 05:00:00,-5.6430054
2026-01-26 06:00:00,-5.755005
2026-01-26 07:00:00,-6.042328
2026-01-26 08:00:00,-6.379822
2026-01-26 09:00:00,-6.614563
2026-01-26 10:00:00,-6.917145
2026-01-26 11:00:00,-6.961029
2026-01-26 12:00:00,-7.0658875
2026-01-26 13:00:00,-7.3458557
2026-01-26 14:00:00,-7.7416687
2026-01-26 15:00:00,-7.999298
2026-01-26 16:00:00,-7.785797
2026-01-26 17:00:00,-7.4716187
2026-01-26 18:00:00,-7.0953674
2026-01-26 19:00:00,-6.910431
2026-01-26 20:00:00,-6.648407
2026-01-26 21:00:00,-6.4618225
2026-01-26 22:00:00,-6.267761
2026-01-26 23:00:00,-6.375885
2026-01-27 00:00:00,-6.636444
2026-01-27 01:00:00,-6.906555
2026-01-27 02:00:00,-7.168396
2026-01-27 03:00:00,-7.4502563
2026-01-27 04:00:00,-7.609955
2026-01-27 05:00:00,-7.7184143
2026-01-27 06:00:00,-7.7933655
2026-01-27 07:00:00,-7.854889
2026-01-27 08:00:00,-7.8384705
2026-01-27 09:00:00,-7.7950745
2026-01-27 10:00:00,-8.634918
2026-01-27 11:00:00,-8.654236
2026-01-27 12:00:00,-8.680115
2026-01-27 13:00:00,-8.665314
2026-01-27 14:00:00,-8.625305
2026-01-27 15:00:00,-8.668304
2026-01-27 16:00:00,-8.6633
2026-01-27 17:00:00,-8.6840515
2026-01-27 18:00:00,-8.655914
2026-01-27 19:00:00,-8.555695
2026-01-27 20:00:00,-8.537018
2026-01-27 21:00:00,-8.488007
2026-01-27 22:00:00,-8.183685
2026-01-27 23:00:00,-7.9515686
2026-01-28 00:00:00,-7.772003
2026-01-28 01:00:00,-7.563263
2026-01-28 02:00:00,-7.3814087
2026-01-28 03:00:00,-7.3130493
2026-01-28 04:00:00,-7.2782288
2026-01-28 05:00:00,-7.219116
2026-01-28 06:00:00,-7.318054
2026-01-28 07:00:00,-7.491394
2026-01-28 08:00:00,-7.6412354
2026-01-28 09:00:00,-7.8262634
2026-01-28 10:00:00,-8.111725
2026-01-28 11:00:00,-8.093842
2026-01-28 12:00:00,-8.103119
2026-01-28 13:00:00,-8.228607
2026-01-28 14:00:00,-8.48233
2026-01-28 15:00:00,-8.693573
2026-01-28 16:00:00,-8.861603
2026-01-28 17:00:00,-8.973755
2026-01-28 18:00:00,-9.084473
2026-01-28 19:00:00,-9.164276
2026-01-28 20:00:00,-9.25058
2026-01-28 21:00:00,-9.28775
2026-01-28 22:00:00,-8.656158
2026-01-28 23:00:00,-8.664825
2026-01-29 00:00:00,-8.536743
2026-01-29 01:00:00,-8.419098
2026-01-29 02:00:00,-8.324432
2026-01-29 03:00:00,-8.316589
2026-01-29 04:00:00,-8.291901
2026-01-29 05:00:00,-8.1828
2026-01-29 06:00:00,-8.105133
2026-01-29 07:00:00,-8.082001
2026-01-29 08:00:00,-8.054474
2026-01-29 09:00:00,-8.044861
2026-01-29 10:00:00,-8.103363
2026-01-29 11:00:00,-8.1067505
2026-01-29 12:00:00,-8.116028
2026-01-29 13:00:00,-8.269043
2026-01-29 14:00:00,-8.502655
2026-01-29 15:00:00,-8.688751
2026-01-29 16:00:00,-8.747986
2026-01-29 17:00:00,-8.7500305
2026-01-29 18:00:00,-8.79715
2026-01-29 19:00:00,-8.783417
2026-01-29 20:00:00,-8.744415
2026-01-29 21:00:00,-8.681946
2026-01-29 22:00:00,-8.291779
2026-01-29 23:00:00,-8.374847
2026-01-30 00:00:00,-8.542206
2026-01-30 01:00:00,-8.652069
2026-01-30 02:00:00,-8.748199
2026-01-30 03:00:00,-8.78479
2026-01-30 04:00:00,-8.752716
2026-01-30 05:00:00,-8.732788
2026-01-30 06:00:00,-8.776337
2026-01-30 07:00:00,-8.859589
2026-01-30 08:00:00,-8.950653
2026-01-30 09:00:00,-9.020782
2026-01-30 10:00:00,-8.933197
2026-01-30 11:00:00,-8.865814
2026-01-30 12:00:00,-8.825409
2026-01-30 13:00:00,-8.797821
2026-01-30 14:00:00,-8.806427
2026-01-30 15:00:00,-8.808472
2026-01-30 16:00:00,-8.805695
2026-01-30 17:00:00,-8.789276
2026-01-30 18:00:00,-8.74469
2026-01-30 19:00:00,-8.643341
2026-01-30 20:00:00,-8.5867
2026-01-30 21:00:00,-8.51532
2026-01-30 22:00:00,-8.032349
2026-01-30 23:00:00,-7.9552307
2026-01-31 00:00:00,-7.844879
2026-01-31 01:00:00,-7.7845154
2026-01-31 02:00:00,-7.7832336
2026-01-31 03:00:00,-7.838318
2026-01-31 04:00:00,-7.886261
2026-01-31 05:00:00,-7.943207
2026-01-31 06:00:00,-8.025513
2026-01-31 07:00:00,-8.155975
2026-01-31 08:00:00,-8.357483
2026-01-31 09:00:00,-8.522522
2026-01-31 10:00:00,-7.942108
2026-01-31 11:00:00,-7.9816895
2026-01-31 12:00:00,-8.169403
2026-01-31 13:00:00,-8.434631
2026-01-31 14:00:00,-8.799042
2026-01-31 15:00:00,-9.1475525
2026-01-31 16:00:00,-9.545532
2026-01-31 17:00:00,-9.85968
2026-01-31 18:00:00,-10.146454
2026-01-31 19:00:00,-10.341736
2026-01-31 20:00:00,-10.5937195
2026-01-31 21:00:00,-10.808258
2026-01-31 22:00:00,-10.636505
2026-01-31 23:00:00,-10.692841
2026-02-01 00:00:00,-10.561615
2026-02-01 01:00:00,-10.397125
2026-02-01 02:00:00,-10.132904
2026-02-01 03:00:00,-9.945251
2026-02-01 04:00:00,-9.838898
2026-02-01 05:00:00,-9.85379
2026-02-01 06:00:00,-9.926361
2026-02-01 07:00:00,-10.035492
2026-02-01 08:00:00,-10.159058
2026-02-01 09:00:00,-10.290405
2026-02-01 10:00:00,-10.583405
2026-02-01 11:00:00,-10.733063
2026-02-01 12:00:00,-10.865112
2026-02-01 13:00:00,-10.984894
2026-02-01 14:00:00,-11.121307
2026-02-01 15:00:00,-11.22757
2026-02-01 16:00:00,-11.280182
2026-02-01 17:00:00,-11.385834
2026-02-01 18:00:00,-11.486938
2026-02-01 19:00:00,-11.508209
2026-02-01 20:00:00,-11.500275
2026-02-01 21:00:00,-11.491333
2026-02-01 22:00:00,-11.346344
2026-02-01 23:00:00,-11.420258
2026-02-02 00:00:00,-11.45993
2026-02-02 01:00:00,-11.459869
2026-02-02 02:00:00,-11.470398
2026-02-02 03:00:00,-11.508057
2026-02-02 04:00:00,-11.539124
2026-02-02 05:00:00,-11.547516
2026-02-02 06:00:00,-11.5555725
2026-02-02 07:00:00,-11.569153
2026-02-02 08:00:00,-11.546967
2026-02-02 09:00:00,-11.395233
2026-02-02 10:00:00,-11.686005
2026-02-02 11:00:00,-11.478546
2026-02-02 12:00:00,-11.216583
2026-02-02 13:00:00,-11.007599
2026-02-02 14:00:00,-10.819611
2026-02-02 15:00:00,-10.675079
2026-02-02 16:00:00,-10.533203
2026-02-02 17:00:00,-10.388153
2026-02-02 18:00:00,-10.285492
2026-02-02 19:00:00,-10.211517
2026-02-02 20:00:00,-10.14389
2026-02-02 21:00:00,-10.079956
2026-02-02 22:00:00,-10.423096
2026-02-02 23:00:00,-10.471771
2026-02-03 00:00:00,-10.551788
2026-02-03 01:00:00,-10.640411
2026-02-03 02:00:00,-10.740631
2026-02-03 03:00:00,-10.78183
2026-02-03 04:00:00,-10.826813
2026-02-03 05:00:00,-10.919525
2026-02-03 06:00:00,-10.878082
2026-02-03 07:00:00,-10.755707
2026-02-03 08:00:00,-10.60199
2026-02-03 09:00:00,-10.4635315
2026-02-03 10:00:00,-10.896027
2026-02-03 11:00:00,-10.767578
2026-02-03 12:00:00,-10.743866
2026-02-03 13:00:00,-10.734589
2026-02-03 14:00:00,-10.680756
2026-02-03 15:00:00,-10.5416565
2026-02-03 16:00:00,-10.347382
2026-02-03 17:00:00,-10.200623
2026-02-03 18:00:00,-10.067871
2026-02-03 19:00:00,-9.907318
2026-02-03 20:00:00,-9.758545
2026-02-03 21:00:00,-9.702362
2026-02-03 22:00:00,-9.701691
2026-02-03 23:00:00,-9.614227
2026-02-04 00:00:00,-9.615997
2026-02-04 01:00:00,-9.613617
2026-02-04 02:00:00,-9.646759
2026-02-04 03:00:00,-9.710205
2026-02-04 04:00:00,-9.772919
2026-02-04 05:00:00,-9.818085
2026-02-04 06:00:00,-9.899261
2026-02-04 07:00:00,-9.990021
2026-02-04 08:00:00,-10.078033
2026-02-04 09:00:00,-10.18222
2026-02-04 10:00:00,-10.423492
2026-02-04 11:00:00,-10.596893
2026-02-04 12:00:00,-10.58667
2026-02-04 13:00:00,-10.555695
2026-02-04 14:00:00,-10.509674
2026-02-04 15:00:00,-10.441986
2026-02-04 16:00:00,-10.37973
2026-02-04 17:00:00,-10.320099
2026-02-04 18:00:00,-10.208069
2026-02-04 19:00:00,-9.976776
2026-02-04 20:00:00,-9.6753845
2026-02-04 21:00:00,-9.3411255
2026-02-04 22:00:00,-9.799286
2026-02-04 23:00:00,-9.603241
2026-02-05 00:00:00,-9.519196
2026-02-05 01:00:00,-9.5177
2026-02-05 02:00:00,-9.5902405
2026-02-05 03:00:00,-9.710663
2026-02-05 04:00:00,-9.838379
2026-02-05 05:00:00,-9.912506
2026-02-05 06:00:00,-9.954559
2026-02-05 07:00:00,-9.889801
2026-02-05 08:00:00,-9.8229065
2026-02-05 09:00:00,-9.640137
2026-02-05 10:00:00,-9.770599
2026-02-05 11:00:00,-9.637665
2026-02-05 12:00:00,-9.521576
2026-02-05 13:00:00,-9.363068
2026-02-05 14:00:00,-9.179535
2026-02-05 15:00:00,-9.065826
2026-02-05 16:00:00,-8.981476
2026-02-05 17:00:00,-8.913483
2026-02-05 18:00:00,-8.774872
2026-02-05 19:00:00,-8.67392
2026-02-05 20:00:00,-8.615631
2026-02-05 21:00:00,-8.747498
2026-02-05 22:00:00,-9.451782
2026-02-05 23:00:00,-9.577637
2026-02-06 00:00:00,-9.682129
2026-02-06 01:00:00,-9.764191
2026-02-06 02:00:00,-9.779816
2026-02-06 03:00:00,-9.838104
2026-02-06 04:00:00,-9.9079895
2026-02-06 05:00:00,-9.946014
2026-02-06 06:00:00,-9.968903
2026-02-06 07:00:00,-10.101288
2026-02-06 08:00:00,-10.19339
2026-02-06 09:00:00,-10.271606
2026-02-06 10:00:00,-10.635284
2026-02-06 11:00:00,-10.477417
2026-02-06 12:00:00,-10.280823
2026-02-06 13:00:00,-10.0155945
2026-02-06 14:00:00,-9.740265
2026-02-06 15:00:00,-9.48114
2026-02-06 16:00:00,-9.254944
2026-02-06 17:00:00,-9.020386
2026-02-06 18:00:00,-8.729584
2026-02-06 19:00:00,-8.472321
2026-02-06 20:00:00,-8.267731
2026-02-06 21:00:00,-8.11908
2026-02-06 22:00:00,-7.1506042
2026-02-06 23:00:00,-6.9375305
2026-02-07 00:00:00,-6.6437073
2026-02-07 01:00:00,-6.36203
2026-02-07 02:00:00,-6.2449646
2026-02-07 03:00:00,-6.2731323
2026-02-07 04:00:00,-6.4030457
2026-02-07 05:00:00,-6.6798096
2026-02-07 06:00:00,-7.08432
2026-02-07 07:00:00,-7.608551
2026-02-07 08:00:00,-8.199921
2026-02-07 09:00:00,-8.448029
2026-02-07 10:00:00,-8.313934
2026-02-07 11:00:00,-8.359711
2026-02-07 12:00:00,-8.188202
2026-02-07 13:00:00,-7.9753113
2026-02-07 14:00:00,-8.07547
2026-02-07 15:00:00,-8.230804
2026-02-07 16:00:00,-8.151825
2026-02-07 17:00:00,-8.068329
2026-02-07 18:00:00,-7.9061584
2026-02-07 19:00:00,-7.462677
2026-02-07 20:00:00,-6.618683
2026-02-07 21:00:00,-5.8034363
2026-02-07 22:00:00,-6.105713
2026-02-07 23:00:00,-6.508789
2026-02-08 00:00:00,-6.9829407
2026-02-08 01:00:00,-7.459717
2026-02-08 02:00:00,-8.049377
2026-02-08 03:00:00,-8.335846
2026-02-08 04:00:00,-8.302612
2026-02-08 05:00:00,-8.354889
2026-02-08 06:00:00,-8.3281555
2026-02-08 07:00:00,-8.327026
2026-02-08 08:00:00,-8.306976
2026-02-08 09:00:00,-8.141693
2026-02-08 10:00:00,-8.287933
2026-02-08 11:00:00,-8.154297
2026-02-08 12:00:00,-8.189911
2026-02-08 13:00:00,-8.306519
2026-02-08 14:00:00,-8.463409
2026-02-08 15:00:00,-8.60556
2026-02-08 16:00:00,-8.800507
2026-02-08 17:00:00,-8.96402
2026-02-08 18:00:00,-9.210358
2026-02-08 19:00:00,-9.258026
2026-02-08 20:00:00,-9.286224
2026-02-08 21:00:00,-9.339935
2026-02-08 22:00:00,-8.895294
2026-02-08 23:00:00,-9.067474
2026-02-09 00:00:00,-9.204193
2026-02-09 01:00:00,-9.139008
2026-02-09 02:00:00,-9.129913
2026-02-09 03:00:00,-8.984161
2026-02-09 04:00:00,-8.956665
2026-02-09 05:00:00,-9.173676
2026-02-09 06:00:00,-9.313934
2026-02-09 07:00:00,-9.482056
2026-02-09 08:00:00,-9.65329
2026-02-09 09:00:00,-9.821136
2026-02-09 10:00:00,-10.042389
2026-02-09 11:00:00,-10.1596985
2026-02-09 12:00:00,-10.336975
2026-02-09 13:00:00,-10.446777
2026-02-09 14:00:00,-10.434814
2026-02-09 15:00:00,-10.436859
2026-02-09 16:00:00,-10.484283
2026-02-09 17:00:00,-10.646973
2026-02-09 18:00:00,-10.794037
2026-02-09 19:00:00,-10.827179
2026-02-09 20:00:00,-10.846191
2026-02-09 21:00:00,-10.729309
2026-02-09 22:00:00,-10.390167
2026-02-09 23:00:00,-10.471222
2026-02-10 00:00:00,-10.559326
2026-02-10 01:00:00,-10.662872
2026-02-10 02:00:00,-10.719452
2026-02-10 03:00:00,-10.721893
2026-02-10 04:00:00,-10.510834
2026-02-10 05:00:00,-10.347534
2026-02-10 06:00:00,-10.09787
2026-02-10 07:00:00,-9.823151
2026-02-10 08:00:00,-9.692596
2026-02-10 09:00:00,-9.509796
2026-02-10 10:00:00,-9.761505
2026-02-10 11:00:00,-9.712036
2026-02-10 12:00:00,-9.562103
2026-02-10 13:00:00,-9.344391
2026-02-10 14:00:00,-9.121674
2026-02-10 15:00:00,-8.665131
2026-02-10 16:00:00,-8.196716
2026-02-10 17:00:00,-7.901001
2026-02-10 18:00:00,-7.7677917
2026-02-10 19:00:00,-7.6402283
2026-02-10 20:00:00,-7.2948303
2026-02-10 21:00:00,-6.8630066
2026-02-10 22:00:00,-7.0724792
2026-02-10 23:00:00,-6.893097
2026-02-11 00:00:00,-6.707855
2026-02-11 01:00:00,-6.6125793
2026-02-11 02:00:00,-6.4656677
2026-02-11 03:00:00,-6.3375854
2026-02-11 04:00:00,-6.3230896
2026-02-11 05:00:00,-6.441742
2026-02-11 06:00:00,-6.499542
2026-02-11 07:00:00,-6.56485
2026-02-11 08:00:00,-6.7323303
2026-02-11 09:00:00,-7.018738
2026-02-11 10:00:00,-7.1438293
2026-02-11 11:00:00,-7.2461853
2026-02-11 12:00:00,-7.1979675
2026-02-11 13:00:00,-7.099365
2026-02-11 14:00:00,-7.127777
2026-02-11 15:00:00,-7.301178
2026-02-11 16:00:00,-7.534668
2026-02-11 17:00:00,-7.631012
2026-02-11 18:00:00,-7.414337
2026-02-11 19:00:00,-7.0621643
2026-02-11 20:00:00,-6.7792664
2026-02-11 21:00:00,-6.708893
2026-02-11 22:00:00,-6.2313538
2026-02-11 23:00:00,-6.3476257
2026-02-12 00:00:00,-6.382843
2026-02-12 01:00:00,-6.363556
2026-02-12 02:00:00,-6.3923645
2026-02-12 03:00:00,-6.47818
2026-02-12 04:00:00,-6.662201
2026-02-12 05:00:00,-6.889801
2026-02-12 06:00:00,-7.16156
2026-02-12 07:00:00,-7.526825
2026-02-12 08:00:00,-7.9012756
2026-02-12 09:00:00,-8.173248
2026-02-12 10:00:00,-7.988922
2026-02-12 11:00:00,-7.972992
2026-02-12 12:00:00,-8.088165
2026-02-12 13:00:00,-8.2057495
2026-02-12 14:00:00,-8.460022
2026-02-12 15:00:00,-8.761688
2026-02-12 16:00:00,-9.123901
2026-02-12 17:00:00,-9.371918
2026-02-12 18:00:00,-9.466736
2026-02-12 19:00:00,-9.474182
2026-02-12 20:00:00,-9.464355
2026-02-12 21:00:00,-9.477142
2026-02-12 22:00:00,-9.890289
2026-02-12 23:00:00,-9.828369
2026-02-13 00:00:00,-9.774811
2026-02-13 01:00:00,-9.713379
2026-02-13 02:00:00,-9.61673
2026-02-13 03:00:00,-9.487946
2026-02-13 04:00:00,-9.32605
2026-02-13 05:00:00,-9.174744
2026-02-13 06:00:00,-9.013275
2026-02-13 07:00:00,-8.827179
2026-02-13 08:00:00,-8.79718
2026-02-13 09:00:00,-8.775787
2026-02-13 10:00:00,-9.20871
2026-02-13 11:00:00,-9.002197
2026-02-13 12:00:00,-9.031006
2026-02-13 13:00:00,-9.259918
2026-02-13 14:00:00,-9.53656
2026-02-13 15:00:00,-9.890472
2026-02-13 16:00:00,-10.314301
2026-02-13 17:00:00,-10.740997
2026-02-13 18:00:00,-10.9253845
2026-02-13 19:00:00,-10.958496
2026-02-13 20:00:00,-10.931854
2026-02-13 21:00:00,-10.875061
2026-02-13 22:00:00,-10.216095
2026-02-13 23:00:00,-10.255707
2026-02-14 00:00:00,-10.324493
2026-02-14 01:00:00,-10.37912
2026-02-14 02:00:00,-10.356964
2026-02-14 03:00:00,-10.345428
2026-02-14 04:00:00,-10.3333435
2026-02-14 05:00:00,-10.320282
2026-02-14 06:00:00,-10.260345
2026-02-14 07:00:00,-10.139679
2026-02-14 08:00:00,-9.955048
2026-02-14 09:00:00,-9.762543
2026-02-14 10:00:00,-9.44812
2026-02-14 11:00:00,-9.2595825
2026-02-14 12:00:00,-9.075043
2026-02-14 13:00:00,-8.87738
2026-02-14 14:00:00,-8.844513
2026-02-14 15:00:00,-8.772675
2026-02-14 16:00:00,-8.548553
2026-02-14 17:00:00,-8.312408
2026-02-14 18:00:00,-8.211548
2026-02-14 19:00:00,-8.188629
2026-02-14 20:00:00,-8.043732
2026-02-14 21:00:00,-7.7550964
2026-02-14 22:00:00,-7.889496
2026-02-14 23:00:00,-7.8561707
2026-02-15 00:00:00,-7.5954285
2026-02-15 01:00:00,-7.324127
2026-02-15 02:00:00,-7.482147
2026-02-15 03:00:00,-7.9291687
2026-02-15 04:00:00,-8.423431
2026-02-15 05:00:00,-8.69165
2026-02-15 06:00:00,-8.541779
2026-02-15 07:00:00,-8.573883
2026-02-15 08:00:00,-8.725922
2026-02-15 09:00:00,-8.8229065
2026-02-15 10:00:00,-8.66391
2026-02-15 11:00:00,-8.517181
2026-02-15 12:00:00,-8.3940735
2026-02-15 13:00:00,-8.280212
2026-02-15 14:00:00,-8.062744
2026-02-15 15:00:00,-7.6509705
2026-02-15 16:00:00,-7.409973
2026-02-15 17:00:00,-7.4165955
2026-02-15 18:00:00,-7.4642334
2026-02-15 19:00:00,-7.4375
2026-02-15 20:00:00,-7.2533264
2026-02-15 21:00:00,-7.0582275
2026-02-15 22:00:00,-7.6041565
2026-02-15 23:00:00,-7.5086365
2026-02-16 00:00:00,-7.479645
2026-02-16 01:00:00,-7.412323
2026-02-16 02:00:00,-7.330963
2026-02-16 03:00:00,-7.1194763
2026-02-16 04:00:00,-6.7974854
2026-02-16 05:00:00,-6.5762634
2026-02-16 06:00:00,-6.481842
2026-02-16 07:00:00,-6.419281
2026-02-16 08:00:00,-6.378937
2026-02-16 09:00:00,-6.384796
2026-02-16 10:00:00,-6.2936707
2026-02-16 11:00:00,-6.4028625
2026-02-16 12:00:00,-6.405731
2026-02-16 13:00:00,-6.409149
2026-02-16 14:00:00,-6.514618
2026-02-16 15:00:00,-6.6161804
2026-02-16 16:00:00,-6.695099
2026-02-16 17:00:00,-6.769623
2026-02-16 18:00:00,-6.75766
2026-02-16 19:00:00,-6.6927795
2026-02-16 20:00:00,-6.5284424
2026-02-16 21:00:00,-6.38916
2026-02-16 22:00:00,-6.238983
2026-02-16 23:00:00,-6.151703
2026-02-17 00:00:00,-6.0419006
2026-02-17 01:00:00,-5.926239
2026-02-17 02:00:00,-5.95755
2026-02-17 03:00:00,-6.098297
2026-02-17 04:00:00,-6.1546326
2026-02-17 05:00:00,-6.1956177
2026-02-17 06:00:00,-6.26947
2026-02-17 07:00:00,-6.4128113
2026-02-17 08:00:00,-6.6333923
2026-02-17 09:00:00,-6.950409
2026-02-17 10:00:00,-7.1033936
2026-02-17 11:00:00,-7.0727844
2026-02-17 12:00:00,-7.0156555
2026-02-17 13:00:00,-6.991852
2026-02-17 14:00:00,-7.038147
2026-02-17 15:00:00,-7.0822144
2026-02-17 16:00:00,-7.115265
2026-02-17 17:00:00,-7.177765
2026-02-17 18:00:00,-7.258423
2026-02-17 19:00:00,-7.3143005
2026-02-17 20:00:00,-7.3632507
2026-02-17 21:00:00,-7.4162903
2026-02-17 22:00:00,-6.8806458
2026-02-17 23:00:00,-7.075836
2026-02-18 00:00:00,-7.250641
2026-02-18 01:00:00,-7.381836
2026-02-18 02:00:00,-7.594879
2026-02-18 03:00:00,-7.9534607
2026-02-18 04:00:00,-8.197235
2026-02-18 05:00:00,-8.461884
2026-02-18 06:00:00,-8.516083
2026-02-18 07:00:00,-8.542053
2026-02-18 08:00:00,-8.578644
2026-02-18 09:00:00,-8.534149
2026-02-18 10:00:00,-7.915497
2026-02-18 11:00:00,-7.7483826
2026-02-18 12:00:00,-7.5692444
2026-02-18 13:00:00,-7.461029
2026-02-18 14:00:00,-7.5361633
2026-02-18 15:00:00,-7.6462708
2026-02-18 16:00:00,-7.7949524
2026-02-18 17:00:00,-7.959503
2026-02-18 18:00:00,-8.1380005
2026-02-18 19:00:00,-8.313873
2026-02-18 20:00:00,-8.505615
2026-02-18 21:00:00,-8.779633
2026-02-18 22:00:00,-8.327026
2026-02-18 23:00:00,-8.675568
2026-02-19 00:00:00,-8.995056
2026-02-19 01:00:00,-9.331329
2026-02-19 02:00:00,-9.644745
2026-02-19 03:00:00,-9.913055
2026-02-19 04:00:00,-10.101685
2026-02-19 05:00:00,-10.272308
2026-02-19 06:00:00,-10.390961
2026-02-19 07:00:00,-10.519989
2026-02-19 08:00:00,-10.633545
2026-02-19 09:00:00,-10.682404
2026-02-19 10:00:00,-9.815521
2026-02-19 11:00:00,-9.765015
2026-02-19 12:00:00,-9.611298
2026-02-19 13:00:00,-9.30777
2026-02-19 14:00:00,-9.140686
2026-02-19 15:00:00,-9.143768
2026-02-19 16:00:00,-9.161957
2026-02-19 17:00:00,-9.001801
2026-02-19 18:00:00,-8.784332
2026-02-19 19:00:00,-8.67215
2026-02-19 20:00:00,-8.3689575
2026-02-19 21:00:00,-7.8822937
2026-02-19 22:00:00,-7.06192
2026-02-19 23:00:00,-6.4187927
2026-02-20 00:00:00,-5.5713196
2026-02-20 01:00:00,-4.609955
2026-02-20 02:00:00,-3.7636414
2026-02-20 03:00:00,-3.0295715
2026-02-20 04:00:00,-1.9016113
2026-02-20 05:00:00,-1.0741272
2026-02-20 06:00:00,-0.06478882
2026-02-20 07:00:00,0.82748413
2026-02-20 08:00:00,0.92111206
2026-02-20 09:00:00,0.7275696
2026-02-20 10:00:00,1.4058533
2026-02-20 11:00:00,0.5937195
2026-02-20 12:00:00,0.017852783
2026-02-20 13:00:00,-0.06430054
2026-02-20 14:00:00,-0.10891724
2026-02-20 15:00:00,-0.02810669
2026-02-20 16:00:00,-0.3406372
2026-02-20 17:00:00,-0.57128906
2026-02-20 18:00:00,-0.59558105
2026-02-20 19:00:00,-1.2364197
2026-02-20 20:00:00,-2.201538
2026-02-20 21:00:00,-3.1980286
2026-02-20 22:00:00,-3.1878662
2026-02-20 23:00:00,-4.028717
2026-02-21 00:00:00,-4.789093
2026-02-21 01:00:00,-5.3421936
2026-02-21 02:00:00,-5.557953
2026-02-21 03:00:00,-5.4002075
2026-02-21 04:00:00,-5.0743713
2026-02-21 05:00:00,-4.752594
2026-02-21 06:00:00,-4.4274597
2026-02-21 07:00:00,-3.9499207
2026-02-21 08:00:00,-3.407318
2026-02-21 09:00:00,-3.0735474
2026-02-21 10:00:00,-3.2025452
2026-02-21 11:00:00,-2.9667053
2026-02-21 12:00:00,-2.5615234
2026-02-21 13:00:00,-2.271698
2026-02-21 14:00:00,-1.9109192
2026-02-21 15:00:00,-1.5646667
2026-02-21 16:00:00,-1.2680969
2026-02-21 17:00:00,-1.0308533
2026-02-21 18:00:00,-0.97280884
2026-02-21 19:00:00,-1.1159058
2026-02-21 20:00:00,-1.9129639
2026-02-21 21:00:00,-2.9460754
2026-02-21 22:00:00,-3.1780396
2026-02-21 23:00:00,-3.261139
2026-02-22 00:00:00,-3.447937
2026-02-22 01:00:00,-3.4725342
2026-02-22 02:00:00,-3.20578
2026-02-22 03:00:00,-2.7806702
2026-02-22 04:00:00,-2.5422058
2026-02-22 05:00:00,-2.6829834
2026-02-22 06:00:00,-2.9379578
2026-02-22 07:00:00,-3.253418
2026-02-22 08:00:00,-3.3991394
2026-02-22 09:00:00,-3.3175354
2026-02-22 10:00:00,-3.5221863
2026-02-22 11:00:00,-3.3032532
2026-02-22 12:00:00,-2.8876038
2026-02-22 13:00:00,-2.799652
2026-02-22 14:00:00,-3.059906
2026-02-22 15:00:00,-3.2519836
2026-02-22 16:00:00,-3.2068787
2026-02-22 17:00:00,-3.0055237
2026-02-22 18:00:00,-2.8265991
2026-02-22 19:00:00,-2.816864
2026-02-22 20:00:00,-2.7739563
2026-02-22 21:00:00,-2.7185364
2026-02-22 22:00:00,-2.084198
2026-02-22 23:00:00,-2.0778198
2026-02-23 00:00:00,-2.1063538
2026-02-23 01:00:00,-2.3244324
2026-02-23 02:00:00,-2.4338684
2026-02-23 03:00:00,-2.4214172
2026-02-23 04:00:00,-2.3947754
2026-02-23 05:00:00,-2.4442444
2026-02-23 06:00:00,-2.5604553
2026-02-23 07:00:00,-2.793457
2026-02-23 08:00:00,-3.0756226
2026-02-23 09:00:00,-3.2118225
2026-02-23 10:00:00,-2.7323303
2026-02-23 11:00:00,-2.6638794
2026-02-23 12:00:00,-2.5710754
2026-02-23 13:00:00,-2.7202148
2026-02-23 14:00:00,-2.76297
2026-02-23 15:00:00,-2.8009338
2026-02-23 16:00:00,-2.9629517
2026-02-23 17:00:00,-3.2400208
2026-02-23 18:00:00,-3.4690552
2026-02-23 19:00:00,-3.6923523
2026-02-23 20:00:00,-3.7859802
2026-02-23 21:00:00,-4.0051575
2026-02-23 22:00:00,-3.6510925
2026-02-23 23:00:00,-3.8940735
2026-02-24 00:00:00,-4.03183
2026-02-24 01:00:00,-4.0596313
2026-02-24 02:00:00,-4.0974426
2026-02-24 03:00:00,-4.172333
2026-02-24 04:00:00,-4.167572
2026-02-24 05:00:00,-4.290619
2026-02-24 06:00:00,-4.2622375
2026-02-24 07:00:00,-4.2010193
2026-02-24 08:00:00,-4.1668396
2026-02-24 09:00:00,-4.219696
2026-02-24 10:00:00,-3.7410889
2026-02-24 11:00:00,-3.9265442
2026-02-24 12:00:00,-4.222931
2026-02-24 13:00:00,-4.8194885
2026-02-24 14:00:00,-5.3441772
2026-02-24 15:00:00,-5.552826
2026-02-24 16:00:00,-6.2746277
2026-02-24 17:00:00,-6.9569397
2026-02-24 18:00:00,-7.4972534
2026-02-24 19:00:00,-7.525055
2026-02-24 20:00:00,-7.400482
2026-02-24 21:00:00,-7.1958923
2026-02-24 22:00:00,-6.0734253
2026-02-24 23:00:00,-4.829315
2026-02-25 00:00:00,-3.909027
2026-02-25 01:00:00,-3.696869
2026-02-25 02:00:00,-3.545807
2026-02-25 03:00:00,-3.1162415
2026-02-25 04:00:00,-2.9219666
2026-02-25 05:00:00,-2.8719177
2026-02-25 06:00:00,-2.7385864
2026-02-25 07:00:00,-2.7365112
2026-02-25 08:00:00,-2.8692322
2026-02-25 09:00:00,-2.9021912
2026-02-25 10:00:00,-2.5730286
2026-02-25 11:00:00,-2.4850159
2026-02-25 12:00:00,-2.2898254
2026-02-25 13:00:00,-2.1552124
2026-02-25 14:00:00,-2.113861
2026-02-25 15:00:00,-2.1441345
2026-02-25 16:00:00,-2.22464
2026-02-25 17:00:00,-2.486847
2026-02-25 18:00:00,-2.7884216
2026-02-25 19:00:00,-3.094757
2026-02-25 20:00:00,-3.1355286
2026-02-25 21:00:00,-2.9238586
2026-02-25 22:00:00,-1.5360718
2026-02-25 23:00:00,-0.53427124
2026-02-26 00:00:00,0.19039917
2026-02-26 01:00:00,1.3433533
2026-02-26 02:00:00,2.2433167
2026-02-26 03:00:00,2.4942322
2026-02-26 04:00:00,2.4839783
2026-02-26 05:00:00,2.244995
2026-02-26 06:00:00,2.2398376
2026-02-26 07:00:00,2.4510193
2026-02-26 08:00:00,2.6263733
2026-02-26 09:00:00,2.9351807
2026-02-26 10:00:00,2.7747498
2026-02-26 11:00:00,3.4084167
2026-02-26 12:00:00,3.7048035
2026-02-26 13:00:00,3.6846008
2026-02-26 14:00:00,4.2608337
2026-02-26 15:00:00,4.7206726
2026-02-26 16:00:00,4.95401
2026-02-26 17:00:00,4.799347
2026-02-26 18:00:00,4.459442
2026-02-26 19:00:00,4.1312866
2026-02-26 20:00:00,3.9632263
2026-02-26 21:00:00,3.8284607
2026-02-26 22:00:00,4.358673
2026-02-26 23:00:00,4.4963684
2026-02-27 00:00:00,4.451111
2026-02-27 01:00:00,4.566925
2026-02-27 02:00:00,4.72287
2026-02-27 03:00:00,4.7242126
2026-02-27 04:00:00,4.971405
2026-02-27 05:00:00,4.6726685
2026-02-27 06:00:00,4.424774
2026-02-27 07:00:00,4.4232483
2026-02-27 08:00:00,4.4667664
2026-02-27 09:00:00,4.405365
2026-02-27 10:00:00,4.7553406
2026-02-27 11:00:00,4.8615417
2026-02-27 12:00:00,5.0144043
2026-02-27 13:00:00,5.0817566
2026-02-27 14:00:00,5.1389465
2026-02-27 15:00:00,5.051941
2026-02-27 16:00:00,4.872925
2026-02-27 17:00:00,4.8180237
2026-02-27 18:00:00,4.731598
2026-02-27 19:00:00,3.9345398
2026-02-27 20:00:00,2.8956604
2026-02-27 21:00:00,2.1662903
2026-02-27 22:00:00,2.0185852
2026-02-27 23:00:00,1.3417053
2026-02-28 00:00:00,0.80667114
2026-02-28 01:00:00,0.6983948
2026-02-28 02:00:00,0.60873413
2026-02-28 03:00:00,0.22241211
2026-02-28 04:00:00,0.28808594
2026-02-28 05:00:00,0.6857605
2026-02-28 06:00:00,1.9668579
2026-02-28 07:00:00,2.5492249
2026-02-28 08:00:00,1.5094299
2026-02-28 09:00:00,0.8453369
2026-02-28 10:00:00,0.96813965
2026-02-28 11:00:00,1.7050171
2026-02-28 12:00:00,2.4093933
2026-02-28 13:00:00,2.798584
2026-02-28 14:00:00,2.925537
2026-02-28 15:00:00,2.7464905
2026-02-28 16:00:00,3.1065369
2026-02-28 17:00:00,3.287506
2026-02-28 18:00:00,3.0596619
2026-02-28 19:00:00,2.6786804
2026-02-28 20:00:00,2.1262207
2026-02-28 21:00:00,2.0727844
2026-02-28 22:00:00,1.8677673
2026-02-28 23:00:00,2.848053
2026-03-01 00:00:00,2.7255554
2026-03-01 01:00:00,2.4483032
2026-03-01 02:00:00,3.0723267
2026-03-01 03:00:00,3.27417
2026-03-01 04:00:00,3.1629333
2026-03-01 05:00:00,2.8452759
2026-03-01 06:00:00,2.3745422
2026-03-01 07:00:00,2.6443176
2026-03-01 08:00:00,2.8697815
2026-03-01 09:00:00,2.7650452
2026-03-01 10:00:00,2.6914368
2026-03-01 11:00:00,2.353241
2026-03-01 12:00:00,2.0190735
2026-03-01 13:00:00,1.7416077
2026-03-01 14:00:00,1.2557068
2026-03-01 15:00:00,0.6075134
2026-03-01 16:00:00,0.069244385
2026-03-01 17:00:00,-0.36419678
2026-03-01 18:00:00,-0.8717346
2026-03-01 19:00:00,-1.6042175
2026-03-01 20:00:00,-2.379242
2026-03-01 21:00:00,-2.9595032
2026-03-01 22:00:00,-2.6418762
2026-03-01 23:00:00,-2.657257
2026-03-02 00:00:00,-2.474701
2026-03-02 01:00:00,-2.1843567
2026-03-02 02:00:00,-1.7552185
2026-03-02 03:00:00,-1.2028503
2026-03-02 04:00:00,-0.7416687
2026-03-02 05:00:00,-0.46923828
2026-03-02 06:00:00,-0.169281
2026-03-02 07:00:00,0.05734253
2026-03-02 08:00:00,0.39071655
2026-03-02 09:00:00,0.5246887
2026-03-02 10:00:00,0.661499
2026-03-02 11:00:00,0.7367859
2026-03-02 12:00:00,0.7528076
2026-03-02 13:00:00,0.7409363
2026-03-02 14:00:00,0.9248352
2026-03-02 15:00:00,1.0592651
2026-03-02 16:00:00,0.96328735
2026-03-02 17:00:00,1.0726013
2026-03-02 18:00:00,1.3013611
2026-03-02 19:00:00,1.4692078
2026-03-02 20:00:00,1.6116943
2026-03-02 21:00:00,1.8677673
2026-03-02 22:00:00,2.5716858
2026-03-02 23:00:00,2.6312866
2026-03-03 00:00:00,3.0312195
2026-03-03 01:00:00,3.6080017
2026-03-03 02:00:00,4.066162
2026-03-03 03:00:00,4.7789307
2026-03-03 04:00:00,5.578644
2026-03-03 05:00:00,6.061493
2026-03-03 06:00:00,6.481476
2026-03-03 07:00:00,6.874542
2026-03-03 08:00:00,6.9881287
2026-03-03 09:00:00,6.8678894
2026-03-03 10:00:00,6.5630493
2026-03-03 11:00:00,5.7712708
2026-03-03 12:00:00,5.282318
2026-03-03 13:00:00,5.1733093
2026-03-03 14:00:00,4.624237
2026-03-03 15:00:00,3.561798
2026-03-03 16:00:00,2.856598
2026-03-03 17:00:00,2.5461426
2026-03-03 18:00:00,2.4447937
2026-03-03 19:00:00,2.431244
2026-03-03 20:00:00,2.432312
2026-03-03 21:00:00,2.3218994
2026-03-03 22:00:00,2.6456604
2026-03-03 23:00:00,2.995453
2026-03-04 00:00:00,2.797577
2026-03-04 01:00:00,2.314148
2026-03-04 02:00:00,1.7593994
2026-03-04 03:00:00,1.7070618
2026-03-04 04:00:00,2.2075806
2026-03-04 05:00:00,2.6905823
2026-03-04 06:00:00,3.0501404
2026-03-04 07:00:00,3.0410461
2026-03-04 08:00:00,2.3530579
2026-03-04 09:00:00,2.363037
2026-03-04 10:00:00,1.7536621
2026-03-04 11:00:00,1.8696594
2026-03-04 12:00:00,2.4008484
2026-03-04 13:00:00,3.0950317
2026-03-04 14:00:00,3.7599792
2026-03-04 15:00:00,4.164337
2026-03-04 16:00:00,4.313263
2026-03-04 17:00:00,4.2572937
2026-03-04 18:00:00,4.1858826
2026-03-04 19:00:00,4.113556
2026-03-04 20:00:00,3.9280396
2026-03-04 21:00:00,3.7058716
2026-03-04 22:00:00,4.5537415
2026-03-04 23:00:00,4.9422913
2026-03-05 00:00:00,5.1410217
2026-03-05 01:00:00,5.164276
2026-03-05 02:00:00,5.0920715
2026-03-05 03:00:00,5.0191345
2026-03-05 04:00:00,4.91568
2026-03-05 05:00:00,4.6875916
2026-03-05 06:00:00,4.4859314
2026-03-05 07:00:00,4.43338
2026-03-05 08:00:00,4.462982
2026-03-05 09:00:00,4.5732727
2026-03-05 10:00:00,5.8831177
2026-03-05 11:00:00,5.9558105
2026-03-05 12:00:00,6.007599
2026-03-05 13:00:00,6.02005
2026-03-05 14:00:00,5.917572
2026-03-05 15:00:00,5.6853943
2026-03-05 16:00:00,5.356598
2026-03-05 17:00:00,5.125305
2026-03-05 18:00:00,5.1217957
2026-03-05 19:00:00,5.252838
2026-03-05 20:00:00,5.379547
2026-03-05 21:00:00,5.50473
2026-03-05 22:00:00,6.0288086
2026-03-05 23:00:00,6.117523
2026-03-06 00:00:00,6.2493286
2026-03-06 01:00:00,6.500763
2026-03-06 02:00:00,6.607025
2026-03-06 03:00:00,6.391449
2026-03-06 04:00:00,6.170044
2026-03-06 05:00:00,6.25589
2026-03-06 06:00:00,6.551361
2026-03-06 07:00:00,6.7235413
2026-03-06 08:00:00,6.868286
2026-03-06 09:00:00,6.9527893
2026-03-06 10:00:00,7.4607544
2026-03-06 11:00:00,7.754059
2026-03-06 12:00:00,8.027435
2026-03-06 13:00:00,8.074738
2026-03-06 14:00:00,8.071442
2026-03-06 15:00:00,8.236603
2026-03-06 16:00:00,8.399078
2026-03-06 17:00:00,8.209442
2026-03-06 18:00:00,7.165497
2026-03-06 19:00:00,5.771576
2026-03-06 20:00:00,4.9997253
2026-03-06 21:00:00,4.5569153
2026-03-06 22:00:00,4.967987
2026-03-06 23:00:00,4.796173
2026-03-07 00:00:00,4.672943
2026-03-07 01:00:00,4.5188293
2026-03-07 02:00:00,4.314636
2026-03-07 03:00:00,4.131531
2026-03-07 04:00:00,3.9657288
2026-03-07 05:00:00,3.6988525
2026-03-07 06:00:00,3.5559998
2026-03-07 07:00:00,3.6510315
2026-03-07 08:00:00,3.720581
2026-03-07 09:00:00,3.5472107
2026-03-07 10:00:00,3.3197327
2026-03-07 11:00:00,3.006256
2026-03-07 12:00:00,2.9949646
2026-03-07 13:00:00,3.2008362
2026-03-07 14:00:00,3.33255
2026-03-07 15:00:00,3.349884
2026-03-07 16:00:00,3.310669
2026-03-07 17:00:00,3.2702942
2026-03-07 18:00:00,3.3468323
2026-03-07 19:00:00,3.4789429
2026-03-07 20:00:00,3.6413574
2026-03-07 21:00:00,3.7871094
2026-03-07 22:00:00,3.4937134
2026-03-07 23:00:00,3.4848938
2026-03-08 00:00:00,3.648529
2026-03-08 01:00:00,3.8997192
2026-03-08 02:00:00,3.971161
2026-03-08 03:00:00,3.8876038
2026-03-08 04:00:00,3.9043274
2026-03-08 05:00:00,3.9740295
2026-03-08 06:00:00,4.025238
2026-03-08 07:00:00,4.17984
2026-03-08 08:00:00,4.4389343
2026-03-08 09:00:00,4.8036804
2026-03-08 10:00:00,5.7100525
2026-03-08 11:00:00,6.103058
2026-03-08 12:00:00,6.4028015
2026-03-08 13:00:00,6.702545
2026-03-08 14:00:00,7.2249146
2026-03-08 15:00:00,7.677826
2026-03-08 16:00:00,7.9784546
2026-03-08 17:00:00,8.023407
2026-03-08 18:00:00,7.9541016
2026-03-08 19:00:00,7.803253
2026-03-08 20:00:00,7.666046
2026-03-08 21:00:00,7.5314636
2026-03-08 22:00:00,7.7205505
2026-03-08 23:00:00,7.266083
2026-03-09 00:00:00,6.903778
2026-03-09 01:00:00,7.1686707
2026-03-09 02:00:00,7.4528503
2026-03-09 03:00:00,7.394867
2026-03-09 04:00:00,6.82666
2026-03-09 05:00:00,6.1759644
2026-03-09 06:00:00,5.262665
2026-03-09 07:00:00,4.212799
2026-03-09 08:00:00,2.6823425
2026-03-09 09:00:00,1.6957703
2026-03-09 10:00:00,1.8907776
2026-03-09 11:00:00,2.1459045
2026-03-09 12:00:00,2.5418396
2026-03-09 13:00:00,3.1887512
2026-03-09 14:00:00,3.7818909
2026-03-09 15:00:00,4.056732
2026-03-09 16:00:00,4.3420715
2026-03-09 17:00:00,4.5238953
2026-03-09 18:00:00,4.689972
2026-03-09 19:00:00,5.0293884
2026-03-09 20:00:00,5.2781982
2026-03-09 21:00:00,5.4970703
2026-03-09 22:00:00,6.6598206
2026-03-09 23:00:00,6.7849426
2026-03-10 00:00:00,6.851166
2026-03-10 01:00:00,6.856781
2026-03-10 02:00:00,6.8158875
2026-03-10 03:00:00,6.7082214
2026-03-10 04:00:00,6.672821
2026-03-10 05:00:00,6.65921
2026-03-10 06:00:00,6.6878357
2026-03-10 07:00:00,6.7915344
2026-03-10 08:00:00,7.015045
2026-03-10 09:00:00,7.3076477
2026-03-10 10:00:00,8.783356
2026-03-10 11:00:00,8.995605
2026-03-10 12:00:00,9.097565
2026-03-10 13:00:00,9.126556
2026-03-10 14:00:00,9.113922
2026-03-10 15:00:00,8.91214
2026-03-10 16:00:00,8.496857
2026-03-10 17:00:00,8.091644
2026-03-10 18:00:00,7.7312317
2026-03-10 19:00:00,7.479767
2026-03-10 20:00:00,7.4735107
2026-03-10 21:00:00,7.431366
2026-03-10 22:00:00,7.2117004
2026-03-10 23:00:00,7.3819275
2026-03-11 00:00:00,7.2602234
2026-03-11 01:00:00,6.690918
2026-03-11 02:00:00,5.776428
2026-03-11 03:00:00,4.7857666
2026-03-11 04:00:00,3.860321
2026-03-11 05:00:00,3.2433777
2026-03-11 06:00:00,2.8393555
2026-03-11 07:00:00,2.5083313
2026-03-11 08:00:00,2.2574158
2026-03-11 09:00:00,2.2897644
2026-03-11 10:00:00,4.261017
2026-03-11 11:00:00,4.4898987
2026-03-11 12:00:00,4.7378235
2026-03-11 13:00:00,4.4685974
2026-03-11 14:00:00,4.284149
2026-03-11 15:00:00,4.4503174
2026-03-11 16:00:00,4.5860596
2026-03-11 17:00:00,5.071991
2026-03-11 18:00:00,6.0059814
2026-03-11 19:00:00,6.3645935
2026-03-11 20:00:00,6.0125732
2026-03-11 21:00:00,5.904999
2026-03-11 22:00:00,5.9412537
2026-03-11 23:00:00,6.3568726
2026-03-12 00:00:00,6.403778
2026-03-12 01:00:00,6.157959
2026-03-12 02:00:00,6.0209656
2026-03-12 03:00:00,5.622223
2026-03-12 04:00:00,4.917145
2026-03-12 05:00:00,4.099579
2026-03-12 06:00:00,2.8659363
2026-03-12 07:00:00,1.7453308
2026-03-12 08:00:00,1.1038513
2026-03-12 09:00:00,0.9427185
2026-03-12 10:00:00,2.1662292
2026-03-12 11:00:00,3.0133972
2026-03-12 12:00:00,3.9761047
2026-03-12 13:00:00,4.5657043
2026-03-12 14:00:00,4.866577
2026-03-12 15:00:00,5.096283
2026-03-12 16:00:00,5.1996765
2026-03-12 17:00:00,5.242462
2026-03-12 18:00:00,5.133087
2026-03-12 19:00:00,4.92276
2026-03-12 20:00:00,4.4967346
2026-03-12 21:00:00,4.0119934
2026-03-12 22:00:00,2.9427795
2026-03-12 23:00:00,3.0122375
2026-03-13 00:00:00,3.226654
2026-03-13 01:00:00,3.5418396
2026-03-13 02:00:00,3.7599182
2026-03-13 03:00:00,3.9301453
2026-03-13 04:00:00,4.0038757
2026-03-13 05:00:00,3.8771667
2026-03-13 06:00:00,3.5993347
2026-03-13 07:00:00,3.2428284
2026-03-13 08:00:00,3.0470886
2026-03-13 09:00:00,3.0246582
2026-03-13 10:00:00,3.6956482
2026-03-13 11:00:00,3.7505798
2026-03-13 12:00:00,3.7895813
2026-03-13 13:00:00,3.954956
2026-03-13 14:00:00,4.1407166
2026-03-13 15:00:00,4.6900024
2026-03-13 16:00:00,5.0622253
2026-03-13 17:00:00,5.1404724
2026-03-13 18:00:00,4.9430237
2026-03-13 19:00:00,4.653534
2026-03-13 20:00:00,4.323944
2026-03-13 21:00:00,3.7278137
2026-03-13 22:00:00,3.4701233
2026-03-13 23:00:00,3.2580261
2026-03-14 00:00:00,3.3302612
2026-03-14 01:00:00,3.5975647
2026-03-14 02:00:00,3.0740662
2026-03-14 03:00:00,2.6296082
2026-03-14 04:00:00,2.4231873
2026-03-14 05:00:00,2.3587341
2026-03-14 06:00:00,2.4617615
2026-03-14 07:00:00,2.5764465
2026-03-14 08:00:00,2.690796
2026-03-14 09:00:00,2.648407
2026-03-14 10:00:00,1.5823059
2026-03-14 11:00:00,1.3469238
2026-03-14 12:00:00,1.5463257
2026-03-14 13:00:00,1.7672424
2026-03-14 14:00:00,1.7383728
2026-03-14 15:00:00,1.7391663
2026-03-14 16:00:00,1.8028564
2026-03-14 17:00:00,1.7576904
2026-03-14 18:00:00,1.6151428
2026-03-14 19:00:00,1.4520264
2026-03-14 20:00:00,1.0241699
2026-03-14 21:00:00,0.58706665
2026-03-14 22:00:00,1.252594
2026-03-14 23:00:00,0.97784424
2026-03-15 00:00:00,0.88739014
2026-03-15 01:00:00,1.0027771
2026-03-15 02:00:00,1.01651
2026-03-15 03:00:00,0.87905884
2026-03-15 04:00:00,0.6112976
2026-03-15 05:00:00,0.18991089
2026-03-15 06:00:00,0.0016174316
2026-03-15 07:00:00,-0.032073975
2026-03-15 08:00:00,-0.01977539
2026-03-15 09:00:00,0.026855469
2026-03-15 10:00:00,-0.02279663
2026-03-15 11:00:00,0.07678223
2026-03-15 12:00:00,0.035369873
2026-03-15 13:00:00,0.14212036
2026-03-15 14:00:00,0.26800537
2026-03-15 15:00:00,0.4751587
2026-03-15 16:00:00,0.7010803
2026-03-15 17:00:00,0.77441406
2026-03-15 18:00:00,0.6724243
2026-03-15 19:00:00,0.6654968
2026-03-15 20:00:00,0.81399536
2026-03-15 21:00:00,1.0184631
2026-03-15 22:00:00,-0.023956299
2026-03-15 23:00:00,0.020446777
2026-03-16 00:00:00,-0.055236816
2026-03-16 01:00:00,-0.17590332
2026-03-16 02:00:00,-0.26293945
2026-03-16 03:00:00,-0.28311157
2026-03-16 04:00:00,-0.3378296
2026-03-16 05:00:00,-0.34622192
2026-03-16 06:00:00,-0.24261475
2026-03-16 07:00:00,-0.03768921
2026-03-16 08:00:00,0.3539734
2026-03-16 09:00:00,0.400177
2026-03-16 10:00:00,0.5079651
2026-03-16 11:00:00,0.46704102
2026-03-16 12:00:00,0.87002563
2026-03-16 13:00:00,0.90237427
2026-03-16 14:00:00,0.6994324
2026-03-16 15:00:00,0.8147583
2026-03-16 16:00:00,0.87472534
2026-03-16 17:00:00,0.80844116
2026-03-16 18:00:00,0.9208374
2026-03-16 19:00:00,0.9645691
2026-03-16 20:00:00,0.80911255
2026-03-16 21:00:00,0.66708374
2026-03-16 22:00:00,0.47857666
2026-03-16 23:00:00,0.5492859
2026-03-17 00:00:00,0.8005676
2026-03-17 01:00:00,1.0309753
2026-03-17 02:00:00,0.96868896
2026-03-17 03:00:00,0.69415283
2026-03-17 04:00:00,0.44192505
2026-03-17 05:00:00,0.33822632
2026-03-17 06:00:00,0.013946533
2026-03-17 07:00:00,-0.74624634
2026-03-17 08:00:00,-1.1505432
2026-03-17 09:00:00,-1.3764954
2026-03-17 10:00:00,-1.2399292
2026-03-17 11:00:00,-0.85754395
2026-03-17 12:00:00,-0.07080078
2026-03-17 13:00:00,0.5464783
2026-03-17 14:00:00,1.0524597
2026-03-17 15:00:00,1.4632874
2026-03-17 16:00:00,1.8883362
2026-03-17 17:00:00,2.1908264
2026-03-17 18:00:00,2.25943
2026-03-17 19:00:00,2.4563293
2026-03-17 20:00:00,2.6471252
2026-03-17 21:00:00,2.610443
2026-03-17 22:00:00,2.6611023
2026-03-17 23:00:00,2.986084
2026-03-18 00:00:00,3.4648438
2026-03-18 01:00:00,3.8005066
2026-03-18 02:00:00,3.9755554
2026-03-18 03:00:00,4.068756
2026-03-18 04:00:00,4.0018616
2026-03-18 05:00:00,3.9026184
2026-03-18 06:00:00,4.1078186
2026-03-18 07:00:00,4.4947205
2026-03-18 08:00:00,4.6513977
2026-03-18 09:00:00,4.600891
2026-03-18 10:00:00,4.735626
2026-03-18 11:00:00,4.3327637
2026-03-18 12:00:00,4.2937317
2026-03-18 13:00:00,4.411621
2026-03-18 14:00:00,4.600403
2026-03-18 15:00:00,4.7736206
2026-03-18 16:00:00,4.9399414
2026-03-18 17:00:00,5.1054077
2026-03-18 18:00:00,5.2135315
2026-03-18 19:00:00,5.0698547
2026-03-18 20:00:00,4.714447
2026-03-18 21:00:00,4.3017883
2026-03-18 22:00:00,4.267029
2026-03-18 23:00:00,3.8466492
2026-03-19 00:00:00,3.4210205
2026-03-19 01:00:00,3.0752258
2026-03-19 02:00:00,2.7970276
2026-03-19 03:00:00,2.5063782
2026-03-19 04:00:00,2.2340393
2026-03-19 05:00:00,2.058258
2026-03-19 06:00:00,1.7507935
2026-03-19 07:00:00,1.6639099
2026-03-19 08:00:00,1.6250916
2026-03-19 09:00:00,1.700592
2026-03-19 10:00:00,2.9951477
2026-03-19 11:00:00,3.49057
2026-03-19 12:00:00,4.0487976
2026-03-19 13:00:00,4.4878845
2026-03-19 14:00:00,4.828491
2026-03-19 15:00:00,5.038849
2026-03-19 16:00:00,5.2166443
2026-03-19 17:00:00,5.305786
2026-03-19 18:00:00,5.336029
2026-03-19 19:00:00,5.3577576
2026-03-19 20:00:00,5.342926
2026-03-19 21:00:00,5.290741
2026-03-19 22:00:00,5.410858
2026-03-19 23:00:00,5.160034
2026-03-20 00:00:00,4.747589
2026-03-20 01:00:00,4.296051
2026-03-20 02:00:00,3.8264465
2026-03-20 03:00:00,3.3854675
2026-03-20 04:00:00,3.1009216
2026-03-20 05:00:00,2.9624329
2026-03-20 06:00:00,2.888153
2026-03-20 07:00:00,2.8935852
2026-03-20 08:00:00,2.941986
2026-03-20 09:00:00,2.9446106
2026-03-20 10:00:00,3.838379
2026-03-20 11:00:00,4.021637
2026-03-20 12:00:00,4.21756
2026-03-20 13:00:00,4.5295715
2026-03-20 14:00:00,4.887787
2026-03-20 15:00:00,5.2550354
2026-03-20 16:00:00,5.53067
2026-03-20 17:00:00,5.6240234
2026-03-20 18:00:00,5.6129456
2026-03-20 19:00:00,5.600067
2026-03-20 20:00:00,5.632599
2026-03-20 21:00:00,5.714325
2026-03-20 22:00:00,5.8019104
2026-03-20 23:00:00,5.816742
2026-03-21 00:00:00,5.766815
2026-03-21 01:00:00,5.714691
2026-03-21 02:00:00,5.683014
2026-03-21 03:00:00,5.698761
2026-03-21 04:00:00,5.731964
2026-03-21 05:00:00,5.7307434
2026-03-21 06:00:00,5.6798096
2026-03-21 07:00:00,5.569702
2026-03-21 08:00:00,5.3885803
2026-03-21 09:00:00,5.2624817
2026-03-21 10:00:00,6.160034
2026-03-21 11:00:00,5.926178
2026-03-21 12:00:00,5.785034
2026-03-21 13:00:00,6.0034485
2026-03-21 14:00:00,6.141388
2026-03-21 15:00:00,6.126343
2026-03-21 16:00:00,6.051422
2026-03-21 17:00:00,5.8596497
2026-03-21 18:00:00,5.441498
2026-03-21 19:00:00,4.950531
2026-03-21 20:00:00,4.517212
2026-03-21 21:00:00,4.332947
2026-03-21 22:00:00,5.326721
2026-03-21 23:00:00,5.3056335
2026-03-22 00:00:00,5.5419617
2026-03-22 01:00:00,5.5768433
2026-03-22 02:00:00,5.449127
2026-03-22 03:00:00,5.423706
2026-03-22 04:00:00,5.365631
2026-03-22 05:00:00,5.292328
2026-03-22 06:00:00,5.259491
2026-03-22 07:00:00,5.087616
2026-03-22 08:00:00,4.8693542
2026-03-22 09:00:00,4.375763
2026-03-22 10:00:00,3.6947021
2026-03-22 11:00:00,3.3476257
2026-03-22 12:00:00,3.687378
2026-03-22 13:00:00,4.160858
2026-03-22 14:00:00,4.6355896
2026-03-22 15:00:00,5.067047
2026-03-22 16:00:00,5.3663025
2026-03-22 17:00:00,5.422333
2026-03-22 18:00:00,5.1876526
2026-03-22 19:00:00,4.7069397
2026-03-22 20:00:00,4.0516357
2026-03-22 21:00:00,3.1177368
2026-03-22 22:00:00,2.4059143
2026-03-22 23:00:00,1.5682068
2026-03-23 00:00:00,1.4546814
2026-03-23 01:00:00,1.6837463
2026-03-23 02:00:00,1.9204407
2026-03-23 03:00:00,2.0333557
2026-03-23 04:00:00,2.0175781
2026-03-23 05:00:00,1.743103
2026-03-23 06:00:00,1.2760925
2026-03-23 07:00:00,0.91503906
2026-03-23 08:00:00,0.41983032
2026-03-23 09:00:00,0.9093323
2026-03-23 10:00:00,1.7539978
2026-03-23 11:00:00,2.150299
2026-03-23 12:00:00,2.6655273
2026-03-23 13:00:00,3.0086365
2026-03-23 14:00:00,3.4065552
2026-03-23 15:00:00,3.7315063
2026-03-23 16:00:00,4.0174866
2026-03-23 17:00:00,4.1550293
2026-03-23 18:00:00,4.190033
2026-03-23 19:00:00,4.2222595
2026-03-23 20:00:00,4.1155396
2026-03-23 21:00:00,3.9197693
2026-03-23 22:00:00,3.7763672
2026-03-23 23:00:00,3.5585632
2026-03-24 00:00:00,3.4897156
2026-03-24 01:00:00,3.4666443
2026-03-24 02:00:00,3.3545532
2026-03-24 03:00:00,3.0811462
2026-03-24 04:00:00,2.7695618
2026-03-24 05:00:00,2.4480896
2026-03-24 06:00:00,2.0914001
2026-03-24 07:00:00,1.6611023
2026-03-24 08:00:00,1.4183655
2026-03-24 09:00:00,1.4943848
2026-03-24 10:00:00,2.014618
2026-03-24 11:00:00,2.21109
2026-03-24 12:00:00,1.841156
2026-03-24 13:00:00,1.4854126
2026-03-24 14:00:00,2.1452332
2026-03-24 15:00:00,3.100769
2026-03-24 16:00:00,3.8191528
2026-03-24 17:00:00,4.5888367
2026-03-24 18:00:00,5.180237
2026-03-24 19:00:00,5.4084473
2026-03-24 20:00:00,5.4857483
2026-03-24 21:00:00,5.5105896
2026-03-24 22:00:00,5.6439514
2026-03-24 23:00:00,5.443573
2026-03-25 00:00:00,5.264374
2026-03-25 01:00:00,5.113098
2026-03-25 02:00:00,4.9839478
2026-03-25 03:00:00,4.855194
2026-03-25 04:00:00,4.6361694
2026-03-25 05:00:00,4.756134
2026-03-25 06:00:00,4.9997864
2026-03-25 07:00:00,5.1199646
2026-03-25 08:00:00,4.884186
2026-03-25 09:00:00,4.714386
2026-03-25 10:00:00,6.132538
2026-03-25 11:00:00,5.805481
2026-03-25 12:00:00,5.6182556
2026-03-25 13:00:00,5.284973
2026-03-25 14:00:00,4.983917
2026-03-25 15:00:00,4.882538
2026-03-25 16:00:00,4.950775
2026-03-25 17:00:00,4.769684
2026-03-25 18:00:00,4.544159
2026-03-25 19:00:00,4.3594666
2026-03-25 20:00:00,3.998932
2026-03-25 21:00:00,4.0137024
2026-03-25 22:00:00,4.061096
2026-03-25 23:00:00,3.4287415
2026-03-26 00:00:00,2.7587585
2026-03-26 01:00:00,2.3617249
2026-03-26 02:00:00,2.1580505
2026-03-26 03:00:00,1.9097595
2026-03-26 04:00:00,1.461792
2026-03-26 05:00:00,0.7904358
2026-03-26 06:00:00,0.4663391
2026-03-26 07:00:00,0.7209778
2026-03-26 08:00:00,1.6898193
2026-03-26 09:00:00,2.3829956
2026-03-26 10:00:00,1.2839661
2026-03-26 11:00:00,2.2512207
2026-03-26 12:00:00,3.061798
2026-03-26 13:00:00,3.5927734
2026-03-26 14:00:00,3.7138367
2026-03-26 15:00:00,3.7048035
2026-03-26 16:00:00,3.7052307
2026-03-26 17:00:00,3.6636658
2026-03-26 18:00:00,3.6800842
2026-03-26 19:00:00,3.9318542
2026-03-26 20:00:00,4.444336
2026-03-26 21:00:00,4.983185
2026-03-26 22:00:00,4.3469543
2026-03-26 23:00:00,4.307892
2026-03-27 00:00:00,4.1855774
2026-03-27 01:00:00,4.056122
2026-03-27 02:00:00,3.8253174
2026-03-27 03:00:00,3.5187073
2026-03-27 04:00:00,3.325653
2026-03-27 05:00:00,3.316864
2026-03-27 06:00:00,3.3677063
2026-03-27 07:00:00,3.3274536
2026-03-27 08:00:00,3.2305603
2026-03-27 09:00:00,3.1124573
2026-03-27 10:00:00,2.9718018
2026-03-27 11:00:00,3.6636047
2026-03-27 12:00:00,4.496155
2026-03-27 13:00:00,5.1571045
2026-03-27 14:00:00,5.5577393
2026-03-27 15:00:00,5.7672424
2026-03-27 16:00:00,5.8768616
2026-03-27 17:00:00,5.9883423
2026-03-27 18:00:00,6.036499
2026-03-27 19:00:00,6.039215
2026-03-27 20:00:00,5.999359
2026-03-27 21:00:00,5.466339
2026-03-27 22:00:00,3.6450195
2026-03-27 23:00:00,3.059784
2026-03-28 00:00:00,2.6339111
2026-03-28 01:00:00,1.9745178
2026-03-28 02:00:00,1.6691589
2026-03-28 03:00:00,1.6549683
2026-03-28 04:00:00,1.4076233
2026-03-28 05:00:00,1.0705261
2026-03-28 06:00:00,0.91625977
2026-03-28 07:00:00,0.8959656
2026-03-28 08:00:00,0.405365
2026-03-28 09:00:00,0.4237671
2026-03-28 10:00:00,-0.2290039
2026-03-28 11:00:00,-0.060913086
2026-03-28 12:00:00,0.2609253
2026-03-28 13:00:00,0.7796936
2026-03-28 14:00:00,0.85494995
2026-03-28 15:00:00,1.2247009
2026-03-28 16:00:00,1.5310364
2026-03-28 17:00:00,1.7242737
2026-03-28 18:00:00,1.8753967
2026-03-28 19:00:00,1.978302
2026-03-28 20:00:00,2.0917664
2026-03-28 21:00:00,2.1921387
2026-03-28 22:00:00,2.4943848
2026-03-28 23:00:00,2.6167603
2026-03-29 00:00:00,2.542572
2026-03-29 01:00:00,2.6338806
2026-03-29 02:00:00,2.643219
2026-03-29 03:00:00,2.2688293
2026-03-29 04:00:00,1.7257385
2026-03-29 05:00:00,1.3382263
2026-03-29 06:00:00,1.344574
2026-03-29 07:00:00,1.2526855
2026-03-29 08:00:00,-0.835907
2026-03-29 09:00:00,-0.73205566
2026-03-29 10:00:00,0.10574341
2026-03-29 11:00:00,0.8520813
2026-03-29 12:00:00,1.4261475
2026-03-29 13:00:00,1.8244324
2026-03-29 14:00:00,2.2548218
2026-03-29 15:00:00,2.6598816
2026-03-29 16:00:00,2.895874
2026-03-29 17:00:00,3.1163025
2026-03-29 18:00:00,3.396637
2026-03-29 19:00:00,3.1531982
2026-03-29 20:00:00,2.3954163
2026-03-29 21:00:00,1.8948059
2026-03-29 22:00:00,1.6377563
2026-03-29 23:00:00,1.56073
2026-03-30 00:00:00,1.6137085
2026-03-30 01:00:00,1.6269836
2026-03-30 02:00:00,1.5954895
2026-03-30 03:00:00,1.6030579
2026-03-30 04:00:00,1.7277222
2026-03-30 05:00:00,1.9936218
2026-03-30 06:00:00,1.8309326
2026-03-30 07:00:00,1.6269226
2026-03-30 08:00:00,1.5013123
2026-03-30 09:00:00,1.572052
2026-03-30 10:00:00,1.078064
2026-03-30 11:00:00,1.1159058
2026-03-30 12:00:00,1.0608215
2026-03-30 13:00:00,1.000946
2026-03-30 14:00:00,0.95321655
2026-03-30 15:00:00,0.75839233
2026-03-30 16:00:00,0.56973267
2026-03-30 17:00:00,0.3937683
2026-03-30 18:00:00,0.24151611
2026-03-30 19:00:00,0.13510132
2026-03-30 20:00:00,0.06832886
2026-03-30 21:00:00,0.15969849
2026-03-30 22:00:00,0.1487732
2026-03-30 23:00:00,0.54263306
2026-03-31 00:00:00,0.9718323
2026-03-31 01:00:00,1.4507751
2026-03-31 02:00:00,1.8686523
2026-03-31 03:00:00,2.0777893
2026-03-31 04:00:00,2.0332031
2026-03-31 05:00:00,1.856781
2026-03-31 06:00:00,1.66922
2026-03-31 07:00:00,1.5742188
2026-03-31 08:00:00,0.6378479
2026-03-31 09:00:00,0.38589478
2026-03-31 10:00:00,1.4258728
2026-03-31 11:00:00,2.2505188
2026-03-31 12:00:00,2.9897156
2026-03-31 13:00:00,3.335968
2026-03-31 14:00:00,3.4202576
2026-03-31 15:00:00,3.4327698
2026-03-31 16:00:00,3.2257996
2026-03-31 17:00:00,3.0787964
2026-03-31 18:00:00,2.9729614
2026-03-31 19:00:00,2.9101257
2026-03-31 20:00:00,2.8982239
2026-03-31 21:00:00,2.9152527
2026-03-31 22:00:00,2.770172
2026-03-31 23:00:00,2.719635
2026-04-01 00:00:00,2.6896667
2026-04-01 01:00:00,2.7234192
2026-04-01 02:00:00,2.861969
2026-04-01 03:00:00,3.1717224
2026-04-01 04:00:00,3.5436096
2026-04-01 05:00:00,3.8414001
2026-04-01 06:00:00,4.0286865
2026-04-01 07:00:00,4.115631
2026-04-01 08:00:00,4.120331
2026-04-01 09:00:00,3.9494324
2026-04-01 10:00:00,4.711273
2026-04-01 11:00:00,5.0677795
2026-04-01 12:00:00,5.6371155
2026-04-01 13:00:00,6.1752625
2026-04-01 14:00:00,6.5520935
2026-04-01 15:00:00,6.756897
2026-04-01 16:00:00,6.918091
2026-04-01 17:00:00,7.0105896
2026-04-01 18:00:00,6.804779
2026-04-01 19:00:00,5.919525
2026-04-01 20:00:00,5.0247498
2026-04-01 21:00:00,4.5751953
2026-04-01 22:00:00,5.1430054
2026-04-01 23:00:00,4.441437
2026-04-02 00:00:00,3.9424744
2026-04-02 01:00:00,3.7966309
2026-04-02 02:00:00,3.9023743
2026-04-02 03:00:00,4.1603394
2026-04-02 04:00:00,4.110199
2026-04-02 05:00:00,4.095459
2026-04-02 06:00:00,3.9859009
2026-04-02 07:00:00,3.9703064
2026-04-02 08:00:00,3.9005432
2026-04-02 09:00:00,3.9560242
2026-04-02 10:00:00,4.658325
2026-04-02 11:00:00,4.7461243
2026-04-02 12:00:00,4.8490295
2026-04-02 13:00:00,4.904297
2026-04-02 14:00:00,5.058655
2026-04-02 15:00:00,5.272064
2026-04-02 16:00:00,5.3475037
2026-04-02 17:00:00,5.018036
2026-04-02 18:00:00,4.6034546
2026-04-02 19:00:00,3.987091
2026-04-02 20:00:00,3.580536
2026-04-02 21:00:00,3.3009033
2026-04-02 22:00:00,3.522583
2026-04-02 23:00:00,3.4193726
2026-04-03 00:00:00,2.9217834
2026-04-03 01:00:00,2.1602173
2026-04-03 02:00:00,0.97546387
2026-04-03 03:00:00,0.24435425
2026-04-03 04:00:00,-0.046875
2026-04-03 05:00:00,-0.01727295
2026-04-03 06:00:00,0.10647583
2026-04-03 07:00:00,0.10055542
2026-04-03 08:00:00,-0.07608032
2026-04-03 09:00:00,-0.20303345
2026-04-03 10:00:00,-0.10067749
2026-04-03 11:00:00,0.005645752
2026-04-03 12:00:00,0.14053345
2026-04-03 13:00:00,0.087127686
2026-04-03 14:00:00,0.015838623
2026-04-03 15:00:00,-0.043060303
2026-04-03 16:00:00,-0.17178345
2026-04-03 17:00:00,-0.26104736
2026-04-03 18:00:00,-0.24545288
2026-04-03 19:00:00,-0.16647339
2026-04-03 20:00:00,-0.022003174
2026-04-03 21:00:00,0.24783325
2026-04-03 22:00:00,0.43554688
2026-04-03 23:00:00,0.3874817
2026-04-04 00:00:00,0.12704468
2026-04-04 01:00:00,-0.0071105957
2026-04-04 02:00:00,0.31051636
2026-04-04 03:00:00,1.0152893
2026-04-04 04:00:00,1.1802063
2026-04-04 05:00:00,0.82192993
2026-04-04 06:00:00,-0.033294678
2026-04-04 07:00:00,-0.3284607
2026-04-04 08:00:00,-0.4737854
2026-04-04 09:00:00,-0.35263062
2026-04-04 10:00:00,0.723114
2026-04-04 11:00:00,1.2104797
2026-04-04 12:00:00,1.5623169
2026-04-04 13:00:00,1.7233582
2026-04-04 14:00:00,1.3459167
2026-04-04 15:00:00,1.7221375
2026-04-04 16:00:00,2.2991333
2026-04-04 17:00:00,2.4084167
2026-04-04 18:00:00,2.2974548
2026-04-04 19:00:00,2.3979187
2026-04-04 20:00:00,2.5430908
2026-04-04 21:00:00,2.5795593
2026-04-04 22:00:00,2.4981384
2026-04-04 23:00:00,2.3074646
2026-04-05 00:00:00,2.1742249
2026-04-05 01:00:00,1.990509
2026-04-05 02:00:00,1.9189758
2026-04-05 03:00:00,2.044342
2026-04-05 04:00:00,2.1184998
2026-04-05 05:00:00,2.1035461
2026-04-05 06:00:00,2.2460632
2026-04-05 07:00:00,2.6272583
2026-04-05 08:00:00,2.7430725
2026-04-05 09:00:00,2.3224792
2026-04-05 10:00:00,1.9951477
2026-04-05 11:00:00,2.5324402
2026-04-05 12:00:00,3.3809204
2026-04-05 13:00:00,4.761078
2026-04-05 14:00:00,6.242523
2026-04-05 15:00:00,7.108734
2026-04-05 16:00:00,6.5795593
2026-04-05 17:00:00,5.623352
2026-04-05 18:00:00,4.964264
2026-04-05 19:00:00,4.45224
2026-04-05 20:00:00,3.7146912
2026-04-05 21:00:00,2.6651306
2026-04-05 22:00:00,2.7247925
2026-04-05 23:00:00,2.5653992
2026-04-06 00:00:00,2.7933044
2026-04-06 01:00:00,2.80896
2026-04-06 02:00:00,1.7950134
2026-04-06 03:00:00,1.1973877
2026-04-06 04:00:00,1.5075073
2026-04-06 05:00:00,2.028534
2026-04-06 06:00:00,2.2806091
2026-04-06 07:00:00,2.4369202
2026-04-06 08:00:00,2.8055115
2026-04-06 09:00:00,2.9726868
2026-04-06 10:00:00,1.9838257
2026-04-06 11:00:00,2.4647522
2026-04-06 12:00:00,2.6249695
2026-04-06 13:00:00,2.990265
2026-04-06 14:00:00,3.0220032
2026-04-06 15:00:00,3.0342407
2026-04-06 16:00:00,3.034027
2026-04-06 17:00:00,3.219696
2026-04-06 18:00:00,3.4391174
2026-04-06 19:00:00,3.3380737
2026-04-06 20:00:00,3.0800476
2026-04-06 21:00:00,2.7378845
2026-04-06 22:00:00,2.5635376
2026-04-06 23:00:00,1.9973145
2026-04-07 00:00:00,1.3674316
2026-04-07 01:00:00,0.8722534
2026-04-07 02:00:00,0.4673462
2026-04-07 03:00:00,0.12860107
2026-04-07 04:00:00,-0.18338013
2026-04-07 05:00:00,-0.47225952
2026-04-07 06:00:00,-0.6841736
2026-04-07 07:00:00,-0.70077515
2026-04-07 08:00:00,-0.4168396
2026-04-07 09:00:00,0.17764282
2026-04-07 10:00:00,-0.736145
2026-04-07 11:00:00,0.10189819
2026-04-07 12:00:00,0.46884155
2026-04-07 13:00:00,0.25479126
2026-04-07 14:00:00,0.019012451
2026-04-07 15:00:00,-0.3180542
2026-04-07 16:00:00,-0.57424927
2026-04-07 17:00:00,-0.7264404
2026-04-07 18:00:00,-0.63653564
2026-04-07 19:00:00,-0.17547607
2026-04-07 20:00:00,0.503479
2026-04-07 21:00:00,1.0968933
2026-04-07 22:00:00,1.3990173
2026-04-07 23:00:00,1.5117188
2026-04-08 00:00:00,1.6288757
2026-04-08 01:00:00,1.6766052
2026-04-08 02:00:00,1.5094299
2026-04-08 03:00:00,1.1377869
2026-04-08 04:00:00,0.92315674
2026-04-08 05:00:00,0.84329224
2026-04-08 06:00:00,0.69143677
2026-04-08 07:00:00,0.5260315
2026-04-08 08:00:00,-0.021697998
2026-04-08 09:00:00,0.0062561035
2026-04-08 10:00:00,0.4076233
2026-04-08 11:00:00,1.22995
2026-04-08 12:00:00,1.8192444
2026-04-08 13:00:00,2.0810242
2026-04-08 14:00:00,2.0030823
2026-04-08 15:00:00,1.5419617
2026-04-08 16:00:00,1.182251
2026-04-08 17:00:00,1.2672424
2026-04-08 18:00:00,1.4449158
2026-04-08 19:00:00,1.5118103
2026-04-08 20:00:00,1.3368835
2026-04-08 21:00:00,1.0143433
2026-04-08 22:00:00,0.8061218
2026-04-08 23:00:00,0.3987732
2026-04-09 00:00:00,0.0010070801
2026-04-09 01:00:00,-0.3211975
2026-04-09 02:00:00,-0.55526733
2026-04-09 03:00:00,-0.6916199
2026-04-09 04:00:00,-0.7852783
2026-04-09 05:00:00,-0.9142151
2026-04-09 06:00:00,-1.0176697
2026-04-09 07:00:00,-1.1128235
2026-04-09 08:00:00,-1.2191772
2026-04-09 09:00:00,-1.7009888
2026-04-09 10:00:00,-0.7781067
2026-04-09 11:00:00,-0.4116211
2026-04-09 12:00:00,-0.14859009
2026-04-09 13:00:00,0.0020751953
2026-04-09 14:00:00,0.25473022
2026-04-09 15:00:00,0.46420288
2026-04-09 16:00:00,0.56088257
2026-04-09 17:00:00,0.28616333
2026-04-09 18:00:00,-0.06820679
2026-04-09 19:00:00,-0.31906128
2026-04-09 20:00:00,-0.58413696
2026-04-09 21:00:00,-0.81430054
2026-04-09 22:00:00,-0.5814514
2026-04-09 23:00:00,-0.7934265
2026-04-10 00:00:00,-0.87698364
2026-04-10 01:00:00,-0.9311218
2026-04-10 02:00:00,-0.9897156
2026-04-10 03:00:00,-0.9461365
2026-04-10 04:00:00,-0.83569336
2026-04-10 05:00:00,-0.66897583
2026-04-10 06:00:00,-0.49591064
2026-04-10 07:00:00,-0.31430054
2026-04-10 08:00:00,-0.20324707
2026-04-10 09:00:00,-0.12283325
2026-04-10 10:00:00,0.46243286
2026-04-10 11:00:00,0.6930847
2026-04-10 12:00:00,0.8574524
2026-04-10 13:00:00,0.9758301
2026-04-10 14:00:00,1.0525818
2026-04-10 15:00:00,1.1134949
2026-04-10 16:00:00,1.2846375
2026-04-10 17:00:00,1.6304626
2026-04-10 18:00:00,2.0278625
2026-04-10 19:00:00,2.133484
2026-04-10 20:00:00,1.8917542
2026-04-10 21:00:00,1.5835266
2026-04-10 22:00:00,1.3398743
2026-04-10 23:00:00,1.1576843
2026-04-11 00:00:00,0.9801636
2026-04-11 01:00:00,0.92123413
2026-04-11 02:00:00,1.0141602
2026-04-11 03:00:00,1.239685
2026-04-11 04:00:00,1.5110168
2026-04-11 05:00:00,1.7592468
2026-04-11 06:00:00,2.0213318
2026-04-11 07:00:00,2.0713196
2026-04-11 08:00:00,1.789093
2026-04-11 09:00:00,1.2469788
2026-04-11 10:00:00,2.0787659
2026-04-11 11:00:00,2.3301392
2026-04-11 12:00:00,2.6801453
2026-04-11 13:00:00,2.960968
2026-04-11 14:00:00,3.1105347
2026-04-11 15:00:00,3.246704
2026-04-11 16:00:00,3.4579163
2026-04-11 17:00:00,3.645752
2026-04-11 18:00:00,3.780426
2026-04-11 19:00:00,3.8625793
2026-04-11 20:00:00,3.908783
2026-04-11 21:00:00,3.9185486
2026-04-11 22:00:00,3.848114
2026-04-11 23:00:00,3.7796326
2026-04-12 00:00:00,3.722931
2026-04-12 01:00:00,3.681305
2026-04-12 02:00:00,3.6531067
2026-04-12 03:00:00,3.6145325
2026-04-12 04:00:00,3.585907
2026-04-12 05:00:00,3.571869
2026-04-12 06:00:00,3.5690613
2026-04-12 07:00:00,3.5829773
2026-04-12 08:00:00,3.6784973
2026-04-12 09:00:00,3.8261108
2026-04-12 10:00:00,4.931671
2026-04-12 11:00:00,5.0013733
2026-04-12 12:00:00,5.1046753
2026-04-12 13:00:00,5.181946
2026-04-12 14:00:00,5.22406
2026-04-12 15:00:00,5.290497
2026-04-12 16:00:00,5.4082336
2026-04-12 17:00:00,5.5347595
2026-04-12 18:00:00,5.6285706
2026-04-12 19:00:00,5.6795654
2026-04-12 20:00:00,5.7190857
2026-04-12 21:00:00,5.7296143
2026-04-12 22:00:00,5.272522
2026-04-12 23:00:00,5.270355
2026-04-13 00:00:00,5.298401
2026-04-13 01:00:00,5.3554993
2026-04-13 02:00:00,5.395874
2026-04-13 03:00:00,5.440155
2026-04-13 04:00:00,5.4556274
2026-04-13 05:00:00,5.4250793
2026-04-13 06:00:00,5.3576965
2026-04-13 07:00:00,5.245514
2026-04-13 08:00:00,5.0708923
2026-04-13 09:00:00,4.8406677
2026-04-13 10:00:00,5.154999
2026-04-13 11:00:00,4.8143005
2026-04-13 12:00:00,4.511017
2026-04-13 13:00:00,4.29422
2026-04-13 14:00:00,4.121002
2026-04-13 15:00:00,3.931305
2026-04-13 16:00:00,3.8180237
2026-04-13 17:00:00,3.7704773
2026-04-13 18:00:00,3.7653503
2026-04-13 19:00:00,3.792389
2026-04-13 20:00:00,3.815857
2026-04-13 21:00:00,3.7914734
2026-04-13 22:00:00,4.1176453
2026-04-13 23:00:00,3.976593
2026-04-14 00:00:00,3.8842773
2026-04-14 01:00:00,3.8240051
2026-04-14 02:00:00,3.769928
2026-04-14 03:00:00,3.7862854
2026-04-14 04:00:00,3.8816528
2026-04-14 05:00:00,4.0190735
2026-04-14 06:00:00,4.1973267
2026-04-14 07:00:00,4.3856506
2026-04-14 08:00:00,4.529999
2026-04-14 09:00:00,4.6903076
2026-04-14 10:00:00,4.991913
2026-04-14 11:00:00,5.05307
2026-04-14 12:00:00,5.1369934
2026-04-14 13:00:00,5.2465515
2026-04-14 14:00:00,5.3266907
2026-04-14 15:00:00,5.363739
2026-04-14 16:00:00,5.3578796
2026-04-14 17:00:00,5.5465393
2026-04-14 18:00:00,5.7762146
2026-04-14 19:00:00,5.962311
2026-04-14 20:00:00,6.08609
2026-04-14 21:00:00,6.1701355
2026-04-14 22:00:00,5.811493
2026-04-14 23:00:00,6.1561584
2026-04-15 00:00:00,6.4806824
2026-04-15 01:00:00,6.9030457
2026-04-15 02:00:00,7.1546936
2026-04-15 03:00:00,7.3138123
2026-04-15 04:00:00,7.5361633
2026-04-15 05:00:00,7.5483093
2026-04-15 06:00:00,7.3370667
2026-04-15 07:00:00,6.981537
2026-04-15 08:00:00,6.7199097
2026-04-15 09:00:00,6.7189026
2026-04-15 10:00:00,5.8731995
2026-04-15 11:00:00,6.327057
2026-04-15 12:00:00,6.672577
2026-04-15 13:00:00,6.7830505
2026-04-15 14:00:00,6.7987366
2026-04-15 15:00:00,6.733673
2026-04-15 16:00:00,6.5665894
2026-04-15 17:00:00,6.4079285
2026-04-15 18:00:00,6.3110046
2026-04-15 19:00:00,6.269928
2026-04-15 20:00:00,6.2555847
2026-04-15 21:00:00,6.270691
2026-04-15 22:00:00,5.5762634
2026-04-15 23:00:00,5.924347
2026-04-16 00:00:00,6.2166443
2026-04-16 01:00:00,6.4886475
2026-04-16 02:00:00,6.804596
2026-04-16 03:00:00,7.111664
2026-04-16 04:00:00,7.2797546
2026-04-16 05:00:00,7.3399353
2026-04-16 06:00:00,7.35791
2026-04-16 07:00:00,7.261261
2026-04-16 08:00:00,7.0884094
2026-04-16 09:00:00,6.890564
2026-04-16 10:00:00,6.9052124
2026-04-16 11:00:00,6.9487
2026-04-16 12:00:00,7.0870667
2026-04-16 13:00:00,7.2276
2026-04-16 14:00:00,7.1334534
2026-04-16 15:00:00,6.685364
2026-04-16 16:00:00,5.986725
2026-04-16 17:00:00,5.3358765
2026-04-16 18:00:00,4.927063
2026-04-16 19:00:00,4.667389
2026-04-16 20:00:00,4.5658875
2026-04-16 21:00:00,4.5693665
2026-04-16 22:00:00,5.1127014
2026-04-16 23:00:00,5.5673523
2026-04-17 00:00:00,5.87381
2026-04-17 01:00:00,6.0830994
2026-04-17 02:00:00,6.2583923
2026-04-17 03:00:00,6.4093933
2026-04-17 04:00:00,6.558258
2026-04-17 05:00:00,6.7691956
2026-04-17 06:00:00,6.9858093
2026-04-17 07:00:00,7.1369934
2026-04-17 08:00:00,7.2100525
2026-04-17 09:00:00,7.2924194
2026-04-17 10:00:00,7.6069336
2026-04-17 11:00:00,7.511139
2026-04-17 12:00:00,7.498169
2026-04-17 13:00:00,7.3213806
2026-04-17 14:00:00,7.111847
2026-04-17 15:00:00,7.261688
2026-04-17 16:00:00,7.4236145
2026-04-17 17:00:00,7.5697937
2026-04-17 18:00:00,7.9076233
2026-04-17 19:00:00,8.062134
2026-04-17 20:00:00,7.9920044
2026-04-17 21:00:00,7.936554
2026-04-17 22:00:00,7.9133606
2026-04-17 23:00:00,7.823517
2026-04-18 00:00:00,7.7202454
2026-04-18 01:00:00,7.6592712
2026-04-18 02:00:00,7.572418
2026-04-18 03:00:00,7.356476
2026-04-18 04:00:00,6.967041
2026-04-18 05:00:00,6.577484
2026-04-18 06:00:00,6.433014
2026-04-18 07:00:00,6.419342
2026-04-18 08:00:00,6.445404
2026-04-18 09:00:00,6.424713
2026-04-18 10:00:00,7.474945
2026-04-18 11:00:00,7.5655823
2026-04-18 12:00:00,7.633026
2026-04-18 13:00:00,7.6770935
2026-04-18 14:00:00,7.6997986
2026-04-18 15:00:00,7.6651306
2026-04-18 16:00:00,7.5985413
2026-04-18 17:00:00,7.406067
2026-04-18 18:00:00,7.2049866
2026-04-18 19:00:00,7.055237
2026-04-18 20:00:00,6.903351
2026-04-18 21:00:00,6.6426086
2026-04-18 22:00:00,5.8781433
2026-04-18 23:00:00,5.4965515
2026-04-19 00:00:00,5.4042053
2026-04-19 01:00:00,5.4222107
2026-04-19 02:00:00,5.410736
2026-04-19 03:00:00,5.3155823
2026-04-19 04:00:00,5.158722
2026-04-19 05:00:00,4.9651184
2026-04-19 06:00:00,4.6922913
2026-04-19 07:00:00,4.204132
2026-04-19 08:00:00,3.3581238
2026-04-19 09:00:00,2.4128723
2026-04-19 10:00:00,1.5930481
2026-04-19 11:00:00,1.1427917
2026-04-19 12:00:00,0.8258362
2026-04-19 13:00:00,0.46221924
2026-04-19 14:00:00,0.16714478
2026-04-19 15:00:00,0.021209717
2026-04-19 16:00:00,0.097961426
2026-04-19 17:00:00,0.26623535
2026-04-19 18:00:00,0.6046448
2026-04-19 19:00:00,0.9830017
2026-04-19 20:00:00,1.2368774
2026-04-19 21:00:00,1.4509583
2026-04-19 22:00:00,1.3439331
2026-04-19 23:00:00,1.7527771
2026-04-20 00:00:00,2.2773132
2026-04-20 01:00:00,2.717682
2026-04-20 02:00:00,3.043457
2026-04-20 03:00:00,3.3370972
2026-04-20 04:00:00,3.610077
2026-04-20 05:00:00,3.8369446
2026-04-20 06:00:00,3.9894104
2026-04-20 07:00:00,4.092804
2026-04-20 08:00:00,4.0691833
2026-04-20 09:00:00,3.3319397
2026-04-20 10:00:00,3.256958
2026-04-20 11:00:00,3.4692078
2026-04-20 12:00:00,3.5947876
2026-04-20 13:00:00,3.6354675
2026-04-20 14:00:00,3.6224365
2026-04-20 15:00:00,3.5741882
2026-04-20 16:00:00,3.4432678
2026-04-20 17:00:00,3.375763
2026-04-20 18:00:00,3.4166565
2026-04-20 19:00:00,3.5879822
2026-04-20 20:00:00,3.8797607
2026-04-20 21:00:00,4.1833496
2026-04-20 22:00:00,4.3543396
2026-04-20 23:00:00,4.473938
2026-04-21 00:00:00,4.5309143
2026-04-21 01:00:00,4.553009
2026-04-21 02:00:00,4.552002
2026-04-21 03:00:00,4.5954285
2026-04-21 04:00:00,4.70224
2026-04-21 05:00:00,4.9461975
2026-04-21 06:00:00,5.2968445
2026-04-21 07:00:00,5.691559
2026-04-21 08:00:00,6.1438293
2026-04-21 09:00:00,6.4422913
2026-04-21 10:00:00,6.497284
2026-04-21 11:00:00,7.263153
2026-04-21 12:00:00,8.10788
2026-04-21 13:00:00,8.647217
2026-04-21 14:00:00,8.92038
2026-04-21 15:00:00,8.950165
2026-04-21 16:00:00,8.800262
2026-04-21 17:00:00,8.657471
2026-04-21 18:00:00,8.685883
2026-04-21 19:00:00,8.842926
2026-04-21 20:00:00,8.905029
2026-04-21 21:00:00,8.840118
2026-04-21 22:00:00,9.316132
2026-04-21 23:00:00,8.13208
2026-04-22 00:00:00,6.873535
2026-04-22 01:00:00,6.076111
2026-04-22 02:00:00,5.6891174
2026-04-22 03:00:00,5.217865
2026-04-22 04:00:00,4.8335266
2026-04-22 05:00:00,4.538666
2026-04-22 06:00:00,4.058502
2026-04-22 07:00:00,3.8528748
2026-04-22 08:00:00,3.540985
2026-04-22 09:00:00,4.3384705
2026-04-22 10:00:00,4.1476135
2026-04-22 11:00:00,5.115265
2026-04-22 12:00:00,5.930542
2026-04-22 13:00:00,6.5746155
2026-04-22 14:00:00,7.1056824
2026-04-22 15:00:00,7.608734
2026-04-22 16:00:00,8.29834
2026-04-22 17:00:00,9.176758
2026-04-22 18:00:00,9.411346
2026-04-22 19:00:00,8.358795
2026-04-22 20:00:00,6.9830627
2026-04-22 21:00:00,6.1265564
2026-04-22 22:00:00,6.2851257
2026-04-22 23:00:00,5.145111
2026-04-23 00:00:00,4.375122
2026-04-23 01:00:00,4.1527405
2026-04-23 02:00:00,3.9170227
2026-04-23 03:00:00,3.605713
2026-04-23 04:00:00,3.332306
2026-04-23 05:00:00,3.075409
2026-04-23 06:00:00,2.8470154
2026-04-23 07:00:00,2.5177307
2026-04-23 08:00:00,3.246338
2026-04-23 09:00:00,3.9160156
2026-04-23 10:00:00,4.9325256
2026-04-23 11:00:00,5.396393
2026-04-23 12:00:00,5.9945984
2026-04-23 13:00:00,6.7012024
2026-04-23 14:00:00,7.415039
2026-04-23 15:00:00,8.030243
2026-04-23 16:00:00,8.63327
2026-04-23 17:00:00,9.10202
2026-04-23 18:00:00,9.369049
2026-04-23 19:00:00,9.411957
2026-04-23 20:00:00,8.975067
2026-04-23 21:00:00,8.0469055
2026-04-23 22:00:00,7.5768127
2026-04-23 23:00:00,6.5771484
2026-04-24 00:00:00,5.7621765
2026-04-24 01:00:00,5.1452026
2026-04-24 02:00:00,4.505707
2026-04-24 03:00:00,3.8546448
2026-04-24 04:00:00,3.3077698
2026-04-24 05:00:00,2.9023132
2026-04-24 06:00:00,2.6519775
2026-04-24 07:00:00,3.0995178
2026-04-24 08:00:00,3.8367615
2026-04-24 09:00:00,4.4944153
2026-04-24 10:00:00,6.532135
2026-04-24 11:00:00,7.2079163
2026-04-24 12:00:00,8.575348
2026-04-24 13:00:00,9.278656
2026-04-24 14:00:00,9.444946
2026-04-24 15:00:00,8.958099
2026-04-24 16:00:00,8.075043
2026-04-24 17:00:00,8.064606
2026-04-24 18:00:00,9.002045
2026-04-24 19:00:00,9.827606
2026-04-24 20:00:00,10.074738
2026-04-24 21:00:00,10.20163
2026-04-24 22:00:00,10.047852
2026-04-24 23:00:00,9.193268
2026-04-25 00:00:00,8.5364685
2026-04-25 01:00:00,8.091217
2026-04-25 02:00:00,7.5515137
2026-04-25 03:00:00,6.3490295
2026-04-25 04:00:00,5.7365723
2026-04-25 05:00:00,5.7790527
2026-04-25 06:00:00,5.9776306
2026-04-25 07:00:00,5.8590393
2026-04-25 08:00:00,5.6824646
2026-04-25 09:00:00,6.0351257
2026-04-25 10:00:00,4.803009
2026-04-25 11:00:00,4.6441956
2026-04-25 12:00:00,3.5848083
2026-04-25 13:00:00,1.578186
2026-04-25 14:00:00,0.39474487
2026-04-25 15:00:00,0.3539734
2026-04-25 16:00:00,0.45645142
2026-04-25 17:00:00,0.11154175
2026-04-25 18:00:00,-0.18515015
2026-04-25 19:00:00,-0.4109192
2026-04-25 20:00:00,-0.4584961
2026-04-25 21:00:00,-0.27737427
2026-04-25 22:00:00,-1.1522827
2026-04-25 23:00:00,-1.1733704
2026-04-26 00:00:00,-1.2140808
2026-04-26 01:00:00,-1.4039307
2026-04-26 02:00:00,-1.6089172
2026-04-26 03:00:00,-1.7115173
2026-04-26 04:00:00,-1.7865295
2026-04-26 05:00:00,-1.7900085
2026-04-26 06:00:00,-1.5912781
2026-04-26 07:00:00,-0.99139404
2026-04-26 08:00:00,-0.16088867
2026-04-26 09:00:00,0.60513306
2026-04-26 10:00:00,1.2249451
2026-04-26 11:00:00,1.8717041
2026-04-26 12:00:00,2.6917114
2026-04-26 13:00:00,3.4977722
2026-04-26 14:00:00,3.8269043
2026-04-26 15:00:00,3.8923645
2026-04-26 16:00:00,3.83432
2026-04-26 17:00:00,3.7239075
2026-04-26 18:00:00,3.5202332
2026-04-26 19:00:00,3.224884
2026-04-26 20:00:00,2.908661
2026-04-26 21:00:00,2.5473938
2026-04-26 22:00:00,1.6907349
2026-04-26 23:00:00,0.81625366
2026-04-27 00:00:00,0.14804077
2026-04-27 01:00:00,-0.29849243
2026-04-27 02:00:00,-0.73117065
2026-04-27 03:00:00,-1.1540833
2026-04-27 04:00:00,-1.4925842
2026-04-27 05:00:00,-1.725708
2026-04-27 06:00:00,-1.9283142
2026-04-27 07:00:00,-1.4538879
2026-04-27 08:00:00,-0.5372925
2026-04-27 09:00:00,0.5232239
2026-04-27 10:00:00,1.2704773
2026-04-27 11:00:00,1.9178772
2026-04-27 12:00:00,2.2941284
2026-04-27 13:00:00,2.5014343
2026-04-27 14:00:00,2.7329407
2026-04-27 15:00:00,2.4927673
2026-04-27 16:00:00,2.1943054
2026-04-27 17:00:00,1.3208923
2026-04-27 18:00:00,1.0829163
2026-04-27 19:00:00,1.1599426
2026-04-27 20:00:00,1.1376648
2026-04-27 21:00:00,1.0099792
2026-04-27 22:00:00,0.98672485
2026-04-27 23:00:00,0.8962097
2026-04-28 00:00:00,0.8555603
2026-04-28 01:00:00,0.7500305
2026-04-28 02:00:00,0.60305786
2026-04-28 03:00:00,0.45681763
2026-04-28 04:00:00,0.2394104
2026-04-28 05:00:00,-0.12124634
2026-04-28 06:00:00,-0.5401001
2026-04-28 07:00:00,-0.97073364
2026-04-28 08:00:00,-0.6756897
2026-04-28 09:00:00,-0.5324402
2026-04-28 10:00:00,-0.29812622
2026-04-28 11:00:00,0.22885132
2026-04-28 12:00:00,0.85635376
2026-04-28 13:00:00,1.1801147
2026-04-28 14:00:00,1.540863
2026-04-28 15:00:00,1.5666199
2026-04-28 16:00:00,1.411438
2026-04-28 17:00:00,1.1017151
2026-04-28 18:00:00,0.8406677
2026-04-28 19:00:00,0.6728821
2026-04-28 20:00:00,0.4828186
2026-04-28 21:00:00,0.3307495
2026-04-28 22:00:00,0.44711304
2026-04-28 23:00:00,0.39224243
2026-04-29 00:00:00,0.19754028
2026-04-29 01:00:00,0.029754639
2026-04-29 02:00:00,0.0128479
2026-04-29 03:00:00,0.08395386
2026-04-29 04:00:00,0.23312378
2026-04-29 05:00:00,0.39331055
2026-04-29 06:00:00,0.55581665
2026-04-29 07:00:00,0.67477417
2026-04-29 08:00:00,0.8773804
2026-04-29 09:00:00,1.7409363
2026-04-29 10:00:00,2.5809326
2026-04-29 11:00:00,3.6011658
2026-04-29 12:00:00,4.5003967
2026-04-29 13:00:00,5.2366333
2026-04-29 14:00:00,5.835907
2026-04-29 15:00:00,5.981415
2026-04-29 16:00:00,5.7206726
2026-04-29 17:00:00,5.4079285
2026-04-29 18:00:00,5.6514587
2026-04-29 19:00:00,6.2963867
2026-04-29 20:00:00,6.671417
2026-04-29 21:00:00,6.6459656
2026-04-29 22:00:00,6.541565
2026-04-29 23:00:00,6.7965393
2026-04-30 00:00:00,7.1893005
2026-04-30 01:00:00,7.332367
2026-04-30 02:00:00,7.319092
2026-04-30 03:00:00,7.308258
2026-04-30 04:00:00,7.21756
2026-04-30 05:00:00,7.0541687
2026-04-30 06:00:00,6.8013916
2026-04-30 07:00:00,6.443939
2026-04-30 08:00:00,6.100769
2026-04-30 09:00:00,6.521637
2026-04-30 10:00:00,7.4986267
2026-04-30 11:00:00,8.674835
2026-04-30 12:00:00,9.869263
2026-04-30 13:00:00,10.894257
2026-04-30 14:00:00,11.596161
2026-04-30 15:00:00,12.07309
2026-04-30 16:00:00,12.365967
2026-04-30 17:00:00,12.624054
2026-04-30 18:00:00,13.183563
2026-04-30 19:00:00,13.7812805
2026-04-30 20:00:00,14.242828
2026-04-30 21:00:00,14.396088
2026-04-30 22:00:00,14.707947
2026-04-30 23:00:00,14.6875305
2026-05-01 00:00:00,14.709564
2026-05-01 01:00:00,14.557495
2026-05-01 02:00:00,14.260986
2026-05-01 03:00:00,14.052124
2026-05-01 04:00:00,13.93158
2026-05-01 05:00:00,13.963959
2026-05-01 06:00:00,14.345184
2026-05-01 07:00:00,14.753906
2026-05-01 08:00:00,15.080994
2026-05-01 09:00:00,15.164856
2026-05-01 10:00:00,15.377319
2026-05-01 11:00:00,15.566711
2026-05-01 12:00:00,16.56128
2026-05-01 13:00:00,17.431122
2026-05-01 14:00:00,17.994843
2026-05-01 15:00:00,18.087189
2026-05-01 16:00:00,17.635956
2026-05-01 17:00:00,16.66446
2026-05-01 18:00:00,15.657745
2026-05-01 19:00:00,14.9835205
2026-05-01 20:00:00,14.194153
2026-05-01 21:00:00,13.38858
2026-05-01 22:00:00,12.800568
2026-05-01 23:00:00,12.608246
2026-05-02 00:00:00,12.54483
2026-05-02 01:00:00,12.455383
2026-05-02 02:00:00,12.291229
2026-05-02 03:00:00,12.039734
2026-05-02 04:00:00,11.876038
2026-05-02 05:00:00,11.613007
2026-05-02 06:00:00,11.747589
2026-05-02 07:00:00,11.4530945
2026-05-02 08:00:00,11.451324
2026-05-02 09:00:00,12.504791
2026-05-02 10:00:00,13.846954
2026-05-02 11:00:00,14.73996
2026-05-02 12:00:00,15.589569
2026-05-02 13:00:00,16.403107
2026-05-02 14:00:00,17.055511
2026-05-02 15:00:00,17.597778
2026-05-02 16:00:00,17.969574
2026-05-02 17:00:00,18.173676
2026-05-02 18:00:00,17.955841
2026-05-02 19:00:00,17.22342
2026-05-02 20:00:00,15.992584
2026-05-02 21:00:00,14.685577
2026-05-02 22:00:00,13.469269
2026-05-02 23:00:00,12.963837
2026-05-03 00:00:00,12.213104
2026-05-03 01:00:00,10.908936
2026-05-03 02:00:00,9.436554
2026-05-03 03:00:00,7.867218
2026-05-03 04:00:00,6.217926
2026-05-03 05:00:00,5.0153503
2026-05-03 06:00:00,4.236328
2026-05-03 07:00:00,3.4393005
2026-05-03 08:00:00,3.2688293
2026-05-03 09:00:00,4.123657
2026-05-03 10:00:00,3.3015747
2026-05-03 11:00:00,3.3200378
2026-05-03 12:00:00,3.2795715
2026-05-03 13:00:00,3.19693
2026-05-03 14:00:00,3.2305603
2026-05-03 15:00:00,3.3547058
2026-05-03 16:00:00,3.5705566
2026-05-03 17:00:00,3.9797058
2026-05-03 18:00:00,4.50885
2026-05-03 19:00:00,4.9840393
2026-05-03 20:00:00,5.3736877
2026-05-03 21:00:00,5.385803
2026-05-03 22:00:00,4.550293
2026-05-03 23:00:00,4.9389343
2026-05-04 00:00:00,5.295349
2026-05-04 01:00:00,5.689453
2026-05-04 02:00:00,6.0592346
2026-05-04 03:00:00,6.2052307
2026-05-04 04:00:00,6.520569
2026-05-04 05:00:00,6.6693726
2026-05-04 06:00:00,6.4992676
2026-05-04 07:00:00,6.9058533
2026-05-04 08:00:00,7.259552
2026-05-04 09:00:00,7.304474
2026-05-04 10:00:00,6.6958313
2026-05-04 11:00:00,7.322693
2026-05-04 12:00:00,8.149567
2026-05-04 13:00:00,8.803741
2026-05-04 14:00:00,9.623108
2026-05-04 15:00:00,10.127502
2026-05-04 16:00:00,10.149689
2026-05-04 17:00:00,10.031342
2026-05-04 18:00:00,9.99173
2026-05-04 19:00:00,10.096252
2026-05-04 20:00:00,10.011932
2026-05-04 21:00:00,9.331451
2026-05-04 22:00:00,8.561707
2026-05-04 23:00:00,7.8937683
2026-05-05 00:00:00,7.1886597
2026-05-05 01:00:00,6.375946
2026-05-05 02:00:00,5.4342957
2026-05-05 03:00:00,4.4858704
2026-05-05 04:00:00,3.6003418
2026-05-05 05:00:00,2.9288635
2026-05-05 06:00:00,2.4734497
2026-05-05 07:00:00,2.5600586
2026-05-05 08:00:00,3.0359802
2026-05-05 09:00:00,3.5609436
2026-05-05 10:00:00,3.6549072
2026-05-05 11:00:00,4.534973
2026-05-05 12:00:00,5.204132
2026-05-05 13:00:00,5.6280212
2026-05-05 14:00:00,5.740448
2026-05-05 15:00:00,5.5980225
2026-05-05 16:00:00,5.3367615
2026-05-05 17:00:00,5.040497
2026-05-05 18:00:00,4.8451843
2026-05-05 19:00:00,4.7466125
2026-05-05 20:00:00,4.7134705
2026-05-05 21:00:00,4.7421875
2026-05-05 22:00:00,3.2858582
2026-05-05 23:00:00,2.9894104
2026-05-06 00:00:00,2.6642761
2026-05-06 01:00:00,2.5471191
2026-05-06 02:00:00,2.561798
2026-05-06 03:00:00,2.5202026
2026-05-06 04:00:00,2.4058533
2026-05-06 05:00:00,2.2805786
2026-05-06 06:00:00,2.1866455
2026-05-06 07:00:00,2.1148987
2026-05-06 08:00:00,2.8172913
2026-05-06 09:00:00,3.4405823
2026-05-06 10:00:00,3.7405396
2026-05-06 11:00:00,4.328064
2026-05-06 12:00:00,4.713501
2026-05-06 13:00:00,4.637909
2026-05-06 14:00:00,4.3466187
2026-05-06 15:00:00,4.0855713
2026-05-06 16:00:00,3.9873962
2026-05-06 17:00:00,3.882904
2026-05-06 18:00:00,3.9466248
2026-05-06 19:00:00,4.0377502
2026-05-06 20:00:00,4.0710754
2026-05-06 21:00:00,4.0708923
2026-05-06 22:00:00,3.8698425
2026-05-06 23:00:00,3.896515
2026-05-07 00:00:00,3.8788147
2026-05-07 01:00:00,3.8610535
2026-05-07 02:00:00,3.9007874
2026-05-07 03:00:00,3.9579163
2026-05-07 04:00:00,3.9933472
2026-05-07 05:00:00,3.90036
2026-05-07 06:00:00,3.716858
2026-05-07 07:00:00,3.4321594
2026-05-07 08:00:00,3.532135
2026-05-07 09:00:00,4.282898
2026-05-07 10:00:00,4.730316
2026-05-07 11:00:00,5.375458
2026-05-07 12:00:00,5.839569
2026-05-07 13:00:00,6.2318726
2026-05-07 14:00:00,6.550598
2026-05-07 15:00:00,6.7081604
2026-05-07 16:00:00,6.6318054
2026-05-07 17:00:00,6.4188538
2026-05-07 18:00:00,6.1756287
2026-05-07 19:00:00,6.005371
2026-05-07 20:00:00,5.9904175
2026-05-07 21:00:00,6.08609
2026-05-07 22:00:00,6.3964233
2026-05-07 23:00:00,6.3172913
2026-05-08 00:00:00,6.180084
2026-05-08 01:00:00,6.002655
2026-05-08 02:00:00,5.8111877
2026-05-08 03:00:00,5.6076965
2026-05-08 04:00:00,5.3974915
2026-05-08 05:00:00,5.1957397
2026-05-08 06:00:00,5.061249
2026-05-08 07:00:00,4.974945
2026-05-08 08:00:00,4.830139
2026-05-08 09:00:00,4.8699646
2026-05-08 10:00:00,4.86026
2026-05-08 11:00:00,5.0492554
2026-05-08 12:00:00,5.2450867
2026-05-08 13:00:00,5.352783
2026-05-08 14:00:00,5.305542
2026-05-08 15:00:00,5.495697
2026-05-08 16:00:00,5.5558167
2026-05-08 17:00:00,5.6564636
2026-05-08 18:00:00,5.7529297
2026-05-08 19:00:00,5.771698
2026-05-08 20:00:00,5.860382
2026-05-08 21:00:00,5.9959717
2026-05-08 22:00:00,6.1092834
2026-05-08 23:00:00,6.1008606
2026-05-09 00:00:00,5.962219
2026-05-09 01:00:00,5.832794
2026-05-09 02:00:00,5.6878967
2026-05-09 03:00:00,5.6459045
2026-05-09 04:00:00,5.7704773
2026-05-09 05:00:00,5.932434
2026-05-09 06:00:00,5.981079
2026-05-09 07:00:00,5.8872986
2026-05-09 08:00:00,5.6670227
2026-05-09 09:00:00,5.4526367
2026-05-09 10:00:00,5.09433
2026-05-09 11:00:00,5.207855
2026-05-09 12:00:00,5.2478333
2026-05-09 13:00:00,5.2502136
2026-05-09 14:00:00,5.3023376
2026-05-09 15:00:00,5.483917
2026-05-09 16:00:00,5.6128845
2026-05-09 17:00:00,5.7849426
2026-05-09 18:00:00,6.0263367
2026-05-09 19:00:00,6.33432
2026-05-09 20:00:00,6.716095
2026-05-09 21:00:00,7.057556
2026-05-09 22:00:00,6.830017
2026-05-09 23:00:00,6.725067
2026-05-10 00:00:00,6.398407
2026-05-10 01:00:00,6.1183167
2026-05-10 02:00:00,6.189453
2026-05-10 03:00:00,6.3858337
2026-05-10 04:00:00,6.4419556
2026-05-10 05:00:00,6.378937
2026-05-10 06:00:00,6.28067
2026-05-10 07:00:00,6.12619
2026-05-10 08:00:00,6.031708
2026-05-10 09:00:00,6.350006
2026-05-10 10:00:00,6.7659607
2026-05-10 11:00:00,7.3975525
2026-05-10 12:00:00,7.8357544
2026-05-10 13:00:00,7.9627075
2026-05-10 14:00:00,8.166718
2026-05-10 15:00:00,8.416107
2026-05-10 16:00:00,8.611847
2026-05-10 17:00:00,8.740112
2026-05-10 18:00:00,8.508392
2026-05-10 19:00:00,7.9704285
2026-05-10 20:00:00,7.409027
2026-05-10 21:00:00,7.0330505
2026-05-10 22:00:00,7.1632385
2026-05-10 23:00:00,6.9963684
2026-05-11 00:00:00,6.959015
2026-05-11 01:00:00,6.783539
2026-05-11 02:00:00,6.44281
2026-05-11 03:00:00,6.150818
2026-05-11 04:00:00,5.960968
2026-05-11 05:00:00,5.7743835
2026-05-11 06:00:00,5.5670776
2026-05-11 07:00:00,5.2397766
2026-05-11 08:00:00,5.800995
2026-05-11 09:00:00,6.7538757
2026-05-11 10:00:00,7.2677917
2026-05-11 11:00:00,7.6335754
2026-05-11 12:00:00,8.187653
2026-05-11 13:00:00,8.560944
2026-05-11 14:00:00,8.781952
2026-05-11 15:00:00,8.825562
2026-05-11 16:00:00,8.795929
2026-05-11 17:00:00,8.590424
2026-05-11 18:00:00,8.256805
2026-05-11 19:00:00,7.733246
2026-05-11 20:00:00,7.1371155
2026-05-11 21:00:00,6.699005
2026-05-11 22:00:00,6.6961975
2026-05-11 23:00:00,6.7174377
2026-05-12 00:00:00,6.6181946
2026-05-12 01:00:00,6.208832
2026-05-12 02:00:00,5.6462097
2026-05-12 03:00:00,5.4552917
2026-05-12 04:00:00,5.2357483
2026-05-12 05:00:00,4.9520874
2026-05-12 06:00:00,4.636627
2026-05-12 07:00:00,4.6645203
2026-05-12 08:00:00,4.771759
2026-05-12 09:00:00,4.9923706
2026-05-12 10:00:00,3.9814148
2026-05-12 11:00:00,4.303192
2026-05-12 12:00:00,4.454773
2026-05-12 13:00:00,4.5574036
2026-05-12 14:00:00,4.6299744
2026-05-12 15:00:00,4.5553284
2026-05-12 16:00:00,4.512848
2026-05-12 17:00:00,4.4251404
2026-05-12 18:00:00,4.378845
2026-05-12 19:00:00,4.3499756
2026-05-12 20:00:00,4.3177185
2026-05-12 21:00:00,4.221527
2026-05-12 22:00:00,4.663086
2026-05-12 23:00:00,4.477783
2026-05-13 00:00:00,4.2621155
2026-05-13 01:00:00,4.2866516
2026-05-13 02:00:00,4.367035
2026-05-13 03:00:00,4.3317566
2026-05-13 04:00:00,4.3210144
2026-05-13 05:00:00,4.345337
2026-05-13 06:00:00,4.3852844
2026-05-13 07:00:00,4.4740906
2026-05-13 08:00:00,4.624237
2026-05-13 09:00:00,4.824066
2026-05-13 10:00:00,4.8837585
2026-05-13 11:00:00,5.078705
2026-05-13 12:00:00,5.2250977
2026-05-13 13:00:00,5.4859314
2026-05-13 14:00:00,5.6025085
2026-05-13 15:00:00,5.589081
2026-05-13 16:00:00,5.5610657
2026-05-13 17:00:00,5.4887695
2026-05-13 18:00:00,5.3126526
2026-05-13 19:00:00,5.174652
2026-05-13 20:00:00,4.969879
2026-05-13 21:00:00,4.8383484
2026-05-13 22:00:00,4.99881
2026-05-13 23:00:00,4.879181
2026-05-14 00:00:00,4.6824646
2026-05-14 01:00:00,4.342682
2026-05-14 02:00:00,4.0018616
2026-05-14 03:00:00,3.920929
2026-05-14 04:00:00,4.0033264
2026-05-14 05:00:00,4.182495
2026-05-14 06:00:00,4.450348
2026-05-14 07:00:00,4.67688
2026-05-14 08:00:00,5.2182007
2026-05-14 09:00:00,5.8183594
2026-05-14 10:00:00,5.9686584
2026-05-14 11:00:00,6.245941
2026-05-14 12:00:00,6.5536194
2026-05-14 13:00:00,6.620392
2026-05-14 14:00:00,6.712372
2026-05-14 15:00:00,6.730255
2026-05-14 16:00:00,6.570587
2026-05-14 17:00:00,6.257202
2026-05-14 18:00:00,5.9492493
2026-05-14 19:00:00,5.973419
2026-05-14 20:00:00,6.043915
2026-05-14 21:00:00,6.0394287
2026-05-14 22:00:00,5.817169
2026-05-14 23:00:00,5.6110535
2026-05-15 00:00:00,5.569092
2026-05-15 01:00:00,5.470978
2026-05-15 02:00:00,5.4339905
2026-05-15 03:00:00,5.369171
2026-05-15 04:00:00,5.1200256
2026-05-15 05:00:00,4.8368225
2026-05-15 06:00:00,4.4583435
2026-05-15 07:00:00,5.2657166
2026-05-15 08:00:00,5.4533386
2026-05-15 09:00:00,5.7104187
2026-05-15 10:00:00,5.5378113
2026-05-15 11:00:00,5.962921
2026-05-15 12:00:00,6.297516
2026-05-15 13:00:00,6.801117
2026-05-15 14:00:00,7.381897
2026-05-15 15:00:00,7.999176
2026-05-15 16:00:00,8.406189
2026-05-15 17:00:00,8.736847
2026-05-15 18:00:00,8.987457
2026-05-15 19:00:00,9.144989
2026-05-15 20:00:00,9.45285
2026-05-15 21:00:00,9.936951
2026-05-15 22:00:00,10.483978
2026-05-15 23:00:00,10.82309
2026-05-16 00:00:00,10.747314
2026-05-16 01:00:00,10.573883
2026-05-16 02:00:00,10.352386
2026-05-16 03:00:00,9.968842
2026-05-16 04:00:00,9.384308
2026-05-16 05:00:00,9.045532
2026-05-16 06:00:00,9.015106
2026-05-16 07:00:00,8.411407
2026-05-16 08:00:00,7.6312256
2026-05-16 09:00:00,7.570343
2026-05-16 10:00:00,7.440613
2026-05-16 11:00:00,7.572235
2026-05-16 12:00:00,8.306305
2026-05-16 13:00:00,8.992584
2026-05-16 14:00:00,9.476288
2026-05-16 15:00:00,9.694519
2026-05-16 16:00:00,9.546539
2026-05-16 17:00:00,9.223846
2026-05-16 18:00:00,8.983795
2026-05-16 19:00:00,8.917877
2026-05-16 20:00:00,8.536346
2026-05-16 21:00:00,8.040253
2026-05-16 22:00:00,7.9297485
2026-05-16 23:00:00,7.5911255
2026-05-17 00:00:00,7.2063293
2026-05-17 01:00:00,6.6648254
2026-05-17 02:00:00,6.2015686
2026-05-17 03:00:00,5.8700867
2026-05-17 04:00:00,5.474884
2026-05-17 05:00:00,4.988739
2026-05-17 06:00:00,5.084564
2026-05-17 07:00:00,5.671112
2026-05-17 08:00:00,6.2901917
2026-05-17 09:00:00,6.966034
2026-05-17 10:00:00,7.254364
2026-05-17 11:00:00,7.5464478
2026-05-17 12:00:00,7.7954407
2026-05-17 13:00:00,7.987091
2026-05-17 14:00:00,8.2899475
2026-05-17 15:00:00,8.589722
2026-05-17 16:00:00,8.716766
2026-05-17 17:00:00,8.749359
2026-05-17 18:00:00,8.728943
2026-05-17 19:00:00,8.703217
2026-05-17 20:00:00,8.661713
2026-05-17 21:00:00,8.60672
2026-05-17 22:00:00,8.486847
2026-05-17 23:00:00,8.360016
2026-05-18 00:00:00,8.242218
2026-05-18 01:00:00,8.1458435
2026-05-18 02:00:00,8.07962
2026-05-18 03:00:00,8.05484
2026-05-18 04:00:00,8.061432
2026-05-18 05:00:00,8.104584
2026-05-18 06:00:00,8.159485
2026-05-18 07:00:00,8.159088
2026-05-18 08:00:00,8.204376
2026-05-18 09:00:00,8.5520935
2026-05-18 10:00:00,9.216644
2026-05-18 11:00:00,9.377533
2026-05-18 12:00:00,9.440216
2026-05-18 13:00:00,9.492889
2026-05-18 14:00:00,9.577179
2026-05-18 15:00:00,9.663544
2026-05-18 16:00:00,9.594452
2026-05-18 17:00:00,9.421967
2026-05-18 18:00:00,9.41214
2026-05-18 19:00:00,9.462128
2026-05-18 20:00:00,9.492706
2026-05-18 21:00:00,9.554047
2026-05-18 22:00:00,9.407257
2026-05-18 23:00:00,9.446869
2026-05-19 00:00:00,9.3776245
2026-05-19 01:00:00,9.631287
2026-05-19 02:00:00,9.90625
2026-05-19 03:00:00,10.141693
2026-05-19 04:00:00,9.903839
2026-05-19 05:00:00,9.459381
2026-05-19 06:00:00,9.226898
2026-05-19 07:00:00,9.031342
2026-05-19 08:00:00,9.088654
2026-05-19 09:00:00,9.18277
2026-05-19 10:00:00,8.452057
2026-05-19 11:00:00,7.7364807
2026-05-19 12:00:00,7.725067
2026-05-19 13:00:00,8.135742
2026-05-19 14:00:00,8.187378
2026-05-19 15:00:00,8.066132
2026-05-19 16:00:00,8.111633
2026-05-19 17:00:00,8.161377
2026-05-19 18:00:00,8.354401
2026-05-19 19:00:00,9.054474
2026-05-19 20:00:00,9.483704
2026-05-19 21:00:00,9.567963
2026-05-19 22:00:00,8.91568
2026-05-19 23:00:00,9.064667
2026-05-20 00:00:00,9.164032
2026-05-20 01:00:00,9.3281555
2026-05-20 02:00:00,9.600006
2026-05-20 03:00:00,9.884735
2026-05-20 04:00:00,10.133453
2026-05-20 05:00:00,10.444458
2026-05-20 06:00:00,10.7778015
2026-05-20 07:00:00,11.039642
2026-05-20 08:00:00,11.109833
2026-05-20 09:00:00,11.24176
2026-05-20 10:00:00,11.446747
2026-05-20 11:00:00,11.792786
2026-05-20 12:00:00,12.113953
2026-05-20 13:00:00,12.249908
2026-05-20 14:00:00,12.128387
2026-05-20 15:00:00,11.989349
2026-05-20 16:00:00,11.790009
2026-05-20 17:00:00,11.604523
2026-05-20 18:00:00,11.421478
2026-05-20 19:00:00,11.292755
2026-05-20 20:00:00,11.220612
2026-05-20 21:00:00,11.281708
2026-05-20 22:00:00,10.719452
2026-05-20 23:00:00,10.875977
2026-05-21 00:00:00,11.191925
2026-05-21 01:00:00,11.576294
2026-05-21 02:00:00,11.717651
2026-05-21 03:00:00,11.629944
2026-05-21 04:00:00,11.414368
2026-05-21 05:00:00,11.104584
2026-05-21 06:00:00,10.690765
2026-05-21 07:00:00,10.300934
2026-05-21 08:00:00,9.970856
2026-05-21 09:00:00,10.083221
2026-05-21 10:00:00,10.636902
2026-05-21 11:00:00,10.553833
2026-05-21 12:00:00,10.768433
2026-05-21 13:00:00,11.048035
2026-05-21 14:00:00,10.681213
2026-05-21 15:00:00,10.419708
2026-05-21 16:00:00,10.318054
2026-05-21 17:00:00,10.329407
2026-05-21 18:00:00,10.355469
2026-05-21 19:00:00,10.319733
2026-05-21 20:00:00,10.1475525
2026-05-21 21:00:00,9.894257
2026-05-21 22:00:00,9.828644
2026-05-21 23:00:00,9.719452
2026-05-22 00:00:00,9.820374
2026-05-22 01:00:00,9.863129
2026-05-22 02:00:00,9.899994
2026-05-22 03:00:00,9.952698
2026-05-22 04:00:00,10.068695
2026-05-22 05:00:00,10.226288
2026-05-22 06:00:00,10.359894
2026-05-22 07:00:00,9.639801
2026-05-22 08:00:00,9.898895
2026-05-22 09:00:00,11.011383
2026-05-22 10:00:00,12.075378
2026-05-22 11:00:00,12.880951
2026-05-22 12:00:00,13.399048
2026-05-22 13:00:00,13.898712
2026-05-22 14:00:00,14.290741
2026-05-22 15:00:00,14.465424
2026-05-22 16:00:00,14.514038
2026-05-22 17:00:00,14.612274
2026-05-22 18:00:00,14.759064
2026-05-22 19:00:00,14.981995
2026-05-22 20:00:00,15.199799
2026-05-22 21:00:00,15.567657
2026-05-22 22:00:00,16.108246
2026-05-22 23:00:00,16.263336
2026-05-23 00:00:00,16.372711
2026-05-23 01:00:00,16.452545
2026-05-23 02:00:00,16.46933
2026-05-23 03:00:00,16.43222
2026-05-23 04:00:00,16.400665
2026-05-23 05:00:00,16.398712
2026-05-23 06:00:00,16.427704
2026-05-23 07:00:00,16.420593
2026-05-23 08:00:00,16.269379
2026-05-23 09:00:00,15.512665
2026-05-23 10:00:00,16.243927
2026-05-23 11:00:00,16.994476
2026-05-23 12:00:00,17.508575
2026-05-23 13:00:00,17.63144
2026-05-23 14:00:00,17.051422
2026-05-23 15:00:00,16.415253
2026-05-23 16:00:00,16.015656
2026-05-23 17:00:00,15.693451
2026-05-23 18:00:00,15.380768
2026-05-23 19:00:00,14.386566
2026-05-23 20:00:00,13.396393
2026-05-23 21:00:00,12.216949
2026-05-23 22:00:00,12.185364
2026-05-23 23:00:00,12.04483
2026-05-24 00:00:00,11.903229
2026-05-24 01:00:00,11.769867
2026-05-24 02:00:00,11.819
2026-05-24 03:00:00,11.923798
2026-05-24 04:00:00,11.903473
2026-05-24 05:00:00,11.912201
2026-05-24 06:00:00,11.996368
2026-05-24 07:00:00,11.830444
2026-05-24 08:00:00,12.478058
2026-05-24 09:00:00,13.269867
2026-05-24 10:00:00,13.291229
2026-05-24 11:00:00,14.27124
2026-05-24 12:00:00,14.754547
2026-05-24 13:00:00,15.062286
2026-05-24 14:00:00,15.412811
2026-05-24 15:00:00,15.755035
2026-05-24 16:00:00,16.110748
2026-05-24 17:00:00,16.360931
2026-05-24 18:00:00,16.191132
2026-05-24 19:00:00,15.609009
2026-05-24 20:00:00,15.349823
2026-05-24 21:00:00,15.476471
2026-05-24 22:00:00,15.506165
2026-05-24 23:00:00,15.058746
2026-05-25 00:00:00,14.284271
2026-05-25 01:00:00,13.46759
2026-05-25 02:00:00,12.362701
2026-05-25 03:00:00,10.998749
2026-05-25 04:00:00,9.6633
2026-05-25 05:00:00,8.792572
2026-05-25 06:00:00,8.545715
2026-05-25 07:00:00,8.379242
2026-05-25 08:00:00,8.647217
2026-05-25 09:00:00,9.490509
2026-05-25 10:00:00,9.39444
2026-05-25 11:00:00,10.669769
2026-05-25 12:00:00,11.129913
2026-05-25 13:00:00,11.4947815
2026-05-25 14:00:00,12.084137
2026-05-25 15:00:00,12.351227
2026-05-25 16:00:00,12.539276
2026-05-25 17:00:00,12.605316
2026-05-25 18:00:00,12.50058
2026-05-25 19:00:00,12.341278
2026-05-25 20:00:00,12.193756
2026-05-25 21:00:00,11.960022
2026-05-25 22:00:00,10.963898
2026-05-25 23:00:00,10.654022
2026-05-26 00:00:00,10.464844
2026-05-26 01:00:00,10.297119
2026-05-26 02:00:00,10.18103
2026-05-26 03:00:00,10.121643
2026-05-26 04:00:00,10.155792
2026-05-26 05:00:00,10.303009
2026-05-26 06:00:00,10.519745
2026-05-26 07:00:00,11.000275
2026-05-26 08:00:00,11.596954
2026-05-26 09:00:00,12.027374
2026-05-26 10:00:00,11.669403
2026-05-26 11:00:00,12.213593
2026-05-26 12:00:00,12.590881
2026-05-26 13:00:00,13.156158
2026-05-26 14:00:00,13.60672
2026-05-26 15:00:00,13.784943
2026-05-26 16:00:00,13.286316
2026-05-26 17:00:00,11.022186
2026-05-26 18:00:00,9.385834
2026-05-26 19:00:00,9.878784
2026-05-26 20:00:00,10.138763
2026-05-26 21:00:00,10.178772
2026-05-26 22:00:00,9.42688
2026-05-26 23:00:00,9.470856
2026-05-27 00:00:00,8.863556
2026-05-27 01:00:00,8.111572
2026-05-27 02:00:00,7.4405518
2026-05-27 03:00:00,6.578491
2026-05-27 04:00:00,6.0766907
2026-05-27 05:00:00,5.929657
2026-05-27 06:00:00,6.304901
2026-05-27 07:00:00,7.036255
2026-05-27 08:00:00,7.8181458
2026-05-27 09:00:00,8.607147
2026-05-27 10:00:00,8.077301
2026-05-27 11:00:00,8.571808
2026-05-27 12:00:00,7.154999
2026-05-27 13:00:00,7.9323425
2026-05-27 14:00:00,8.527344
2026-05-27 15:00:00,7.735016
2026-05-27 16:00:00,8.120941
2026-05-27 17:00:00,8.63382
2026-05-27 18:00:00,8.895416
2026-05-27 19:00:00,8.826904
2026-05-27 20:00:00,8.81131
2026-05-27 21:00:00,8.517487
2026-05-27 22:00:00,8.3576355
2026-05-27 23:00:00,7.3643494
2026-05-28 00:00:00,6.532379
2026-05-28 01:00:00,5.8924255
2026-05-28 02:00:00,5.3591003
2026-05-28 03:00:00,4.9145813
2026-05-28 04:00:00,4.5432434
2026-05-28 05:00:00,4.4066467
2026-05-28 06:00:00,4.760132
2026-05-28 07:00:00,5.8122864
2026-05-28 08:00:00,6.9966736
2026-05-28 09:00:00,7.727295
2026-05-28 10:00:00,7.6507874
2026-05-28 11:00:00,8.6302185
2026-05-28 12:00:00,9.338104
2026-05-28 13:00:00,9.84494
2026-05-28 14:00:00,10.108917
2026-05-28 15:00:00,10.618256
2026-05-28 16:00:00,11.093048
2026-05-28 17:00:00,11.321014
2026-05-28 18:00:00,11.206604
2026-05-28 19:00:00,10.996155
2026-05-28 20:00:00,10.737762
2026-05-28 21:00:00,10.542999
2026-05-28 22:00:00,10.1474
2026-05-28 23:00:00,10.114044
2026-05-29 00:00:00,9.841644
2026-05-29 01:00:00,9.388641
2026-05-29 02:00:00,8.848297
2026-05-29 03:00:00,8.536011
2026-05-29 04:00:00,8.456268
2026-05-29 05:00:00,8.38504
2026-05-29 06:00:00,8.255829
2026-05-29 07:00:00,8.06308
2026-05-29 08:00:00,8.167755
2026-05-29 09:00:00,9.238617
2026-05-29 10:00:00,10.070953
2026-05-29 11:00:00,11.095245
2026-05-29 12:00:00,12.03952
2026-05-29 13:00:00,12.68042
2026-05-29 14:00:00,12.981415
2026-05-29 15:00:00,12.990082
2026-05-29 16:00:00,12.941193
2026-05-29 17:00:00,12.911713
2026-05-29 18:00:00,13.171112
2026-05-29 19:00:00,13.671112
2026-05-29 20:00:00,14.116119
2026-05-29 21:00:00,14.034882
2026-05-29 22:00:00,13.96579
2026-05-29 23:00:00,13.407288
2026-05-30 00:00:00,12.703033
2026-05-30 01:00:00,12.384491
2026-05-30 02:00:00,12.723114
2026-05-30 03:00:00,13.12088
2026-05-30 04:00:00,13.357697
2026-05-30 05:00:00,13.246033
2026-05-30 06:00:00,13.13266
2026-05-30 07:00:00,13.066376
2026-05-30 08:00:00,13.042023
2026-05-30 09:00:00,13.33847
2026-05-30 10:00:00,14.292877
2026-05-30 11:00:00,14.483459
2026-05-30 12:00:00,14.628632
2026-05-30 13:00:00,14.649536
2026-05-30 14:00:00,14.602325
2026-05-30 15:00:00,14.510529
2026-05-30 16:00:00,14.414642
2026-05-30 17:00:00,14.345398
2026-05-30 18:00:00,14.263641
2026-05-30 19:00:00,14.131714
2026-05-30 20:00:00,13.994202
2026-05-30 21:00:00,13.852997
2026-05-30 22:00:00,13.775879
2026-05-30 23:00:00,13.667145
2026-05-31 00:00:00,13.575592
2026-05-31 01:00:00,13.494843
2026-05-31 02:00:00,13.382233
2026-05-31 03:00:00,13.26413
2026-05-31 04:00:00,13.192841
2026-05-31 05:00:00,13.147797
2026-05-31 06:00:00,13.183685
2026-05-31 07:00:00,13.256317
2026-05-31 08:00:00,13.019501
2026-05-31 09:00:00,13.777618
2026-05-31 10:00:00,14.163788
2026-05-31 11:00:00,14.7942505
2026-05-31 12:00:00,15.111511
2026-05-31 13:00:00,15.049652
2026-05-31 14:00:00,14.921265
2026-05-31 15:00:00,14.743011
2026-05-31 16:00:00,14.485687
2026-05-31 17:00:00,14.44342
2026-05-31 18:00:00,14.600342
2026-05-31 19:00:00,14.599426
2026-05-31 20:00:00,14.208466
2026-05-31 21:00:00,13.713745
2026-05-31 22:00:00,13.724945
2026-05-31 23:00:00,13.317963
2026-06-01 00:00:00,12.714935
2026-06-01 01:00:00,12.239716
2026-06-01 02:00:00,11.880585
2026-06-01 03:00:00,11.692841
2026-06-01 04:00:00,11.719879
2026-06-01 05:00:00,11.767609
2026-06-01 06:00:00,11.885529
2026-06-01 07:00:00,12.019531
2026-06-01 08:00:00,12.06369
2026-06-01 09:00:00,12.130554
2026-06-01 10:00:00,11.986938
2026-06-01 11:00:00,12.040985
2026-06-01 12:00:00,12.035461
2026-06-01 13:00:00,12.108765
2026-06-01 14:00:00,12.431213
2026-06-01 15:00:00,12.638092
2026-06-01 16:00:00,12.587738
2026-06-01 17:00:00,12.195038
2026-06-01 18:00:00,12.181488
2026-06-01 19:00:00,12.501068
2026-06-01 20:00:00,12.712189
2026-06-01 21:00:00,12.700287
2026-06-01 22:00:00,12.682343
2026-06-01 23:00:00,12.354828
2026-06-02 00:00:00,12.103088
2026-06-02 01:00:00,11.953705
2026-06-02 02:00:00,11.776581
2026-06-02 03:00:00,11.592865
2026-06-02 04:00:00,11.548676
2026-06-02 05:00:00,11.616425
2026-06-02 06:00:00,11.660614
2026-06-02 07:00:00,11.641449
2026-06-02 08:00:00,12.4444275
2026-06-02 09:00:00,13.421539
2026-06-02 10:00:00,13.249329
2026-06-02 11:00:00,13.393768
2026-06-02 12:00:00,13.828278
2026-06-02 13:00:00,13.953339
2026-06-02 14:00:00,14.154388
2026-06-02 15:00:00,14.248688
2026-06-02 16:00:00,13.960114
2026-06-02 17:00:00,13.620361
2026-06-02 18:00:00,13.405792
2026-06-02 19:00:00,13.319824
2026-06-02 20:00:00,13.31839
2026-06-02 21:00:00,13.441132
2026-06-02 22:00:00,13.117645
2026-06-02 23:00:00,13.143524
2026-06-03 00:00:00,13.406647
2026-06-03 01:00:00,13.650665
2026-06-03 02:00:00,13.820709
2026-06-03 03:00:00,13.91806
2026-06-03 04:00:00,13.959076
2026-06-03 05:00:00,13.9721985
2026-06-03 06:00:00,13.852936
2026-06-03 07:00:00,13.577606
2026-06-03 08:00:00,13.2323
2026-06-03 09:00:00,13.289459
2026-06-03 10:00:00,13.266998
2026-06-03 11:00:00,13.684937
2026-06-03 12:00:00,13.98703
2026-06-03 13:00:00,14.205444
2026-06-03 14:00:00,14.548309
2026-06-03 15:00:00,14.815247
2026-06-03 16:00:00,15.194305
2026-06-03 17:00:00,15.551147
2026-06-03 18:00:00,15.831299
2026-06-03 19:00:00,15.979279
2026-06-03 20:00:00,15.7258
2026-06-03 21:00:00,15.305878
2026-06-03 22:00:00,14.150299
2026-06-03 23:00:00,13.950775
2026-06-04 00:00:00,13.991364
2026-06-04 01:00:00,14.423737
2026-06-04 02:00:00,14.676178
2026-06-04 03:00:00,14.447723
2026-06-04 04:00:00,14.477722
2026-06-04 05:00:00,14.819305
2026-06-04 06:00:00,14.451691
2026-06-04 07:00:00,13.453522
2026-06-04 08:00:00,12.878082
2026-06-04 09:00:00,12.811005
2026-06-04 10:00:00,12.783356
2026-06-04 11:00:00,12.403534
2026-06-04 12:00:00,11.920746
2026-06-04 13:00:00,11.779907
2026-06-04 14:00:00,12.177612
2026-06-04 15:00:00,11.995605
2026-06-04 16:00:00,11.559418
2026-06-04 17:00:00,11.3611145
2026-06-04 18:00:00,11.341553
2026-06-04 19:00:00,11.323151
2026-06-04 20:00:00,11.463226
2026-06-04 21:00:00,11.899139
2026-06-04 22:00:00,11.5383
2026-06-04 23:00:00,11.663666
2026-06-05 00:00:00,11.692108
2026-06-05 01:00:00,11.710907
2026-06-05 02:00:00,11.522858
2026-06-05 03:00:00,11.584961
2026-06-05 04:00:00,11.606232
2026-06-05 05:00:00,11.559784
2026-06-05 06:00:00,11.6076355
2026-06-05 07:00:00,11.697937
2026-06-05 08:00:00,11.799774
2026-06-05 09:00:00,11.812805
2026-06-05 10:00:00,11.676788
2026-06-05 11:00:00,11.935699
2026-06-05 12:00:00,12.413452
2026-06-05 13:00:00,12.679169
2026-06-05 14:00:00,12.69342
2026-06-05 15:00:00,12.677155
2026-06-05 16:00:00,12.693573
2026-06-05 17:00:00,12.829315
2026-06-05 18:00:00,12.995209
2026-06-05 19:00:00,13.22348
2026-06-05 20:00:00,13.347076
2026-06-05 21:00:00,13.442169
2026-06-05 22:00:00,13.588013
2026-06-05 23:00:00,13.674408
2026-06-06 00:00:00,13.661835
2026-06-06 01:00:00,13.495392
2026-06-06 02:00:00,13.072845
2026-06-06 03:00:00,12.679474
2026-06-06 04:00:00,12.336456
2026-06-06 05:00:00,11.773895
2026-06-06 06:00:00,11.49054
2026-06-06 07:00:00,11.390839
2026-06-06 08:00:00,11.272919
2026-06-06 09:00:00,11.593536
2026-06-06 10:00:00,11.0746155
2026-06-06 11:00:00,11.712616
2026-06-06 12:00:00,12.521698
2026-06-06 13:00:00,13.048553
2026-06-06 14:00:00,13.422699
2026-06-06 15:00:00,13.670288
2026-06-06 16:00:00,13.771393
2026-06-06 17:00:00,13.297821
2026-06-06 18:00:00,13.175507
2026-06-06 19:00:00,13.349487
2026-06-06 20:00:00,13.250244
2026-06-06 21:00:00,12.873322
2026-06-06 22:00:00,12.7430725
2026-06-06 23:00:00,12.326874
2026-06-07 00:00:00,11.975311
2026-06-07 01:00:00,11.571716
2026-06-07 02:00:00,11.152679
2026-06-07 03:00:00,10.852936
2026-06-07 04:00:00,10.526093
2026-06-07 05:00:00,10.355255
2026-06-07 06:00:00,10.102722
2026-06-07 07:00:00,10.701447
2026-06-07 08:00:00,11.670929
2026-06-07 09:00:00,12.684845
2026-06-07 10:00:00,13.320099
2026-06-07 11:00:00,14.1805725
2026-06-07 12:00:00,14.328064
2026-06-07 13:00:00,14.301666
2026-06-07 14:00:00,14.575592
2026-06-07 15:00:00,14.693817
2026-06-07 16:00:00,14.697632
2026-06-07 17:00:00,14.696106
2026-06-07 18:00:00,14.729401
2026-06-07 19:00:00,14.803619
2026-06-07 20:00:00,14.833771
2026-06-07 21:00:00,14.848297
2026-06-07 22:00:00,15.078552
2026-06-07 23:00:00,15.221313
2026-06-08 00:00:00,14.9947815
2026-06-08 01:00:00,14.69281
2026-06-08 02:00:00,14.51059
2026-06-08 03:00:00,14.480682
2026-06-08 04:00:00,14.568756
2026-06-08 05:00:00,14.686676
2026-06-08 06:00:00,14.779877
2026-06-08 07:00:00,14.723572
2026-06-08 08:00:00,14.700958
2026-06-08 09:00:00,15.081482
2026-06-08 10:00:00,14.970367
2026-06-08 11:00:00,15.359222
2026-06-08 12:00:00,15.28653
2026-06-08 13:00:00,14.506775
2026-06-08 14:00:00,14.476898
2026-06-08 15:00:00,14.711212
2026-06-08 16:00:00,14.881439
2026-06-08 17:00:00,14.785858
2026-06-08 18:00:00,14.692108
2026-06-08 19:00:00,14.438293
2026-06-08 20:00:00,14.013519
2026-06-08 21:00:00,13.602692
2026-06-08 22:00:00,13.843079
2026-06-08 23:00:00,13.771698
2026-06-09 00:00:00,13.698517
2026-06-09 01:00:00,13.622589
2026-06-09 02:00:00,13.604126
2026-06-09 03:00:00,13.592438
2026-06-09 04:00:00,13.451019
2026-06-09 05:00:00,13.168732
2026-06-09 06:00:00,12.828125
2026-06-09 07:00:00,11.5659485
2026-06-09 08:00:00,11.645813
2026-06-09 09:00:00,12.08255
2026-06-09 10:00:00,12.342651
2026-06-09 11:00:00,12.446228
2026-06-09 12:00:00,12.64389
2026-06-09 13:00:00,12.8229065
2026-06-09 14:00:00,12.989624
2026-06-09 15:00:00,13.280792
2026-06-09 16:00:00,13.353485
2026-06-09 17:00:00,12.825531
2026-06-09 18:00:00,11.976624
2026-06-09 19:00:00,11.224152
2026-06-09 20:00:00,10.732574
2026-06-09 21:00:00,10.963287
2026-06-09 22:00:00,10.994415
2026-06-09 23:00:00,10.695038
2026-06-10 00:00:00,9.639709
2026-06-10 01:00:00,8.773773
2026-06-10 02:00:00,8.33252
2026-06-10 03:00:00,8.029633
2026-06-10 04:00:00,7.914337
2026-06-10 05:00:00,8.002472
2026-06-10 06:00:00,8.444489
2026-06-10 07:00:00,9.278595
2026-06-10 08:00:00,10.183197
2026-06-10 09:00:00,11.088196
2026-06-10 10:00:00,10.342926
2026-06-10 11:00:00,10.659729
2026-06-10 12:00:00,10.755096
2026-06-10 13:00:00,10.91098
2026-06-10 14:00:00,11.256195
2026-06-10 15:00:00,11.44455
2026-06-10 16:00:00,11.004974
2026-06-10 17:00:00,11.246307
2026-06-10 18:00:00,11.519684
2026-06-10 19:00:00,11.697052
2026-06-10 20:00:00,11.843872
2026-06-10 21:00:00,11.808594
2026-06-10 22:00:00,11.202972
2026-06-10 23:00:00,11.096954
2026-06-11 00:00:00,10.934021
2026-06-11 01:00:00,10.546051
2026-06-11 02:00:00,10.167053
2026-06-11 03:00:00,9.953644
2026-06-11 04:00:00,9.793182
2026-06-11 05:00:00,9.72702
2026-06-11 06:00:00,9.653656
2026-06-11 07:00:00,9.910034
2026-06-11 08:00:00,10.580963
2026-06-11 09:00:00,11.224976
2026-06-11 10:00:00,10.751007
2026-06-11 11:00:00,10.950714
2026-06-11 12:00:00,11.134766
2026-06-11 13:00:00,11.306976
2026-06-11 14:00:00,11.5138855
2026-06-11 15:00:00,11.422913
2026-06-11 16:00:00,10.551086
2026-06-11 17:00:00,10.56192
2026-06-11 18:00:00,10.630402
2026-06-11 19:00:00,10.661377
2026-06-11 20:00:00,10.648895
2026-06-11 21:00:00,10.750549
2026-06-11 22:00:00,10.156097
2026-06-11 23:00:00,10.186279
2026-06-12 00:00:00,10.212982
2026-06-12 01:00:00,10.353485
2026-06-12 02:00:00,10.694794
2026-06-12 03:00:00,10.938232
2026-06-12 04:00:00,10.966705
2026-06-12 05:00:00,10.928131
2026-06-12 06:00:00,10.848877
2026-06-12 07:00:00,10.47464
2026-06-12 08:00:00,11.052765
2026-06-12 09:00:00,11.814514
2026-06-12 10:00:00,12.121063
2026-06-12 11:00:00,12.569122
2026-06-12 12:00:00,12.855133
2026-06-12 13:00:00,13.082031
2026-06-12 14:00:00,13.154877
2026-06-12 15:00:00,13.013336
2026-06-12 16:00:00,12.612427
2026-06-12 17:00:00,12.282623
2026-06-12 18:00:00,12.015381
2026-06-12 19:00:00,12.029785
2026-06-12 20:00:00,12.153595
2026-06-12 21:00:00,12.283386
2026-06-12 22:00:00,12.683746
2026-06-12 23:00:00,12.407227
2026-06-13 00:00:00,12.08371
2026-06-13 01:00:00,11.842499
2026-06-13 02:00:00,11.637604
2026-06-13 03:00:00,11.423859
2026-06-13 04:00:00,11.226715
2026-06-13 05:00:00,11.097321
2026-06-13 06:00:00,10.781982
2026-06-13 07:00:00,10.796478
2026-06-13 08:00:00,11.003113
2026-06-13 09:00:00,11.176117
2026-06-13 10:00:00,11.825104
2026-06-13 11:00:00,11.717346
2026-06-13 12:00:00,11.531464
2026-06-13 13:00:00,11.271027
2026-06-13 14:00:00,11.074127
2026-06-13 15:00:00,10.840729
2026-06-13 16:00:00,10.652832
2026-06-13 17:00:00,10.428711
2026-06-13 18:00:00,10.22821
2026-06-13 19:00:00,10.19809
2026-06-13 20:00:00,10.216553
2026-06-13 21:00:00,10.115936
2026-06-13 22:00:00,9.260345
2026-06-13 23:00:00,9.1405945
2026-06-14 00:00:00,9.279053
2026-06-14 01:00:00,9.205841
2026-06-14 02:00:00,8.908844
2026-06-14 03:00:00,8.662933
2026-06-14 04:00:00,8.027283
2026-06-14 05:00:00,7.511078
2026-06-14 06:00:00,7.451874
2026-06-14 07:00:00,7.6335754
2026-06-14 08:00:00,7.8859253
2026-06-14 09:00:00,8.19458
2026-06-14 10:00:00,8.185089
2026-06-14 11:00:00,8.624908
2026-06-14 12:00:00,8.770782
2026-06-14 13:00:00,8.943115
2026-06-14 14:00:00,9.150848
2026-06-14 15:00:00,9.448639
2026-06-14 16:00:00,9.626099
2026-06-14 17:00:00,9.651276
2026-06-14 18:00:00,9.59787
2026-06-14 19:00:00,9.457916
2026-06-14 20:00:00,9.287872
2026-06-14 21:00:00,9.143646
2026-06-14 22:00:00,9.295685
2026-06-14 23:00:00,9.282867
2026-06-15 00:00:00,9.339539
2026-06-15 01:00:00,9.270966
2026-06-15 02:00:00,9.046356
2026-06-15 03:00:00,8.938599
2026-06-15 04:00:00,8.992981
2026-06-15 05:00:00,9.078491
2026-06-15 06:00:00,9.1026
2026-06-15 07:00:00,9.330902
2026-06-15 08:00:00,9.664276
2026-06-15 09:00:00,10.234863
2026-06-15 10:00:00,10.276001
2026-06-15 11:00:00,10.924042
2026-06-15 12:00:00,11.042023
2026-06-15 13:00:00,11.233948
2026-06-15 14:00:00,11.432465
2026-06-15 15:00:00,11.090363
2026-06-15 16:00:00,10.660217
2026-06-15 17:00:00,10.563446
2026-06-15 18:00:00,10.346069
2026-06-15 19:00:00,9.752411
2026-06-15 20:00:00,9.208527
2026-06-15 21:00:00,8.970367
2026-06-15 22:00:00,9.10788
2026-06-15 23:00:00,8.965546
2026-06-16 00:00:00,8.800629
2026-06-16 01:00:00,8.541412
2026-06-16 02:00:00,8.3461
2026-06-16 03:00:00,8.119904
2026-06-16 04:00:00,7.973297
2026-06-16 05:00:00,7.9423523
2026-06-16 06:00:00,7.978424
2026-06-16 07:00:00,8.067352
2026-06-16 08:00:00,8.261749
2026-06-16 09:00:00,8.61496
2026-06-16 10:00:00,8.94754
2026-06-16 11:00:00,9.024261
2026-06-16 12:00:00,9.33786
2026-06-16 13:00:00,9.625671
2026-06-16 14:00:00,9.875183
2026-06-16 15:00:00,9.993835
2026-06-16 16:00:00,10.070282
2026-06-16 17:00:00,9.945648
2026-06-16 18:00:00,9.799469
2026-06-16 19:00:00,9.851013
2026-06-16 20:00:00,10.121246
2026-06-16 21:00:00,10.38623
2026-06-16 22:00:00,10.445587
2026-06-16 23:00:00,10.972931
2026-06-17 00:00:00,11.588287
2026-06-17 01:00:00,11.979889
2026-06-17 02:00:00,11.977936
2026-06-17 03:00:00,11.707703
2026-06-17 04:00:00,11.506134
2026-06-17 05:00:00,11.230896
2026-06-17 06:00:00,10.697052
2026-06-17 07:00:00,10.453278
2026-06-17 08:00:00,11.235992
2026-06-17 09:00:00,12.16275
2026-06-17 10:00:00,13.053589
2026-06-17 11:00:00,14.08963
2026-06-17 12:00:00,14.957367
2026-06-17 13:00:00,15.656189
2026-06-17 14:00:00,16.236664
2026-06-17 15:00:00,16.741943
2026-06-17 16:00:00,17.183075
2026-06-17 17:00:00,17.412659
2026-06-17 18:00:00,17.318604
2026-06-17 19:00:00,16.70517
2026-06-17 20:00:00,15.925598
2026-06-17 21:00:00,15.809692
2026-06-17 22:00:00,16.322754
2026-06-17 23:00:00,16.136261
2026-06-18 00:00:00,15.924866
2026-06-18 01:00:00,15.109131
2026-06-18 02:00:00,14.586456
2026-06-18 03:00:00,13.800751
2026-06-18 04:00:00,13.870026
2026-06-18 05:00:00,13.266876
2026-06-18 06:00:00,12.454803
2026-06-18 07:00:00,12.155548
2026-06-18 08:00:00,11.596405
2026-06-18 09:00:00,11.320282
2026-06-18 10:00:00,11.59317
2026-06-18 11:00:00,13.149628
2026-06-18 12:00:00,13.522369
2026-06-18 13:00:00,14.193634
2026-06-18 14:00:00,14.437012
2026-06-18 15:00:00,14.95047
2026-06-18 16:00:00,15.183319
2026-06-18 17:00:00,15.431702
2026-06-18 18:00:00,15.687958
2026-06-18 19:00:00,15.931061
2026-06-18 20:00:00,16.112885
2026-06-18 21:00:00,16.35968
2026-06-18 22:00:00,16.452515
2026-06-18 23:00:00,16.418732
2026-06-19 00:00:00,16.042389
2026-06-19 01:00:00,15.572357
2026-06-19 02:00:00,15.291077
2026-06-19 03:00:00,15.1388855
2026-06-19 04:00:00,15.008362
2026-06-19 05:00:00,14.890472
2026-06-19 06:00:00,14.891449
2026-06-19 07:00:00,14.874664
2026-06-19 08:00:00,14.458679
2026-06-19 09:00:00,15.026062
2026-06-19 10:00:00,15.195831
2026-06-19 11:00:00,15.988739
2026-06-19 12:00:00,16.720093
2026-06-19 13:00:00,17.059662
2026-06-19 14:00:00,17.2565
2026-06-19 15:00:00,17.304413
2026-06-19 16:00:00,17.136932
2026-06-19 17:00:00,17.032318
2026-06-19 18:00:00,16.985016
2026-06-19 19:00:00,16.820526
2026-06-19 20:00:00,16.846283
2026-06-19 21:00:00,17.353302
2026-06-19 22:00:00,18.928589
2026-06-19 23:00:00,19.80362
2026-06-20 00:00:00,20.280945
2026-06-20 01:00:00,20.198822
2026-06-20 02:00:00,19.734375
2026-06-20 03:00:00,19.1857
2026-06-20 04:00:00,18.979126
2026-06-20 05:00:00,19.067993
2026-06-20 06:00:00,19.243256
2026-06-20 07:00:00,19.5195
2026-06-20 08:00:00,19.650848
2026-06-20 09:00:00,19.766693
2026-06-20 10:00:00,19.700104
2026-06-20 11:00:00,20.07489
2026-06-20 12:00:00,20.411377
2026-06-20 13:00:00,20.517548
2026-06-20 14:00:00,20.915619
2026-06-20 15:00:00,19.441193
2026-06-20 16:00:00,19.854584
2026-06-20 17:00:00,20.269623
2026-06-20 18:00:00,20.508942
2026-06-20 19:00:00,19.938354
2026-06-20 20:00:00,19.039062
2026-06-20 21:00:00,18.642609
2026-06-20 22:00:00,18.420685
2026-06-20 23:00:00,18.104279
2026-06-21 00:00:00,17.78247
2026-06-21 01:00:00,17.239655
2026-06-21 02:00:00,16.787506
2026-06-21 03:00:00,16.541779
2026-06-21 04:00:00,15.900635
2026-06-21 05:00:00,15.161896
2026-06-21 06:00:00,14.525635
2026-06-21 07:00:00,14.801788
2026-06-21 08:00:00,15.176178
2026-06-21 09:00:00,15.726898
2026-06-21 10:00:00,16.597961
2026-06-21 11:00:00,17.009583
2026-06-21 12:00:00,17.578918
2026-06-21 13:00:00,18.046692
2026-06-21 14:00:00,18.3154
2026-06-21 15:00:00,18.531342
2026-06-21 16:00:00,18.652039
2026-06-21 17:00:00,18.506317
2026-06-21 18:00:00,18.023804
2026-06-21 19:00:00,17.626007
2026-06-21 20:00:00,17.725708
2026-06-21 21:00:00,17.88678
2026-06-21 22:00:00,16.816864
2026-06-21 23:00:00,16.299164
2026-06-22 00:00:00,15.720123
2026-06-22 01:00:00,15.065033
2026-06-22 02:00:00,14.901611
2026-06-22 03:00:00,15.056793
2026-06-22 04:00:00,14.89859
2026-06-22 05:00:00,14.285339
2026-06-22 06:00:00,13.390137
2026-06-22 07:00:00,12.1874695
2026-06-22 08:00:00,12.094391
2026-06-22 09:00:00,12.413971
2026-06-22 10:00:00,12.83432
2026-06-22 11:00:00,13.059967
2026-06-22 12:00:00,13.201569
2026-06-22 13:00:00,13.136566
2026-06-22 14:00:00,13.032135
2026-06-22 15:00:00,12.907074
2026-06-22 16:00:00,12.867584
2026-06-22 17:00:00,12.912415
2026-06-22 18:00:00,12.931976
2026-06-22 19:00:00,12.950439
2026-06-22 20:00:00,12.949127
2026-06-22 21:00:00,12.816559
2026-06-22 22:00:00,12.910278
2026-06-22 23:00:00,12.637146
2026-06-23 00:00:00,12.2771
2026-06-23 01:00:00,11.998688
2026-06-23 02:00:00,11.827911
2026-06-23 03:00:00,11.562653
2026-06-23 04:00:00,11.55661
2026-06-23 05:00:00,11.4756775
2026-06-23 06:00:00,11.372833
2026-06-23 07:00:00,11.438385
2026-06-23 08:00:00,11.40033
2026-06-23 09:00:00,11.817017
2026-06-23 10:00:00,12.422485
2026-06-23 11:00:00,12.934143
2026-06-23 12:00:00,13.212555
2026-06-23 13:00:00,13.649841
2026-06-23 14:00:00,14.168549
2026-06-23 15:00:00,14.495514
2026-06-23 16:00:00,14.934082
2026-06-23 17:00:00,15.304108
2026-06-23 18:00:00,15.573029
2026-06-23 19:00:00,15.788361
2026-06-23 20:00:00,15.882019
2026-06-23 21:00:00,15.838348
2026-06-23 22:00:00,16.18222
2026-06-23 23:00:00,16.17984
2026-06-24 00:00:00,15.934845
2026-06-24 01:00:00,14.933563
2026-06-24 02:00:00,14.108307
2026-06-24 03:00:00,13.651794
2026-06-24 04:00:00,13.478912
2026-06-24 05:00:00,13.420715
2026-06-24 06:00:00,13.339264
2026-06-24 07:00:00,13.116211
2026-06-24 08:00:00,13.690704
2026-06-24 09:00:00,14.828644
2026-06-24 10:00:00,14.411102
2026-06-24 11:00:00,14.816864
2026-06-24 12:00:00,15.6302185
2026-06-24 13:00:00,15.760223
2026-06-24 14:00:00,15.462891
2026-06-24 15:00:00,15.507843
2026-06-24 16:00:00,15.869873
2026-06-24 17:00:00,15.638702
2026-06-24 18:00:00,15.703125
2026-06-24 19:00:00,15.990631
2026-06-24 20:00:00,16.36148
2026-06-24 21:00:00,16.573181
2026-06-24 22:00:00,16.802643
2026-06-24 23:00:00,16.941437
2026-06-25 00:00:00,17.15921
2026-06-25 01:00:00,17.144653
2026-06-25 02:00:00,17.217743
2026-06-25 03:00:00,17.300812
2026-06-25 04:00:00,17.19696
2026-06-25 05:00:00,17.072632
2026-06-25 06:00:00,17.179962
2026-06-25 07:00:00,16.797485
2026-06-25 08:00:00,16.180756
2026-06-25 09:00:00,16.602753
2026-06-25 10:00:00,16.946136
2026-06-25 11:00:00,17.278992
2026-06-25 12:00:00,16.85736
2026-06-25 13:00:00,16.916199
2026-06-25 14:00:00,16.766663
2026-06-25 15:00:00,16.160034
2026-06-25 16:00:00,15.745148
2026-06-25 17:00:00,15.661346
2026-06-25 18:00:00,15.408356
2026-06-25 19:00:00,15.39798
2026-06-25 20:00:00,15.615387
2026-06-25 21:00:00,15.761322
2026-06-25 22:00:00,15.790161
2026-06-25 23:00:00,15.501984
2026-06-26 00:00:00,15.363312
2026-06-26 01:00:00,15.334259
2026-06-26 02:00:00,15.269318
2026-06-26 03:00:00,15.110138
2026-06-26 04:00:00,14.983673
2026-06-26 05:00:00,14.8906555
2026-06-26 06:00:00,14.902496
2026-06-26 07:00:00,15.173676
2026-06-26 08:00:00,15.339752
2026-06-26 09:00:00,15.320404
2026-06-26 10:00:00,15.273926
2026-06-26 11:00:00,15.988098
2026-06-26 12:00:00,16.816864
2026-06-26 13:00:00,17.809937
2026-06-26 14:00:00,18.725403
2026-06-26 15:00:00,19.390411
2026-06-26 16:00:00,19.929108
2026-06-26 17:00:00,20.835236
2026-06-26 18:00:00,21.504456
2026-06-26 19:00:00,21.800537
2026-06-26 20:00:00,21.69162
2026-06-26 21:00:00,21.238312
2026-06-26 22:00:00,20.871552
2026-06-26 23:00:00,20.683746
2026-06-27 00:00:00,20.397064
2026-06-27 01:00:00,19.461426
2026-06-27 02:00:00,18.448212
2026-06-27 03:00:00,17.99887
2026-06-27 04:00:00,17.860565
2026-06-27 05:00:00,17.834076
2026-06-27 06:00:00,17.463654
2026-06-27 07:00:00,16.861725
2026-06-27 08:00:00,16.896393
2026-06-27 09:00:00,17.683624
2026-06-27 10:00:00,18.636078
2026-06-27 11:00:00,19.348175
2026-06-27 12:00:00,19.946625
2026-06-27 13:00:00,20.224335
2026-06-27 14:00:00,20.42337
2026-06-27 15:00:00,20.64441
2026-06-27 16:00:00,20.759216
2026-06-27 17:00:00,20.927948
2026-06-27 18:00:00,21.24887
2026-06-27 19:00:00,21.055939
2026-06-27 20:00:00,21.107574
2026-06-27 21:00:00,21.601227
2026-06-27 22:00:00,22.48584
2026-06-27 23:00:00,22.86325
2026-06-28 00:00:00,23.278076
2026-06-28 01:00:00,24.230072
2026-06-28 02:00:00,25.170502
2026-06-28 03:00:00,25.54309
2026-06-28 04:00:00,25.550934
2026-06-28 05:00:00,25.129333
2026-06-28 06:00:00,24.168365
2026-06-28 07:00:00,23.902832
2026-06-28 08:00:00,24.012726
2026-06-28 09:00:00,23.626984
2026-06-28 10:00:00,21.337738
2026-06-28 11:00:00,21.146454
2026-06-28 12:00:00,20.699951
2026-06-28 13:00:00,20.226349
2026-06-28 14:00:00,20.019073
2026-06-28 15:00:00,19.881622
2026-06-28 16:00:00,19.483765
2026-06-28 17:00:00,19.358002
2026-06-28 18:00:00,19.479156
2026-06-28 19:00:00,19.713257
2026-06-28 20:00:00,19.99765
2026-06-28 21:00:00,20.175873
2026-06-28 22:00:00,22.528656
2026-06-28 23:00:00,22.296173
2026-06-29 00:00:00,21.707245
2026-06-29 01:00:00,20.93393
2026-06-29 02:00:00,20.657867
2026-06-29 03:00:00,20.883057
2026-06-29 04:00:00,21.148468
2026-06-29 05:00:00,20.90915
2026-06-29 06:00:00,20.288788
2026-06-29 07:00:00,20.159058
2026-06-29 08:00:00,20.06137
2026-06-29 09:00:00,20.508698
2026-06-29 10:00:00,21.875214
2026-06-29 11:00:00,22.19217
2026-06-29 12:00:00,21.574432
2026-06-29 13:00:00,20.864532
2026-06-29 14:00:00,20.430817
2026-06-29 15:00:00,20.316406
2026-06-29 16:00:00,20.01773
2026-06-29 17:00:00,19.358948
2026-06-29 18:00:00,18.462646
2026-06-29 19:00:00,17.484314
2026-06-29 20:00:00,16.526367
2026-06-29 21:00:00,15.977875
2026-06-29 22:00:00,15.202179
2026-06-29 23:00:00,15.124603
2026-06-30 00:00:00,15.250519
2026-06-30 01:00:00,14.927185
2026-06-30 02:00:00,14.423218
2026-06-30 03:00:00,13.968231
2026-06-30 04:00:00,13.396149
2026-06-30 05:00:00,13.227142
2026-06-30 06:00:00,12.948883
2026-06-30 07:00:00,13.430817
2026-06-30 08:00:00,14.262787
2026-06-30 09:00:00,15.121185
2026-06-30 10:00:00,15.246124
2026-06-30 11:00:00,15.445374
2026-06-30 12:00:00,15.455658
2026-06-30 13:00:00,15.431122
2026-06-30 14:00:00,15.35437
2026-06-30 15:00:00,15.165497
2026-06-30 16:00:00,15.335815
2026-06-30 17:00:00,15.528473
2026-06-30 18:00:00,15.751434
2026-06-30 19:00:00,15.866852
2026-06-30 20:00:00,15.867981
2026-06-30 21:00:00,15.804962
2026-06-30 22:00:00,15.821655
2026-06-30 23:00:00,15.632843
2026-07-01 00:00:00,15.507385
2026-07-01 01:00:00,15.281616
2026-07-01 02:00:00,15.083771
2026-07-01 03:00:00,15.063934
2026-07-01 04:00:00,15.141327
2026-07-01 05:00:00,15.241028
2026-07-01 06:00:00,15.252197
2026-07-01 07:00:00,14.952057
2026-07-01 08:00:00,14.370331
2026-07-01 09:00:00,14.921356
2026-07-01 10:00:00,15.2222595
2026-07-01 11:00:00,15.620697
2026-07-01 12:00:00,15.850159
2026-07-01 13:00:00,15.9288025
2026-07-01 14:00:00,15.845734
2026-07-01 15:00:00,15.748474
2026-07-01 16:00:00,15.493805
2026-07-01 17:00:00,15.291107
2026-07-01 18:00:00,14.997925
2026-07-01 19:00:00,14.819794
2026-07-01 20:00:00,14.937592
2026-07-01 21:00:00,15.033966
2026-07-01 22:00:00,14.899139
2026-07-01 23:00:00,14.574188
2026-07-02 00:00:00,14.397675
2026-07-02 01:00:00,14.418091
2026-07-02 02:00:00,14.566498
2026-07-02 03:00:00,14.633148
2026-07-02 04:00:00,14.628204
2026-07-02 05:00:00,14.584381
2026-07-02 06:00:00,14.55368
2026-07-02 07:00:00,14.288422
2026-07-02 08:00:00,14.932343
2026-07-02 09:00:00,15.496796
2026-07-02 10:00:00,16.479706
2026-07-02 11:00:00,16.546936
2026-07-02 12:00:00,16.974792
2026-07-02 13:00:00,17.04654
2026-07-02 14:00:00,15.515778
2026-07-02 15:00:00,15.666992
2026-07-02 16:00:00,15.671112
2026-07-02 17:00:00,15.511444
2026-07-02 18:00:00,15.352631
2026-07-02 19:00:00,15.137543
2026-07-02 20:00:00,14.692749
2026-07-02 21:00:00,14.164032
2026-07-02 22:00:00,13.956818
2026-07-02 23:00:00,13.1961975
2026-07-03 00:00:00,12.771942
2026-07-03 01:00:00,12.484467
2026-07-03 02:00:00,12.707581
2026-07-03 03:00:00,12.436676
2026-07-03 04:00:00,12.232666
2026-07-03 05:00:00,12.213562
2026-07-03 06:00:00,12.155365
2026-07-03 07:00:00,12.272919
2026-07-03 08:00:00,12.512482
2026-07-03 09:00:00,13.342804
2026-07-03 10:00:00,13.33078
2026-07-03 11:00:00,14.015045
2026-07-03 12:00:00,13.795563
2026-07-03 13:00:00,13.594147
2026-07-03 14:00:00,12.969177
2026-07-03 15:00:00,12.747192
2026-07-03 16:00:00,12.363312
2026-07-03 17:00:00,12.141632
2026-07-03 18:00:00,11.747345
2026-07-03 19:00:00,11.47525
2026-07-03 20:00:00,11.515472
2026-07-03 21:00:00,11.613953
2026-07-03 22:00:00,12.470795
2026-07-03 23:00:00,12.385834
2026-07-04 00:00:00,11.65329
2026-07-04 01:00:00,11.334991
2026-07-04 02:00:00,11.355133
2026-07-04 03:00:00,11.180939
2026-07-04 04:00:00,10.8532715
2026-07-04 05:00:00,10.551544
2026-07-04 06:00:00,10.186127
2026-07-04 07:00:00,10.402618
2026-07-04 08:00:00,11.097931
2026-07-04 09:00:00,11.846649
2026-07-04 10:00:00,12.96756
2026-07-04 11:00:00,13.872894
2026-07-04 12:00:00,14.551239
2026-07-04 13:00:00,14.914459
2026-07-04 14:00:00,15.217682
2026-07-04 15:00:00,15.529327
2026-07-04 16:00:00,15.873138
2026-07-04 17:00:00,15.905975
2026-07-04 18:00:00,15.824921
2026-07-04 19:00:00,15.786224
2026-07-04 20:00:00,15.828064
2026-07-04 21:00:00,15.916779
2026-07-04 22:00:00,16.36502
2026-07-04 23:00:00,15.98761
2026-07-05 00:00:00,16.206818
2026-07-05 01:00:00,16.270782
2026-07-05 02:00:00,16.163147
2026-07-05 03:00:00,15.907928
2026-07-05 04:00:00,15.463837
2026-07-05 05:00:00,15.015503
2026-07-05 06:00:00,14.732513
2026-07-05 07:00:00,13.968964
2026-07-05 08:00:00,14.317535
2026-07-05 09:00:00,14.650269
2026-07-05 10:00:00,14.705292
2026-07-05 11:00:00,15.259949
2026-07-05 12:00:00,15.585724
2026-07-05 13:00:00,15.842499
2026-07-05 14:00:00,14.151184
2026-07-05 15:00:00,12.282043
2026-07-05 16:00:00,11.7247925
2026-07-05 17:00:00,11.799286
2026-07-05 18:00:00,10.882111
2026-07-05 19:00:00,9.708221
2026-07-05 20:00:00,8.971954
2026-07-05 21:00:00,8.905029
2026-07-05 22:00:00,8.217804
2026-07-05 23:00:00,7.863983
2026-07-06 00:00:00,7.6593933
2026-07-06 01:00:00,7.540619
2026-07-06 02:00:00,7.4219055
2026-07-06 03:00:00,7.3248596
2026-07-06 04:00:00,7.268402
2026-07-06 05:00:00,7.3358154
2026-07-06 06:00:00,7.8873596
2026-07-06 07:00:00,8.70755
2026-07-06 08:00:00,9.761383
2026-07-06 09:00:00,10.837616
2026-07-06 10:00:00,10.873993
2026-07-06 11:00:00,11.825043
2026-07-06 12:00:00,12.404449
2026-07-06 13:00:00,12.898956
2026-07-06 14:00:00,13.370575
2026-07-06 15:00:00,13.737732
2026-07-06 16:00:00,13.940308
2026-07-06 17:00:00,13.865753
2026-07-06 18:00:00,13.841248
2026-07-06 19:00:00,13.791962
2026-07-06 20:00:00,13.834686
2026-07-06 21:00:00,13.775574
2026-07-06 22:00:00,13.334839
2026-07-06 23:00:00,12.795715
2026-07-07 00:00:00,12.18512
2026-07-07 01:00:00,11.700958
2026-07-07 02:00:00,11.398773
2026-07-07 03:00:00,11.204041
2026-07-07 04:00:00,11.041321
2026-07-07 05:00:00,11.024811
2026-07-07 06:00:00,10.850067
2026-07-07 07:00:00,11.638092
2026-07-07 08:00:00,12.571381
2026-07-07 09:00:00,13.153107
2026-07-07 10:00:00,12.959381
2026-07-07 11:00:00,12.668854
2026-07-07 12:00:00,12.276581
2026-07-07 13:00:00,12.34903
2026-07-07 14:00:00,12.228577
2026-07-07 15:00:00,11.937103
2026-07-07 16:00:00,11.3741455
2026-07-07 17:00:00,10.986664
2026-07-07 18:00:00,10.838226
2026-07-07 19:00:00,10.871582
2026-07-07 20:00:00,11.065216
2026-07-07 21:00:00,11.215118
2026-07-07 22:00:00,11.089935
2026-07-07 23:00:00,10.775024
2026-07-08 00:00:00,10.5563965
2026-07-08 01:00:00,10.57547
2026-07-08 02:00:00,10.721802
2026-07-08 03:00:00,10.675934
2026-07-08 04:00:00,10.330017
2026-07-08 05:00:00,9.698395
2026-07-08 06:00:00,9.650909
2026-07-08 07:00:00,9.804474
2026-07-08 08:00:00,10.222534
2026-07-08 09:00:00,10.531036
2026-07-08 10:00:00,10.357086
2026-07-08 11:00:00,10.495911
2026-07-08 12:00:00,11.009094
2026-07-08 13:00:00,11.701569
2026-07-08 14:00:00,11.647949
2026-07-08 15:00:00,11.422821
2026-07-08 16:00:00,10.664093
2026-07-08 17:00:00,10.41684
2026-07-08 18:00:00,10.141144
2026-07-08 19:00:00,9.852081
2026-07-08 20:00:00,9.837799
2026-07-08 21:00:00,9.925446
2026-07-08 22:00:00,10.704376
2026-07-08 23:00:00,10.961945
2026-07-09 00:00:00,11.0911255
2026-07-09 01:00:00,10.953705
2026-07-09 02:00:00,10.869354
2026-07-09 03:00:00,10.866852
2026-07-09 04:00:00,11.035614
2026-07-09 05:00:00,10.617889
2026-07-09 06:00:00,10.171356
2026-07-09 07:00:00,10.745422
2026-07-09 08:00:00,11.5563965
2026-07-09 09:00:00,12.713348
2026-07-09 10:00:00,12.850006
2026-07-09 11:00:00,13.770325
2026-07-09 12:00:00,14.36618
2026-07-09 13:00:00,14.795319
2026-07-09 14:00:00,14.944092
2026-07-09 15:00:00,14.952179
2026-07-09 16:00:00,14.864044
2026-07-09 17:00:00,14.536438
2026-07-09 18:00:00,14.043549
2026-07-09 19:00:00,13.694489
2026-07-09 20:00:00,13.735626
2026-07-09 21:00:00,13.992157
2026-07-09 22:00:00,15.010315
2026-07-09 23:00:00,15.140778
2026-07-10 00:00:00,14.970673
2026-07-10 01:00:00,14.863281
2026-07-10 02:00:00,14.8689575
2026-07-10 03:00:00,14.862488
2026-07-10 04:00:00,14.772736
2026-07-10 05:00:00,14.627472
2026-07-10 06:00:00,14.4782715
2026-07-10 07:00:00,14.242218
2026-07-10 08:00:00,14.33252
2026-07-10 09:00:00,14.652069
2026-07-10 10:00:00,14.4776
2026-07-10 11:00:00,14.702179
2026-07-10 12:00:00,15.002716
2026-07-10 13:00:00,15.147034
2026-07-10 14:00:00,15.174164
2026-07-10 15:00:00,14.914612
2026-07-10 16:00:00,14.620697
2026-07-10 17:00:00,14.3585205
2026-07-10 18:00:00,14.3680725
2026-07-10 19:00:00,14.330505
2026-07-10 20:00:00,14.23465
2026-07-10 21:00:00,14.130188
2026-07-10 22:00:00,14.288239
2026-07-10 23:00:00,14.297516
2026-07-11 00:00:00,14.333069
2026-07-11 01:00:00,14.391876
2026-07-11 02:00:00,14.466705
2026-07-11 03:00:00,14.5625305
2026-07-11 04:00:00,14.66687
2026-07-11 05:00:00,14.599731
2026-07-11 06:00:00,14.5625305
2026-07-11 07:00:00,14.620209
2026-07-11 08:00:00,14.66507
2026-07-11 09:00:00,14.679596
2026-07-11 10:00:00,15.921875
2026-07-11 11:00:00,16.684845
2026-07-11 12:00:00,17.117828
2026-07-11 13:00:00,17.478485
2026-07-11 14:00:00,18.005371
2026-07-11 15:00:00,18.3956
2026-07-11 16:00:00,18.319916
2026-07-11 17:00:00,18.012665
2026-07-11 18:00:00,17.89212
2026-07-11 19:00:00,17.939606
2026-07-11 20:00:00,18.042755
2026-07-11 21:00:00,18.163483
2026-07-11 22:00:00,18.47293
2026-07-11 23:00:00,18.428864
2026-07-12 00:00:00,18.160797
2026-07-12 01:00:00,17.849396
2026-07-12 02:00:00,17.744843
2026-07-12 03:00:00,17.524689
2026-07-12 04:00:00,17.51773
2026-07-12 05:00:00,16.893127
2026-07-12 06:00:00,16.114838
2026-07-12 07:00:00,15.871704
2026-07-12 08:00:00,15.334381
2026-07-12 09:00:00,14.801239
2026-07-12 10:00:00,14.604095
2026-07-12 11:00:00,14.979919
2026-07-12 12:00:00,15.157898
2026-07-12 13:00:00,15.176331
2026-07-12 14:00:00,15.996307
2026-07-12 15:00:00,16.779114
2026-07-12 16:00:00,16.343018
2026-07-12 17:00:00,15.473877
2026-07-12 18:00:00,15.046448
2026-07-12 19:00:00,15.267731
2026-07-12 20:00:00,15.365997
2026-07-12 21:00:00,15.213715
2026-07-12 22:00:00,14.777924
2026-07-12 23:00:00,14.946808
2026-07-13 00:00:00,15.132538
2026-07-13 01:00:00,15.194
2026-07-13 02:00:00,15.19928
2026-07-13 03:00:00,15.199921
2026-07-13 04:00:00,15.069183
2026-07-13 05:00:00,14.786957
2026-07-13 06:00:00,14.460175
2026-07-13 07:00:00,13.977631
2026-07-13 08:00:00,13.540741
2026-07-13 09:00:00,14.282654
2026-07-13 10:00:00,14.124908
2026-07-13 11:00:00,14.687439
2026-07-13 12:00:00,15.154877
2026-07-13 13:00:00,15.465179
2026-07-13 14:00:00,15.584991
2026-07-13 15:00:00,15.559906
2026-07-13 16:00:00,15.351379
2026-07-13 17:00:00,15.029205
2026-07-13 18:00:00,14.698456
2026-07-13 19:00:00,14.653198
2026-07-13 20:00:00,14.658295
2026-07-13 21:00:00,14.608337
2026-07-13 22:00:00,14.396759
2026-07-13 23:00:00,14.219025
2026-07-14 00:00:00,14.279877
2026-07-14 01:00:00,14.475739
2026-07-14 02:00:00,14.624481
2026-07-14 03:00:00,14.744293
2026-07-14 04:00:00,14.861237
2026-07-14 05:00:00,14.877594
2026-07-14 06:00:00,14.817169
2026-07-14 07:00:00,14.781464
2026-07-14 08:00:00,14.573456
2026-07-14 09:00:00,15.453949
2026-07-14 10:00:00,15.898712
2026-07-14 11:00:00,16.699158
2026-07-14 12:00:00,17.462555
2026-07-14 13:00:00,18.080994
2026-07-14 14:00:00,18.494446
2026-07-14 15:00:00,18.745422
2026-07-14 16:00:00,18.85495
2026-07-14 17:00:00,18.829437
2026-07-14 18:00:00,18.777313
2026-07-14 19:00:00,18.800049
2026-07-14 20:00:00,18.940338
2026-07-14 21:00:00,19.19162
2026-07-14 22:00:00,19.352997
2026-07-14 23:00:00,19.519257
2026-07-15 00:00:00,19.684235
2026-07-15 01:00:00,19.741058
2026-07-15 02:00:00,19.527649
2026-07-15 03:00:00,19.176361
2026-07-15 04:00:00,19.222076
2026-07-15 05:00:00,19.415497
2026-07-15 06:00:00,19.346832
2026-07-15 07:00:00,19.128998
2026-07-15 08:00:00,18.90149
2026-07-15 09:00:00,18.508759
2026-07-15 10:00:00,18.612518
2026-07-15 11:00:00,19.284393
2026-07-15 12:00:00,20.00589
2026-07-15 13:00:00,20.621643
2026-07-15 14:00:00,21.164764
2026-07-15 15:00:00,21.525269
2026-07-15 16:00:00,21.861755
2026-07-15 17:00:00,22.137665
2026-07-15 18:00:00,22.445953
2026-07-15 19:00:00,22.785553
2026-07-15 20:00:00,23.103851
2026-07-15 21:00:00,23.397003
2026-07-15 22:00:00,23.792755
2026-07-15 23:00:00,23.941315
2026-07-16 00:00:00,23.899261
2026-07-16 01:00:00,23.583313
2026-07-16 02:00:00,23.550568
2026-07-16 03:00:00,23.233185
2026-07-16 04:00:00,22.802002
2026-07-16 05:00:00,22.247772
2026-07-16 06:00:00,21.62915
2026-07-16 07:00:00,21.1297
2026-07-16 08:00:00,20.688568
2026-07-16 09:00:00,19.915802
2026-07-16 10:00:00,20.30539
2026-07-16 11:00:00,20.59085
2026-07-16 12:00:00,20.740082
2026-07-16 13:00:00,20.774902
2026-07-16 14:00:00,20.837189
2026-07-16 15:00:00,20.759491
2026-07-16 16:00:00,20.59372
2026-07-16 17:00:00,20.553558
2026-07-16 18:00:00,20.539581
2026-07-16 19:00:00,20.497711
2026-07-16 20:00:00,20.46463
2026-07-16 21:00:00,20.462189
2026-07-16 22:00:00,20.170532
2026-07-16 23:00:00,20.224396
2026-07-17 00:00:00,20.200867
2026-07-17 01:00:00,20.12857
2026-07-17 02:00:00,19.864166
2026-07-17 03:00:00,19.596832
2026-07-17 04:00:00,19.50821
2026-07-17 05:00:00,19.66217
2026-07-17 06:00:00,19.963501
2026-07-17 07:00:00,20.201843
2026-07-17 08:00:00,20.102936
2026-07-17 09:00:00,20.106232
2026-07-17 10:00:00,19.970795
2026-07-17 11:00:00,20.305786
2026-07-17 12:00:00,20.77655
2026-07-17 13:00:00,21.27774
2026-07-17 14:00:00,21.492828
2026-07-17 15:00:00,21.642853
2026-07-17 16:00:00,21.922882
2026-07-17 17:00:00,22.253357
2026-07-17 18:00:00,22.276642
2026-07-17 19:00:00,22.05484
2026-07-17 20:00:00,21.866302
2026-07-17 21:00:00,21.708954
2026-07-17 22:00:00,21.182953
2026-07-17 23:00:00,20.713959
2026-07-18 00:00:00,20.055939
2026-07-18 01:00:00,19.632416
2026-07-18 02:00:00,18.889374
2026-07-18 03:00:00,18.478363
2026-07-18 04:00:00,18.128326
2026-07-18 05:00:00,17.278748
2026-07-18 06:00:00,16.585876
2026-07-18 07:00:00,16.294281
2026-07-18 08:00:00,16.445038
2026-07-18 09:00:00,17.15268
2026-07-18 10:00:00,15.442047
2026-07-18 11:00:00,15.416962
2026-07-18 12:00:00,15.069183
2026-07-18 13:00:00,14.885437
2026-07-18 14:00:00,14.72348
2026-07-18 15:00:00,14.406921
2026-07-18 16:00:00,13.913483
2026-07-18 17:00:00,13.31308
2026-07-18 18:00:00,12.625092
2026-07-18 19:00:00,12.147614
2026-07-18 20:00:00,11.908844
2026-07-18 21:00:00,11.849945
2026-07-18 22:00:00,11.801849
2026-07-18 23:00:00,11.851044
2026-07-19 00:00:00,11.791351
2026-07-19 01:00:00,11.6406555
2026-07-19 02:00:00,11.490997
2026-07-19 03:00:00,11.192657
2026-07-19 04:00:00,11.065765
2026-07-19 05:00:00,11.054749
2026-07-19 06:00:00,11.126373
2026-07-19 07:00:00,11.210968
2026-07-19 08:00:00,11.194397
2026-07-19 09:00:00,11.198608
2026-07-19 10:00:00,10.718964
2026-07-19 11:00:00,10.749481
2026-07-19 12:00:00,10.732208
2026-07-19 13:00:00,10.586517
2026-07-19 14:00:00,10.491913
2026-07-19 15:00:00,10.442352
2026-07-19 16:00:00,10.537018
2026-07-19 17:00:00,10.713135
2026-07-19 18:00:00,11.051239
2026-07-19 19:00:00,11.0694275
2026-07-19 20:00:00,10.922577
2026-07-19 21:00:00,10.814697
2026-07-19 22:00:00,10.248016
2026-07-19 23:00:00,10.320343
2026-07-20 00:00:00,10.627411
2026-07-20 01:00:00,10.889221
2026-07-20 02:00:00,11.113251
2026-07-20 03:00:00,11.116791
2026-07-20 04:00:00,11.054169
2026-07-20 05:00:00,10.819244
2026-07-20 06:00:00,10.489685
2026-07-20 07:00:00,10.504608
2026-07-20 08:00:00,10.965149
2026-07-20 09:00:00,11.285431
2026-07-20 10:00:00,10.578644
2026-07-20 11:00:00,10.717743
2026-07-20 12:00:00,10.866669
2026-07-20 13:00:00,10.990326
2026-07-20 14:00:00,11.21991
2026-07-20 15:00:00,11.640106
2026-07-20 16:00:00,11.755707
2026-07-20 17:00:00,11.702179
2026-07-20 18:00:00,11.657745
2026-07-20 19:00:00,11.668091
2026-07-20 20:00:00,11.908478
2026-07-20 21:00:00,12.403168
2026-07-20 22:00:00,12.645203
2026-07-20 23:00:00,12.664215
2026-07-21 00:00:00,12.66629
2026-07-21 01:00:00,12.662323
2026-07-21 02:00:00,12.594055
2026-07-21 03:00:00,12.397858
2026-07-21 04:00:00,12.079071
2026-07-21 05:00:00,11.679535
2026-07-21 06:00:00,11.288696
2026-07-21 07:00:00,11.135315
2026-07-21 08:00:00,11.936493
2026-07-21 09:00:00,12.655304
2026-07-21 10:00:00,13.253784
2026-07-21 11:00:00,13.845032
2026-07-21 12:00:00,14.389618
2026-07-21 13:00:00,14.853241
2026-07-21 14:00:00,15.356262
2026-07-21 15:00:00,15.4817505
2026-07-21 16:00:00,15.138397
2026-07-21 17:00:00,14.595795
2026-07-21 18:00:00,14.137787
2026-07-21 19:00:00,13.910004
2026-07-21 20:00:00,14.010956
2026-07-21 21:00:00,14.330902
2026-07-21 22:00:00,14.2673645
2026-07-21 23:00:00,14.137726
2026-07-22 00:00:00,13.982452
2026-07-22 01:00:00,14.010468
2026-07-22 02:00:00,14.221588
2026-07-22 03:00:00,14.358398
2026-07-22 04:00:00,14.191925
2026-07-22 05:00:00,13.78949
2026-07-22 06:00:00,13.58078
2026-07-22 07:00:00,13.57724
2026-07-22 08:00:00,13.634918
2026-07-22 09:00:00,13.4583435
2026-07-22 10:00:00,12.504181
2026-07-22 11:00:00,12.618713
2026-07-22 12:00:00,13.052765
2026-07-22 13:00:00,12.754883
2026-07-22 14:00:00,12.7239685
2026-07-22 15:00:00,12.030518
2026-07-22 16:00:00,11.468018
2026-07-22 17:00:00,10.749603
2026-07-22 18:00:00,10.116821
2026-07-22 19:00:00,9.890839
2026-07-22 20:00:00,10.145294
2026-07-22 21:00:00,10.448639
2026-07-22 22:00:00,10.100098
2026-07-22 23:00:00,10.292938
2026-07-23 00:00:00,10.5746765
2026-07-23 01:00:00,10.829712
2026-07-23 02:00:00,10.9852295
2026-07-23 03:00:00,11.114471
2026-07-23 04:00:00,11.045685
2026-07-23 05:00:00,10.798126
2026-07-23 06:00:00,10.632111
2026-07-23 07:00:00,10.262939
2026-07-23 08:00:00,10.501678
2026-07-23 09:00:00,11.202728
2026-07-23 10:00:00,11.629639
2026-07-23 11:00:00,11.74527
2026-07-23 12:00:00,12.096771
2026-07-23 13:00:00,12.319
2026-07-23 14:00:00,12.513702
2026-07-23 15:00:00,12.721161
2026-07-23 16:00:00,12.944
2026-07-23 17:00:00,12.859619
2026-07-23 18:00:00,12.603943
2026-07-23 19:00:00,12.497345
2026-07-23 20:00:00,12.480255
2026-07-23 21:00:00,12.4314575
2026-07-23 22:00:00,12.52359
2026-07-23 23:00:00,12.720306
2026-07-24 00:00:00,13.065704
2026-07-24 01:00:00,13.484436
2026-07-24 02:00:00,13.901764
2026-07-24 03:00:00,14.219543
2026-07-24 04:00:00,14.412384
2026-07-24 05:00:00,14.470825
2026-07-24 06:00:00,14.405548
2026-07-24 07:00:00,14.283356
2026-07-24 08:00:00,13.921539
2026-07-24 09:00:00,14.626251
2026-07-24 10:00:00,14.680267
2026-07-24 11:00:00,15.182007
2026-07-24 12:00:00,15.597839
2026-07-24 13:00:00,16.16748
2026-07-24 14:00:00,16.630798
2026-07-24 15:00:00,16.783875
2026-07-24 16:00:00,17.101074
2026-07-24 17:00:00,17.420013
2026-07-24 18:00:00,17.372711
2026-07-24 19:00:00,16.973053
2026-07-24 20:00:00,16.249023
2026-07-24 21:00:00,15.529205
2026-07-24 22:00:00,14.910004
2026-07-24 23:00:00,14.237793
2026-07-25 00:00:00,13.601715
2026-07-25 01:00:00,13.12677
2026-07-25 02:00:00,12.769928
2026-07-25 03:00:00,12.479218
2026-07-25 04:00:00,12.258636
2026-07-25 05:00:00,12.111847
2026-07-25 06:00:00,12.503632
2026-07-25 07:00:00,13.171204
2026-07-25 08:00:00,13.7127075
2026-07-25 09:00:00,14.127075
2026-07-25 10:00:00,13.869934
2026-07-25 11:00:00,14.093475
2026-07-25 12:00:00,14.466644
2026-07-25 13:00:00,14.74173
2026-07-25 14:00:00,14.769684
2026-07-25 15:00:00,14.627441
2026-07-25 16:00:00,14.429535
2026-07-25 17:00:00,14.156952
2026-07-25 18:00:00,13.90506
2026-07-25 19:00:00,13.864288
2026-07-25 20:00:00,14.01712
2026-07-25 21:00:00,14.194122
2026-07-25 22:00:00,14.126892
2026-07-25 23:00:00,13.735016
2026-07-26 00:00:00,13.4729
2026-07-26 01:00:00,13.378754
2026-07-26 02:00:00,12.991547
2026-07-26 03:00:00,12.733185
2026-07-26 04:00:00,12.562256
2026-07-26 05:00:00,12.421722
2026-07-26 06:00:00,12.516724
2026-07-26 07:00:00,12.544281
2026-07-26 08:00:00,13.1651
2026-07-26 09:00:00,14.071533
2026-07-26 10:00:00,14.149872
2026-07-26 11:00:00,14.826416
2026-07-26 12:00:00,15.394257
2026-07-26 13:00:00,15.598785
2026-07-26 14:00:00,15.773041
2026-07-26 15:00:00,15.92981
2026-07-26 16:00:00,16.054901
2026-07-26 17:00:00,15.945221
2026-07-26 18:00:00,15.796356
2026-07-26 19:00:00,15.717377
2026-07-26 20:00:00,15.721985
2026-07-26 21:00:00,15.754669
2026-07-26 22:00:00,15.290375
2026-07-26 23:00:00,15.051605
2026-07-27 00:00:00,14.663483
2026-07-27 01:00:00,14.1788025
2026-07-27 02:00:00,13.749847
2026-07-27 03:00:00,13.448029
2026-07-27 04:00:00,13.111633
2026-07-27 05:00:00,12.80896
2026-07-27 06:00:00,12.420624
2026-07-27 07:00:00,12.26297
2026-07-27 08:00:00,12.452301
2026-07-27 09:00:00,12.825989
2026-07-27 10:00:00,14.030548
2026-07-27 11:00:00,14.412628
2026-07-27 12:00:00,14.444244
2026-07-27 13:00:00,14.521027
2026-07-27 14:00:00,14.638397
2026-07-27 15:00:00,14.658661
2026-07-27 16:00:00,14.936615
2026-07-27 17:00:00,15.26413
2026-07-27 18:00:00,15.406342
2026-07-27 19:00:00,15.547638
2026-07-27 20:00:00,15.871704
2026-07-27 21:00:00,15.5121155
2026-07-27 22:00:00,14.979645
2026-07-27 23:00:00,14.732513
2026-07-28 00:00:00,14.725311
2026-07-28 01:00:00,14.312439
2026-07-28 02:00:00,14.287476
2026-07-28 03:00:00,14.151581
2026-07-28 04:00:00,13.640289
2026-07-28 05:00:00,13.128754
2026-07-28 06:00:00,12.627777
2026-07-28 07:00:00,12.816315
2026-07-28 08:00:00,13.791168
2026-07-28 09:00:00,14.891022
2026-07-28 10:00:00,15.256012
2026-07-28 11:00:00,15.984192
2026-07-28 12:00:00,16.671967
2026-07-28 13:00:00,17.331482
2026-07-28 14:00:00,17.779236
2026-07-28 15:00:00,17.878845
2026-07-28 16:00:00,17.779358
2026-07-28 17:00:00,17.65918
2026-07-28 18:00:00,17.518951
2026-07-28 19:00:00,17.245636
2026-07-28 20:00:00,16.613617
2026-07-28 21:00:00,16.022736
2026-07-28 22:00:00,15.79892
2026-07-28 23:00:00,15.89035
2026-07-29 00:00:00,15.733795
2026-07-29 01:00:00,15.651886
2026-07-29 02:00:00,15.445648
2026-07-29 03:00:00,14.759613
2026-07-29 04:00:00,14.354187
2026-07-29 05:00:00,14.351288
2026-07-29 06:00:00,14.361603
2026-07-29 07:00:00,14.177216
2026-07-29 08:00:00,14.279999
2026-07-29 09:00:00,15.090088
2026-07-29 10:00:00,15.288269
2026-07-29 11:00:00,15.978851
2026-07-29 12:00:00,16.04187
2026-07-29 13:00:00,16.15564
2026-07-29 14:00:00,16.316315
2026-07-29 15:00:00,16.600128
2026-07-29 16:00:00,16.849884
2026-07-29 17:00:00,17.172516
2026-07-29 18:00:00,17.510406
2026-07-29 19:00:00,17.713562
2026-07-29 20:00:00,17.898651
2026-07-29 21:00:00,18.102753
2026-07-29 22:00:00,18.154419
2026-07-29 23:00:00,18.419373
2026-07-30 00:00:00,18.706451
2026-07-30 01:00:00,18.919464
2026-07-30 02:00:00,19.181915
2026-07-30 03:00:00,19.507172
2026-07-30 04:00:00,19.781403
2026-07-30 05:00:00,19.970795
2026-07-30 06:00:00,20.17154
2026-07-30 07:00:00,20.454071
2026-07-30 08:00:00,20.45987
2026-07-30 09:00:00,20.607025
2026-07-30 10:00:00,20.01236
2026-07-30 11:00:00,20.302216
2026-07-30 12:00:00,20.49646
2026-07-30 13:00:00,20.678925
2026-07-30 14:00:00,20.77951
2026-07-30 15:00:00,20.935608
2026-07-30 16:00:00,21.292236
2026-07-30 17:00:00,21.863037
2026-07-30 18:00:00,22.440063
2026-07-30 19:00:00,22.957245
2026-07-30 20:00:00,23.344086
2026-07-30 21:00:00,23.585693
2026-07-30 22:00:00,23.105621
2026-07-30 23:00:00,23.52945
2026-07-31 00:00:00,23.042542
2026-07-31 01:00:00,21.831482
2026-07-31 02:00:00,21.225128
2026-07-31 03:00:00,20.902618
2026-07-31 04:00:00,19.778503
2026-07-31 05:00:00,17.753265
2026-07-31 06:00:00,16.855255
2026-07-31 07:00:00,16.401825
2026-07-31 08:00:00,16.055664
2026-07-31 09:00:00,15.625061
2026-07-31 10:00:00,16.432465
2026-07-31 11:00:00,17.411652
2026-07-31 12:00:00,18.010712
2026-07-31 13:00:00,18.310272
2026-07-31 14:00:00,18.364166
2026-07-31 15:00:00,18.211456
2026-07-31 16:00:00,17.927917
2026-07-31 17:00:00,17.49887
2026-07-31 18:00:00,17.023376
2026-07-31 19:00:00,16.480072
2026-07-31 20:00:00,15.502563
2026-07-31 21:00:00,14.205536
2026-07-31 22:00:00,13.648285
2026-07-31 23:00:00,13.044647
2026-08-01 00:00:00,12.506073
2026-08-01 01:00:00,12.000824
2026-08-01 02:00:00,11.6449585
2026-08-01 03:00:00,11.414276
2026-08-01 04:00:00,11.208649
2026-08-01 05:00:00,11.047089
2026-08-01 06:00:00,10.75827
2026-08-01 07:00:00,11.111206
2026-08-01 08:00:00,11.862061
2026-08-01 09:00:00,12.762299
2026-08-01 10:00:00,13.141571
2026-08-01 11:00:00,14.057526
2026-08-01 12:00:00,14.888428
2026-08-01 13:00:00,15.421051
2026-08-01 14:00:00,15.795868
2026-08-01 15:00:00,16.013
2026-08-01 16:00:00,16.09497
2026-08-01 17:00:00,16.011475
2026-08-01 18:00:00,15.75708
2026-08-01 19:00:00,15.267853
2026-08-01 20:00:00,14.501984
2026-08-01 21:00:00,13.632416
2026-08-01 22:00:00,12.913849
2026-08-01 23:00:00,12.432648
2026-08-02 00:00:00,11.990021
2026-08-02 01:00:00,11.674164
2026-08-02 02:00:00,11.531738
2026-08-02 03:00:00,11.3992
2026-08-02 04:00:00,11.324829
2026-08-02 05:00:00,11.231049
2026-08-02 06:00:00,10.885284
2026-08-02 07:00:00,11.337952
2026-08-02 08:00:00,12.010529
2026-08-02 09:00:00,12.665009
2026-08-02 10:00:00,12.948822
2026-08-02 11:00:00,13.269196
2026-08-02 12:00:00,13.637482
2026-08-02 13:00:00,14.142609
2026-08-02 14:00:00,14.829895
2026-08-02 15:00:00,15.065582
2026-08-02 16:00:00,14.935822
2026-08-02 17:00:00,14.867584
2026-08-02 18:00:00,14.645233
2026-08-02 19:00:00,14.214935
2026-08-02 20:00:00,13.730743
2026-08-02 21:00:00,13.240692
2026-08-02 22:00:00,13.03833
2026-08-02 23:00:00,12.428894
2026-08-03 00:00:00,11.887573
2026-08-03 01:00:00,11.493439
2026-08-03 02:00:00,11.183044
2026-08-03 03:00:00,10.960602
2026-08-03 04:00:00,10.801361
2026-08-03 05:00:00,10.726837
2026-08-03 06:00:00,10.681793
2026-08-03 07:00:00,11.020264
2026-08-03 08:00:00,11.802643
2026-08-03 09:00:00,12.44809
2026-08-03 10:00:00,12.576477
2026-08-03 11:00:00,13.359528
2026-08-03 12:00:00,13.986511
2026-08-03 13:00:00,14.568085
2026-08-03 14:00:00,15.106232
2026-08-03 15:00:00,15.511566
2026-08-03 16:00:00,15.727844
2026-08-03 17:00:00,15.713104
2026-08-03 18:00:00,15.561859
2026-08-03 19:00:00,15.281464
2026-08-03 20:00:00,14.98288
2026-08-03 21:00:00,14.715424
2026-08-03 22:00:00,14.324127
2026-08-03 23:00:00,14.222717
2026-08-04 00:00:00,14.143616
2026-08-04 01:00:00,14.088715
2026-08-04 02:00:00,13.976135
2026-08-04 03:00:00,13.9216
2026-08-04 04:00:00,13.946136
2026-08-04 05:00:00,13.973572
2026-08-04 06:00:00,13.982452
2026-08-04 07:00:00,13.965057
2026-08-04 08:00:00,13.760437
2026-08-04 09:00:00,14.436371
2026-08-04 10:00:00,15.282898
2026-08-04 11:00:00,15.817352
2026-08-04 12:00:00,16.257324
2026-08-04 13:00:00,16.580536
2026-08-04 14:00:00,16.63446
2026-08-04 15:00:00,16.640533
2026-08-04 16:00:00,16.654633
2026-08-04 17:00:00,16.80655
2026-08-04 18:00:00,17.062836
2026-08-04 19:00:00,17.31192
2026-08-04 20:00:00,17.505035
2026-08-04 21:00:00,17.53543
2026-08-04 22:00:00,17.780182
2026-08-04 23:00:00,17.415802
2026-08-05 00:00:00,17.148895
2026-08-05 01:00:00,17.121124
2026-08-05 02:00:00,17.031708
2026-08-05 03:00:00,16.870087
2026-08-05 04:00:00,16.845703
2026-08-05 05:00:00,16.76355
2026-08-05 06:00:00,16.543121
2026-08-05 07:00:00,16.20224
2026-08-05 08:00:00,15.811859
2026-08-05 09:00:00,16.047394
2026-08-05 10:00:00,16.045624
2026-08-05 11:00:00,16.457977
2026-08-05 12:00:00,17.133026
2026-08-05 13:00:00,17.475433
2026-08-05 14:00:00,17.861847
